unitid,chronname,city,state,level,control,basic,student_count,ft_pct,fte_value,fte_percentile,med_sat_value,med_sat_percentile,aid_value,aid_percentile,endow_value,endow_percentile,grad_100_value,grad_100_percentile,grad_150_value,grad_150_percentile,pell_value,pell_percentile,retain_value,retain_percentile,ft_fac_value,ft_fac_percentile,cohort_size
100654,Alabama A&M University,Normal,Alabama,4-year,Public,Masters Colleges and Universities--larger programs,4051,93.8,3906,33,823,0,7142,72,NULL,NULL,10,15,29.1,14,71.2,98,63.1,17,82.8,89,882
100663,University of Alabama at Birmingham,Birmingham,Alabama,4-year,Public,Research Universities--very high research activity,11502,72.7,10032,67,1146,84,6088,50,24136,93,29.4,67,53.5,66,35.1,39,80.2,70,92.4,98,1376
100690,Amridge University,Montgomery,Alabama,4-year,Private not-for-profit,Baccalaureate Colleges--Arts & Sciences,322,62.7,294,12,NULL,NULL,2540,1,302,1,0,0,66.7,72,68.4,91,37.5,2,67.2,71,3
100706,University of Alabama at Huntsville,Huntsville,Alabama,4-year,Public,Research Universities--very high research activity,5696,74.4,5000,40,1180,89,6647,63,11502,81,16.5,34,48.4,54,32.8,32,81,72,65.5,56,759
100724,Alabama State University,Montgomery,Alabama,4-year,Public,Masters Colleges and Universities--larger programs,5356,91,5035,41,830,1,7256,74,13202,84,8.8,11,25.2,9,82.7,100,62.2,15,67,58,1351
100751,University of Alabama at Tuscaloosa,Tuscaloosa,Alabama,4-year,Public,Research Universities--high research activity,29440,90.2,27148,96,1171,88,10390,94,19469,90,42.7,86,66.7,85,21.1,7,87,87,69.5,64,4438
100760,Central Alabama Community College,Alexander City,Alabama,2-year,Public,Associates--Public Rural-serving Medium,1906,50,1489,21,NULL,NULL,5057,82,229,22,7.7,39,9.1,8,65.1,93,42.7,5,38.3,66,594
100830,Auburn University at Montgomery,Montgomery,Alabama,4-year,Public,Masters Colleges and Universities--larger programs,4322,69.4,3571,30,970,26,4327,10,10736,79,9.9,15,27.1,12,40.1,56,63.2,17,60.1,44,536
100858,Auburn University,Auburn University,Alabama,4-year,Public,Research Universities--high research activity,19799,91,19635,87,1215,93,8875,88,22092,92,37.6,80,67.9,87,16.9,3,89.5,92,88.7,96,4165
100937,Birmingham-Southern College,Birmingham,Alabama,4-year,Private not-for-profit,Baccalaureate Colleges--Arts & Sciences,1188,98.2,1331,47,1177,81,20385,80,37598,70,53.2,67,61.9,64,21.4,16,80.4,65,71.7,76,449
101028,Chattahoochee Valley Community College,Phenix City,Alabama,2-year,Public,Associates--Public Rural-serving Medium,1837,57.3,1431,20,NULL,NULL,4316,62,36,5,7.2,37,13.4,23,61.2,89,51.6,23,26.7,31,276
101073,Concordia College (Ala.),Selma,Alabama,4-year,Private not-for-profit,Baccalaureate Colleges--Diverse Fields,600,90.5,515,20,NULL,NULL,4746,8,NULL,NULL,9.8,4,13.9,2,83.6,97,41,2,61.8,63,122
101116,South University at Montgomery,Montgomery,Alabama,4-year,Private for-profit,Baccalaureate/Associates Colleges,599,51.9,577,49,NULL,NULL,4920,70,NULL,NULL,5.3,10,5.3,1,71.3,59,19.4,1,14.6,40,19
101143,Enterprise State Community College,Enterprise,Alabama,2-year,Public,Associates--Public Rural-serving Medium,2333,56.5,2101,33,NULL,NULL,4936,80,428,37,8.3,44,12.9,21,51.2,74,54.1,33,41.6,71,520
101161,Faulkner State Community College,Bay Minette,Alabama,2-year,Public,Associates--Public Suburban-serving Multicampus,4362,59,3703,55,NULL,NULL,4817,76,NULL,NULL,9.5,50,10,10,48.9,68,52.1,25,38.1,65,1043
101189,Faulkner University,Montgomery,Alabama,4-year,Private not-for-profit,Baccalaureate Colleges--Diverse Fields,2617,68.9,2658,78,NULL,NULL,6697,15,5494,18,10.6,5,22.9,6,58.2,85,50,6,42.4,36,293
101240,Gadsden State Community College,Gadsden,Alabama,2-year,Public,Associates--Public Rural-serving Large,5797,54.9,4650,63,NULL,NULL,4849,77,649,46,7.4,38,14.4,27,60,88,55.9,42,46.3,79,1523
101286,George C. Wallace Community College at Dothan,Dothan,Alabama,2-year,Public,Associates--Public Rural-serving Medium,4686,49,3611,53,NULL,NULL,4941,80,33,4,2.3,5,14.9,28,55.5,81,56,42,59.8,93,953
101295,Wallace State Community College at Hanceville,Hanceville,Alabama,2-year,Public,Associates--Public Rural-serving Medium,5281,55.9,4486,62,NULL,NULL,4815,76,NULL,NULL,11.9,61,19.5,47,50.2,70,63.7,77,33.4,52,1086
101301,Wallace Community College at Selma,Selma,Alabama,2-year,Public,Associates--Public Rural-serving Medium,1745,61.2,1574,23,NULL,NULL,4952,80,NULL,NULL,10.6,55,24.8,66,76.9,98,53.1,29,48.2,82,415
101365,Herzing University at Bimingham,Birmingham,Alabama,4-year,Private for-profit,Baccalaureate Colleges--Diverse Fields,320,50,338,21,NULL,NULL,3781,19,NULL,NULL,0,0,22.2,41,63.7,37,50,38,30.8,75,9
101435,Huntingdon College,Montgomery,Alabama,4-year,Private not-for-profit,Baccalaureate Colleges--Diverse Fields,1110,81.3,1078,39,999,28,11447,36,41486,73,30.4,30,43.2,27,43,62,62,18,36.6,28,257
101462,J.F. Drake State Technical College,Huntsville,Alabama,2-year,Public,Associates--Public Rural-serving Small,1383,45.9,921,9,NULL,NULL,3385,27,NULL,NULL,15.4,72,15.4,30,58.7,86,42.3,5,37,62,228
101480,Jacksonville State University,Jacksonville,Alabama,4-year,Public,Masters Colleges and Universities--larger programs,7588,76.2,6856,53,1036,57,6289,57,1488,18,10.1,16,30.8,18,46.1,74,71.1,40,65.2,55,1252
101499,Jefferson Davis Community College,Brewton,Alabama,2-year,Public,Associates--Public Rural-serving Small,1091,56.6,935,10,NULL,NULL,4363,64,344,33,13.6,68,29.5,80,52.8,77,51.8,24,48.6,83,264
101505,Jefferson State Community College,Birmingham,Alabama,2-year,Public,Associates--Public Urban-serving Multicampus,8542,33.8,6041,74,NULL,NULL,3989,52,196,20,1.8,3,6.5,2,35.8,35,52.4,26,32.1,48,1301
101514,Calhoun Community College,Tanner,Alabama,2-year,Public,Associates--Public Rural-serving Large,11186,38,7911,82,NULL,NULL,4589,70,NULL,NULL,6.2,32,13.3,22,40.3,46,57.5,49,30,42,1432
101541,Judson College (Ala.),Marion,Alabama,4-year,Private not-for-profit,Baccalaureate Colleges--Arts & Sciences,347,75.5,343,13,1023,37,19910,78,44004,75,38,42,40.5,23,47.9,72,59.7,14,45.9,41,79
101569,Lawson State Community College,Birmingham,Alabama,2-year,Public,Associates--Public Urban-serving Multicampus,3028,59,2695,42,NULL,NULL,4127,57,NULL,NULL,18.4,81,18.5,43,68.2,95,52.5,27,39.2,68,1044
101587,University of West Alabama,Livingston,Alabama,4-year,Public,Masters Colleges and Universities--larger programs,1999,84.8,1744,13,950,19,4474,13,97,2,17.9,38,29.8,15,56,89,57.8,8,50.8,30,285
101602,Lurleen B. Wallace Community College,Andalusia,Alabama,2-year,Public,Associates--Public Rural-serving Small,1570,61.9,1338,18,NULL,NULL,4822,76,NULL,NULL,13.2,66,20.6,52,57.5,85,57,47,54.8,90,433
101648,Marion Military Institute,Marion,Alabama,2-year,Public,Associates--Public Rural-serving Small,418,98.3,422,3,1040,100,9624,100,6554,97,23.1,88,24.9,67,44.2,56,38.1,2,75,96,229
101675,Miles College,Fairfield,Alabama,4-year,Private not-for-profit,Baccalaureate Colleges--Diverse Fields,1666,94.7,1681,59,NULL,NULL,6699,15,10086,34,6,2,21.6,5,82.3,97,54.8,10,77.7,81,486
101693,University of Mobile,Mobile,Alabama,4-year,Private not-for-profit,Baccalaureate Colleges--Diverse Fields,1481,84.9,1341,48,1058,51,8727,23,14086,43,32.9,34,49.3,39,50.3,77,77.3,56,58.2,58,207
101709,University of Montevallo,Montevallo,Alabama,4-year,Public,Masters Colleges and Universities--medium programs,2618,89.8,2455,20,1070,65,7109,72,5870,62,23.8,55,44.9,46,41.4,61,73.7,49,57.6,41,483
101736,Northwest-Shoals Community College,Muscle Shoals,Alabama,2-year,Public,Associates--Public Rural-serving Medium,3854,47.7,2702,42,NULL,NULL,3729,40,278,27,2.2,5,12.7,20,52.3,77,52.6,28,50.3,85,834
101879,University of North Alabama,Florence,Alabama,4-year,Public,Masters Colleges and Universities--larger programs,5881,81.5,5292,43,1028,50,4620,15,4290,51,12.3,20,32.2,20,41.9,64,70.8,40,68.9,62,1023
101897,Northeast Alabama Community College,Rainsville,Alabama,2-year,Public,Associates--Public Rural-serving Medium,2834,51.2,2409,38,NULL,NULL,4890,79,33,4,9.5,50,24,63,62.8,91,61.4,67,36,60,671
101912,Oakwood University,Huntsville,Alabama,4-year,Private not-for-profit,Baccalaureate Colleges--Diverse Fields,1861,95.2,1777,61,924,9,6868,16,5665,19,18.8,12,36.8,16,50.7,78,78.8,60,76.9,80,451
101949,Alabama Southern Community College,Monroeville,Alabama,2-year,Public,Associates--Public Rural-serving Small,1349,65.7,1124,13,NULL,NULL,4750,75,NULL,NULL,17.1,77,23.4,61,56,82,56.7,46,36.8,62,432
101958,Prince Institute-Southeast,Montgomery,Alabama,2-year,Private for-profit,Associates--Private For-profit,102,100,133,5,NULL,NULL,4221,45,NULL,NULL,15.8,17,25.4,6,64.5,37,83.3,88,80,89,114
101994,Reid State Technical College,Evergreen,Alabama,2-year,Public,Associates--Public Rural-serving Small,517,50.3,673,6,NULL,NULL,4162,57,NULL,NULL,19,82,34.3,89,70.1,96,48.8,14,66.7,95,105
102030,Bishop State Community College,Mobile,Alabama,2-year,Public,Associates--Public Urban-serving Multicampus,3896,55.7,2822,44,NULL,NULL,4061,54,53,6,7.2,37,11,13,63.5,92,41.2,4,53.8,89,556
102049,Samford University,Birmingham,Alabama,4-year,Private not-for-profit,Masters Colleges and Universities--medium programs,3013,94.6,3100,84,1153,77,13261,47,60561,82,48.9,60,69.2,76,14.9,6,86.7,80,63.7,65,711
102058,Selma University,Selma,Alabama,4-year,Private not-for-profit,Theological seminaries- Bible colleges- and other faith-related institutions,582,78.2,433,17,NULL,NULL,2379,1,NULL,NULL,2,0,11.3,2,75,93,42,2,81,84,150
102067,Shelton State Community College,Tuscaloosa,Alabama,2-year,Public,Associates--Public Rural-serving Large,5068,48.7,4106,58,NULL,NULL,3626,35,NULL,NULL,4.3,18,8.2,5,52.2,76,58.5,54,41.4,70,923
102076,Snead State Community College,Boaz,Alabama,2-year,Public,Associates--Public Rural-serving Medium,2295,67.1,2023,31,NULL,NULL,5164,83,1269,63,7,36,32.2,85,57.4,84,59.4,58,29.9,41,597
102094,University of South Alabama,Mobile,Alabama,4-year,Public,Research Universities--high research activity,11307,77.5,10289,68,1064,64,6250,55,11350,81,14.1,26,33.2,21,37.4,46,67.9,30,68.6,61,1418
102234,Spring Hill College,Mobile,Alabama,4-year,Private not-for-profit,Masters Colleges and Universities--smaller programs,1292,93.3,1225,44,1100,65,18715,74,15871,47,47.1,58,56.3,52,33.3,40,75.6,51,56.2,55,380
102261,Southeastern Bible College,Birmingham,Alabama,4-year,Private not-for-profit,Theological seminaries- Bible colleges- and other faith-related institutions,161,80.7,149,4,970,20,5457,11,10059,34,8,3,24,6,60.9,87,64.3,22,35,25,25
102270,Stillman College,Tuscaloosa,Alabama,4-year,Private not-for-profit,Baccalaureate Colleges--Arts & Sciences,863,93.6,940,34,882,5,7526,18,19434,53,16.9,10,26.2,7,74.3,93,61.2,17,87.9,89,378
102298,Talladega College,Talladega,Alabama,4-year,Private not-for-profit,Baccalaureate Colleges--Arts & Sciences,932,91.1,542,21,NULL,NULL,16234,64,6100,21,82.4,94,82.4,91,96.6,100,32.9,1,81.1,84,125
102313,Trenholm State Technical College,Montgomery,Alabama,2-year,Public,Associates--Public Rural-serving Small,1351,52.6,1275,16,NULL,NULL,3409,28,NULL,NULL,19.8,84,32.7,86,61,89,49.8,18,64.4,94,278
102368,Troy University,Troy,Alabama,4-year,Public,Masters Colleges and Universities--larger programs,16316,56,13261,76,NULL,NULL,5321,34,33,1,13.3,23,35.5,24,47.6,78,73.9,50,37.4,12,1667
102377,Tuskegee University,Tuskegee,Alabama,4-year,Private not-for-profit,Baccalaureate Colleges--Diverse Fields,2584,95.5,2606,77,937,12,4792,8,37366,70,16.7,9,43.8,28,64.5,89,72.4,42,100,95,796
102429,Bevill State Community College,Jasper,Alabama,2-year,Public,Associates--Public Rural-serving Medium,3490,51.8,2970,46,NULL,NULL,4296,62,50,6,6.3,32,13.9,25,58.4,86,58.1,51,34.6,56,1006
102553,University of Alaska at Anchorage,Anchorage,Alaska,4-year,Public,Masters Colleges and Universities--larger programs,16380,46.9,11469,72,NULL,NULL,4830,22,4018,49,8.7,11,27.8,12,24.7,13,70.6,39,47.4,22,952
102614,University of Alaska at Fairbanks,Fairbanks,Alaska,4-year,Public,Research Universities--high research activity,7989,45.7,5545,45,NULL,NULL,5315,34,12346,83,14.1,26,37.3,28,23.5,11,76.9,60,69.4,64,523
102632,University of Alaska-Southeast,Juneau,Alaska,4-year,Public,Masters Colleges and Universities--smaller programs,2645,31,1544,11,NULL,NULL,4688,18,2108,27,4.1,2,12.2,1,18.3,4,71.6,42,47.5,23,49
102669,Alaska Pacific University,Anchorage,Alaska,4-year,Private not-for-profit,Masters Colleges and Universities--smaller programs,387,63.3,342,13,1008,31,7508,18,192792,93,25,20,40,22,27.9,29,66.7,26,37.6,29,40
102845,Charter College,Anchorage,Alaska,4-year,Private for-profit,Baccalaureate/Associates Colleges,2191,100,2983,92,NULL,NULL,3310,7,NULL,NULL,21.9,54,21.9,40,66,41,43.3,28,21.2,57,128
103361,Prince William Sound Community College,Valdez,Alaska,2-year,Public,Associates--Public Rural-serving Medium,471,11.7,263,1,NULL,NULL,2930,15,220,22,15.4,72,19.2,46,20.9,6,40,3,22.2,17,26
103644,Everest College,Phoenix,Arizona,4-year,Private for-profit,Associates--Private For-profit 4-year Primarily Associates,2761,53.9,2008,88,NULL,NULL,4689,62,NULL,NULL,15.3,38,23.7,44,82.6,91,NULL,NULL,14.1,37,59
103893,Carrington College at Phoenix,Phoenix,Arizona,4-year,Private for-profit,Associates--Private For-profit,676,100,573,48,NULL,NULL,3736,16,NULL,NULL,NULL,NULL,NULL,NULL,72.6,63,NULL,NULL,53.6,91,NULL
103909,Carrington College-Mesa,Mesa,Arizona,2-year,Private for-profit,Not applicable- not in Carnegie universe,691,90.3,767,70,NULL,NULL,4077,37,NULL,NULL,10.6,11,68.4,70,73,58,71.8,62,24,22,414
103927,Carrington College-Tucson,Tucson,Arizona,2-year,Private for-profit,Not applicable- not in Carnegie universe,440,99.3,379,37,NULL,NULL,3556,16,NULL,NULL,4,2,63,56,65.1,39,72.7,65,42.1,54,481
103945,CollegeAmerica at Flagstaff,Flagstaff,Arizona,4-year,Private not-for-profit,Associates--Private For-profit,209,100,401,16,NULL,NULL,3651,4,NULL,NULL,NULL,NULL,NULL,NULL,84.3,97,65.2,23,64.3,66,NULL
104090,International Institute of the Americas at Glendale,Phoenix,Arizona,4-year,Private for-profit,Baccalaureate/Associates Colleges,828,100,736,61,NULL,NULL,4191,41,NULL,NULL,37.5,82,42.9,81,66.1,42,44.7,32,14.8,40,56
104151,Arizona State University at Tempe,Tempe,Arizona,4-year,Public,Research Universities--very high research activity,38730,90.3,38789,99,1145,83,8503,86,8058,72,37.7,80,59.5,76,33.8,35,84.4,82,87.6,95,7308
104160,Arizona Western College,Yuma,Arizona,2-year,Public,Associates--Public Rural-serving Large,8000,35,5538,71,NULL,NULL,5138,83,309,31,10.2,53,17.5,39,58,85,62.5,72,31.1,46,954
104179,University of Arizona,Tucson,Arizona,4-year,Public,Research Universities--very high research activity,31670,89.7,30837,98,1106,77,10381,94,15972,87,39.9,82,61.4,79,32.7,32,81.5,73,76.4,77,6231
104188,Art Center Design College (Ariz.),Tucson,Arizona,4-year,Private for-profit,Schools of art- music- and design,216,58.3,277,14,NULL,NULL,2616,2,NULL,NULL,10,23,33.3,65,53.1,17,84.6,88,56.5,92,30
104346,Central Arizona College,Coolidge,Arizona,2-year,Public,Associates--Public Suburban-serving Multicampus,6445,33,4893,66,NULL,NULL,3603,34,847,53,18.3,81,18.3,42,46.4,62,49.3,16,21.4,15,514
104364,Brown Mackie College - Tucson,Tucson,Arizona,4-year,Private for-profit,Baccalaureate Colleges--Diverse Fields,684,100,685,58,NULL,NULL,4235,44,NULL,NULL,20,48,20,34,83.5,93,0,0,6.7,9,5
104425,Cochise College,Douglas,Arizona,2-year,Public,Associates--Public Rural-serving Large,4453,37,7909,82,NULL,NULL,4089,55,665,47,10.2,53,18.3,42,30.8,22,56,42,24.9,25,481
104577,Eastern Arizona College,Thatcher,Arizona,2-year,Public,Associates--Public Rural-serving Large,6602,29.6,3810,56,NULL,NULL,4717,74,NULL,NULL,13.6,68,22.1,56,19.8,6,54.1,33,25.7,28,818
104586,Embry-Riddle Aeronautical University at Prescott,Prescott,Arizona,4-year,Private not-for-profit,Baccalaureate Colleges--Diverse Fields,1879,93.3,1674,59,1171,80,10781,33,11293,37,36.8,40,59.1,58,28.8,31,82.8,72,70.2,73,399
104708,Glendale Community College (Ariz.),Glendale,Arizona,2-year,Public,Associates--Public Urban-serving Multicampus,20872,34.6,12558,93,NULL,NULL,3411,28,NULL,NULL,5.5,28,12.2,17,38.1,41,59.5,59,31.4,47,2235
104717,Grand Canyon University,Phoenix,Arizona,4-year,Private for-profit,Masters Colleges and Universities--larger programs,35205,22.7,27695,99,NULL,NULL,7117,95,NULL,NULL,24.1,59,30.4,60,52.6,16,58.8,57,11,27,112
104805,Anthem College at Phoenix,Phoenix,Arizona,4-year,Private for-profit,Associates--Private For-profit 4-year Primarily Associates,2238,100,3081,93,NULL,NULL,4745,65,NULL,NULL,32.4,74,70.6,94,77.9,81,87.5,89,49.4,90,34
105118,Kaplan College (Phoenix),Phoenix,Arizona,2-year,Private for-profit,Associates--Private For-profit,93,100,523,53,NULL,NULL,3676,19,NULL,NULL,0,0,62.8,55,51.5,21,77.8,76,22.2,19,253
105145,Gateway Community College,Phoenix,Arizona,2-year,Public,Associates--Public Urban-serving Multicampus,6440,20.9,3415,51,NULL,NULL,2822,13,NULL,NULL,7.5,39,13.3,22,33.7,30,55.3,39,28,35,240
105154,Mesa Community College,Mesa,Arizona,2-year,Public,Associates--Public Urban-serving Multicampus,23678,31.9,14734,95,NULL,NULL,3225,22,NULL,NULL,5.3,26,12.5,18,37.3,39,56.3,44,29.1,39,2417
105163,ITT Technical Institute at Tucson,Tucson,Arizona,4-year,Private for-profit,Other technology-related schools,409,74.6,468,36,NULL,NULL,4364,50,NULL,NULL,25,60,25,48,73,65,NULL,NULL,11.1,28,8
105172,ITT Technical Institute at Tempe,Tempe,Arizona,4-year,Private for-profit,Other technology-related schools,498,78.7,575,48,NULL,NULL,4519,56,NULL,NULL,0,0,6.2,2,68,47,0,0,11.4,28,16
105206,Mohave Community College,Kingman,Arizona,2-year,Public,Associates--Public Suburban-serving Multicampus,5227,27.4,3309,50,NULL,NULL,6417,94,1135,60,18.1,80,18.1,41,47.7,65,52.9,28,20.7,13,254
105297,Dine College,Tsaile,Arizona,4-year,Public,Tribal Colleges,1466,62.2,1357,8,NULL,NULL,4746,19,3400,43,NULL,NULL,NULL,NULL,82.2,100,80,70,100,99,NULL
105330,Northern Arizona University,Flagstaff,Arizona,4-year,Public,Research Universities--high research activity,22160,83.8,21724,91,1050,59,7224,74,4163,50,30.2,69,49.3,56,37.8,47,71.8,43,61.2,46,2877
105349,Northland Pioneer College,Holbrook,Arizona,2-year,Public,Associates--Public Rural-serving Large,3233,20.8,1964,30,NULL,NULL,2982,17,6,1,5.4,27,10.7,12,29.4,19,26.4,0,32.2,48,149
105428,Phoenix College,Phoenix,Arizona,2-year,Public,Associates--Public Urban-serving Multicampus,12676,27,7001,79,NULL,NULL,3349,26,NULL,NULL,4.8,21,10.8,13,47.3,64,60.3,62,21,14,734
105516,University of Phoenix Phoenix Hokokam Campus,Tempe,Arizona,4-year,Private for-profit,Masters Colleges and Universities--larger programs,3099,100,2721,92,NULL,NULL,4529,57,NULL,NULL,0,0,15.9,23,52.4,16,46.1,34,5.6,6,328
105525,Pima Community College,Tucson,Arizona,2-year,Public,Associates--Public Urban-serving Multicampus,30082,35.8,18794,98,NULL,NULL,3573,34,240,24,3.3,11,6.8,2,32.7,27,60.7,64,27.3,33,2204
105534,Pima Medical Institute at Tucson,Tucson,Arizona,4-year,Private for-profit,Associates--Private For-profit,1726,100,2357,90,NULL,NULL,5577,85,NULL,NULL,NULL,NULL,NULL,NULL,49,13,80.6,84,39.4,85,NULL
105543,Pima Medical Institute at Albuquerque,Albuquerque,New Mexico,2-year,Private for-profit,Associates--Private For-profit,930,100,1393,89,NULL,NULL,5501,83,NULL,NULL,26,30,69.5,72,61.8,33,72.9,66,35.4,43,960
105589,Prescott College,Prescott,Arizona,4-year,Private not-for-profit,Masters Colleges and Universities--smaller programs,545,81.5,680,25,1094,63,11847,38,1166,4,23.2,17,37.7,17,45.5,68,73.4,45,67,71,69
105659,Refrigeration School,Phoenix,Arizona,2-year,Private for-profit,Associates--Private For-profit,621,100,842,75,NULL,NULL,4183,43,NULL,NULL,33.3,41,69.1,71,64.5,37,69.4,54,90.5,93,627
105668,Rio Salado College,Tempe,Arizona,2-year,Public,Associates--Public Urban-serving Multicampus,21472,14.2,15333,96,NULL,NULL,2470,6,NULL,NULL,15.2,72,17.2,37,25.6,12,19.2,0,2.3,0,343
105747,Scottsdale Community College,Scottsdale,Arizona,2-year,Public,Associates--Public Urban-serving Single Campus,10313,30.6,6030,74,NULL,NULL,3242,23,NULL,NULL,6.7,34,15.1,29,22,7,57.6,49,30.2,43,996
105792,South Mountain Community College,Phoenix,Arizona,2-year,Public,Associates--Public Urban-serving Multicampus,4718,30.5,2737,43,NULL,NULL,3271,24,NULL,NULL,9.4,50,16,33,50.5,71,59.4,58,26.3,30,424
105899,Arizona Christian University,Phoenix,Arizona,4-year,Private not-for-profit,Baccalaureate Colleges--Diverse Fields,635,71.5,526,20,1045,45,18596,74,3657,12,28.1,25,47.4,35,32.8,40,68.1,30,20.5,8,57
106041,Universal Technical Institute,Avondale,Arizona,2-year,Private for-profit,Associates--Private For-profit,2337,100,3860,99,NULL,NULL,3808,24,NULL,NULL,25.1,29,65,61,48.1,17,70.7,58,100,94,1467
106102,Western International University,Tempe,Arizona,4-year,Private for-profit,Masters Colleges and Universities--medium programs,1497,100,985,71,NULL,NULL,5123,75,NULL,NULL,12.6,30,18,28,38.6,5,17.9,1,1.8,0,206
106148,Yavapai College,Prescott,Arizona,2-year,Public,Associates--Public Rural-serving Large,8197,27.1,4258,60,NULL,NULL,5727,89,2040,78,11.8,61,16.7,35,31.4,24,62.6,72,52.6,87,450
106245,University of Arkansas at Little Rock,Little Rock,Arkansas,4-year,Public,Doctoral/Research Universities,9970,55.7,7814,56,1077,68,6619,62,7674,70,7,6,21.4,6,40.3,57,69.7,36,60.9,45,812
106306,Arkansas Baptist College,Little Rock,Arkansas,4-year,Private not-for-profit,Baccalaureate/Associates Colleges,1027,84.4,877,31,NULL,NULL,9942,28,NULL,NULL,4.5,2,8.6,1,71.1,92,39.5,2,63.6,65,359
106342,Lyon College,Batesville,Arkansas,4-year,Private not-for-profit,Baccalaureate Colleges--Arts & Sciences,592,94.9,559,21,1142,74,16486,65,79323,84,43.4,51,49.7,40,46.2,69,69.8,34,70.7,74,143
106397,University of Arkansas at Fayetteville,Fayetteville,Arkansas,4-year,Public,Research Universities--very high research activity,21009,88.4,19445,87,1156,86,7137,72,36209,95,36.7,78,60.1,77,24.3,13,82.1,75,86.2,93,2877
106412,University of Arkansas at Pine Bluff,Pine Bluff,Arkansas,4-year,Public,Baccalaureate Colleges--Diverse Fields,2521,91.2,2494,21,842,2,7549,78,681,7,5.6,4,25.8,10,69.9,97,56.2,7,81.1,86,786
106449,Arkansas State University at Beebe,Beebe,Arkansas,2-year,Public,Associates--Public 2-year colleges under 4-year universities,4380,50.7,3387,51,NULL,NULL,4123,57,43,6,24,89,35,89,31.6,24,54.9,37,49.2,84,808
106458,Arkansas State University,Jonesboro,Arkansas,4-year,Public,Masters Colleges and Universities--larger programs,10098,75.7,9242,64,1088,72,7744,80,3440,43,18.7,40,35.7,25,46.2,74,73.1,47,73.9,74,1655
106467,Arkansas Tech University,Russellville,Arkansas,4-year,Public,Masters Colleges and Universities--larger programs,10482,67.4,8398,59,1008,41,6455,59,2252,30,20.6,45,40.7,35,45.6,72,69.4,35,61.6,47,1348
106485,University of Arkansas at Monticello,Monticello,Arkansas,4-year,Public,Masters Colleges and Universities--smaller programs,3706,66.8,3031,26,NULL,NULL,6197,54,824,9,10.3,16,22,7,64.7,96,42.4,1,72.7,72,504
106625,Black River Technical College,Pocahontas,Arkansas,2-year,Public,Associates--Public Rural-serving Medium,2248,62.8,1906,29,NULL,NULL,4429,66,NULL,NULL,8.4,45,14.4,27,64.1,92,59.1,56,51.7,86,451
106704,University of Central Arkansas,Conway,Arkansas,4-year,Public,Masters Colleges and Universities--larger programs,9754,84.9,8908,62,1070,65,7764,81,2317,30,20.5,45,41.5,37,39.4,54,69.8,36,73.7,73,1763
106713,Central Baptist College,Conway,Arkansas,4-year,Private not-for-profit,Baccalaureate Colleges--Diverse Fields,827,78.6,742,27,974,21,7195,17,3390,11,18.9,12,37.8,17,45.3,68,67.3,28,40.3,32,37
106795,Cossatot Community College of the University of Arkansas,De Queen,Arkansas,2-year,Public,Associates--Public 2-year colleges under 4-year universities,1597,40.8,1011,11,NULL,NULL,4695,73,76,8,17.8,79,22.2,57,38.2,42,59,56,45.2,77,180
106810,Crowley's Ridge College,Paragould,Arkansas,4-year,Private not-for-profit,Associates--Private Not-for-profit 4-year Primarily Associates,200,71.5,147,4,NULL,NULL,7711,19,8865,29,NULL,NULL,NULL,NULL,44.3,65,66.1,25,45.8,41,NULL
106883,East Arkansas Community College,Forrest City,Arkansas,2-year,Public,Associates--Public Rural-serving Small,1386,44,919,9,NULL,NULL,3845,45,304,30,7.7,39,12,16,41.6,49,45.2,8,32,48,234
106980,National Park Community College,Hot Springs,Arkansas,2-year,Public,Associates--Public Rural-serving Medium,3246,47,2237,36,NULL,NULL,3905,48,385,35,11.4,59,19.7,48,60.3,88,48.7,14,48.6,83,456
106999,University of Arkansas Community College at Batesville,Batesville,Arkansas,2-year,Public,Associates--Public 2-year colleges under 4-year universities,1353,57.9,1051,12,NULL,NULL,5976,91,NULL,NULL,10.3,54,25.8,70,63.3,92,47.7,12,43.8,75,271
107044,Harding University,Searcy,Arkansas,4-year,Private not-for-profit,Masters Colleges and Universities--larger programs,4428,92.7,4300,90,1139,74,9188,25,18798,51,40.4,46,62.2,64,26.3,26,82.3,71,69.6,73,960
107071,Henderson State University,Arkadelphia,Arkansas,4-year,Public,Masters Colleges and Universities--medium programs,3199,90,3197,27,1011,45,7599,79,4174,50,13.6,24,28.6,13,53,86,57.2,8,67.8,60,784
107080,Hendrix College,Conway,Arkansas,4-year,Private not-for-profit,Baccalaureate Colleges--Arts & Sciences,1431,99.4,1438,51,1267,89,26484,92,118930,89,63.3,80,69.6,77,17.9,10,87.8,83,66.7,70,365
107141,John Brown University,Siloam Springs,Arkansas,4-year,Private not-for-profit,Baccalaureate Colleges--Diverse Fields,2080,75.5,1752,61,1144,75,13360,47,38304,71,55.4,71,65.4,71,31.8,37,82.4,71,37.4,29,361
107318,Mid-South Community College,West Memphis,Arkansas,2-year,Public,Associates--Public Suburban-serving Single Campus,1793,39.2,1217,15,NULL,NULL,4194,58,1763,73,2.5,7,8.1,5,58.2,85,40,3,33.1,51,284
107327,Arkansas Northeastern College,Blytheville,Arkansas,2-year,Public,Associates--Public Rural-serving Medium,1425,43.4,1149,14,NULL,NULL,4417,65,3180,87,20.4,85,20.4,51,50.2,70,56.7,46,75.6,97,333
107460,North Arkansas College,Harrison,Arkansas,2-year,Public,Associates--Public Rural-serving Medium,2167,49.8,1744,26,NULL,NULL,6544,94,2148,79,12.1,62,23.8,63,61.5,90,50.8,20,46.4,80,471
107512,Ouachita Baptist University,Arkadelphia,Arkansas,4-year,Private not-for-profit,Baccalaureate Colleges--Arts & Sciences,1543,97.7,1536,53,1090,62,15553,60,54781,80,48.1,59,60.2,61,27,28,76.3,53,71.4,75,372
107521,Ouachita Technical College,Malvern,Arkansas,2-year,Public,Associates--Public Rural-serving Small,1501,38.9,923,9,NULL,NULL,3546,33,NULL,NULL,9.3,49,23.3,61,37,38,48.7,14,34.6,56,172
107549,Ozarka College,Melbourne,Arkansas,2-year,Public,Associates--Public Rural-serving Small,1489,58.6,1251,15,NULL,NULL,6773,96,1182,62,13.1,66,22,56,70.9,97,53.8,32,42.4,72,305
107558,University of the Ozarks,Clarksville,Arkansas,4-year,Private not-for-profit,Baccalaureate Colleges--Diverse Fields,585,97.6,598,22,1057,51,19284,76,154110,92,34.3,36,48.3,37,39.1,55,69.4,33,78.3,82,178
107585,University of Arkansas Community College at Morrilton,Morrilton,Arkansas,2-year,Public,Associates--Public 2-year colleges under 4-year universities,2149,59.1,1705,25,930,71,3444,29,19,3,14.3,70,27.6,75,67.2,94,54.7,35,63.4,94,537
107600,Philander Smith College,Little Rock,Arkansas,4-year,Private not-for-profit,Baccalaureate Colleges--Diverse Fields,556,94.1,624,23,NULL,NULL,9696,27,15423,46,20.2,14,45,31,72.8,93,54.3,10,56.5,55,129
107619,Phillips Community College of the University of Arkansas,Helena,Arkansas,2-year,Public,Associates--Public 2-year colleges under 4-year universities,2029,37.3,1151,14,NULL,NULL,3898,48,NULL,NULL,14.2,70,24.5,65,39.6,45,55.7,41,67.3,95,204
107637,Southeast Arkansas College,Pine Bluff,Arkansas,2-year,Public,Associates--Public Rural-serving Medium,1601,53.1,1251,15,NULL,NULL,4359,64,435,37,12.5,64,12.5,18,58.6,86,45.2,8,39.1,67,313
107664,Pulaski Technical College,North Little Rock,Arkansas,2-year,Public,Associates--Public Urban-serving Single Campus,10527,48.1,8396,84,NULL,NULL,3588,34,160,14,4.9,22,12.6,19,57.4,84,51.5,23,34.1,54,996
107725,University of Arkansas Community College at Hope,Hope,Arkansas,2-year,Public,Associates--Public 2-year colleges under 4-year universities,1460,50.1,1054,12,NULL,NULL,4169,58,2041,78,13.1,66,23.3,61,61.9,90,52.9,28,44,75,236
107743,Rich Mountain Community College,Mena,Arkansas,2-year,Public,Associates--Public Rural-serving Small,957,42.9,636,6,NULL,NULL,4811,76,NULL,NULL,11.1,58,22.2,57,38.9,43,60.1,61,30.4,43,144
107877,Williams Baptist College,Walnut Ridge,Arkansas,4-year,Private not-for-profit,Baccalaureate Colleges--Diverse Fields,574,84.7,516,20,1001,29,10699,32,20167,54,24.2,19,39.4,21,52.7,80,58.8,14,58,57,132
107974,South Arkansas Community College,El Dorado,Arkansas,2-year,Public,Associates--Public Rural-serving Small,1632,43.9,1310,17,NULL,NULL,3976,51,1019,58,5.2,25,10.4,11,51,73,50.6,20,49.5,84,173
107983,Southern Arkansas University,Magnolia,Arkansas,4-year,Public,Masters Colleges and Universities--medium programs,2960,84.4,2681,23,989,32,8377,85,1061,12,13.5,24,30.4,16,51.5,85,64.3,19,65.6,56,481
107992,Southern Arkansas University Tech,Camden,Arkansas,2-year,Public,Associates--Public 2-year colleges under 4-year universities,1730,37.7,1316,17,NULL,NULL,4568,70,642,46,17.4,78,41.6,94,32.2,26,57.4,48,52.2,87,190
108092,University of Arkansas at Fort Smith,Fort Smith,Arkansas,4-year,Public,Baccalaureate/Associates Colleges,7170,71.4,6103,49,1028,50,6161,53,11489,81,9.3,13,24.1,8,50.5,84,62.2,15,54.3,35,572
108232,Academy of Art University,San Francisco,California,4-year,Private for-profit,Schools of art- music- and design,10508,54.5,8062,97,NULL,NULL,6474,92,NULL,NULL,5.3,10,32.7,64,42.4,7,71,75,18.9,51,700
108250,ITT Technical Institute at Rancho Cordova,Rancho Cordova,California,4-year,Private for-profit,Other technology-related schools,510,75.9,574,48,NULL,NULL,4314,48,NULL,NULL,0,0,0,0,66.2,42,NULL,NULL,18.2,49,5
108667,College of Alameda,Alameda,California,2-year,Public,Associates--Public Urban-serving Multicampus,5799,12.3,3071,47,NULL,NULL,2067,3,NULL,NULL,9.4,50,26.7,72,22,7,62.2,70,36.2,61,202
108807,Allan Hancock College,Santa Maria,California,2-year,Public,Associates--Public Rural-serving Large,10885,31.2,6639,77,NULL,NULL,2459,6,2463,82,8.6,47,26.9,73,24.2,10,72,93,26.1,29,923
108852,"American Academy of Dramatic Arts, Los Angeles Campus",Los Angeles,California,2-year,Private not-for-profit,Associates--Private Not-for-profit,258,100,276,49,NULL,NULL,7167,79,6196,52,60.4,70,60.4,60,41.6,25,63.3,46,18.6,13,91
109040,American Career College,Los Angeles,California,2-year,Private for-profit,Associates--Private For-profit,1770,100,1320,88,NULL,NULL,4129,40,NULL,NULL,14.3,15,61.2,50,70.6,52,64.1,40,40.4,52,1842
109208,American River College,Sacramento,California,2-year,Public,Associates--Public Urban-serving Multicampus,29701,25.5,20452,99,NULL,NULL,2396,6,NULL,NULL,7.7,39,26.7,72,28.6,18,68.3,87,38.9,67,1389
109350,Antelope Valley College,Lancaster,California,2-year,Public,Associates--Public Suburban-serving Single Campus,14262,31.6,9206,86,NULL,NULL,3350,26,279,28,5.5,28,28.6,77,51.1,73,74.3,96,31.6,47,1009
109651,Art Center College of Design,Pasadena,California,4-year,Private not-for-profit,Schools of art- music- and design,1767,84.8,2072,68,NULL,NULL,11688,37,29713,65,30.7,30,64.4,69,36.9,49,80.4,65,24.9,13,101
109785,Azusa Pacific University,Azusa,California,4-year,Private not-for-profit,Doctoral/Research Universities,6543,86.9,6038,94,1098,64,12979,44,6604,22,47.1,58,64.9,70,28.6,30,82.3,71,43.1,37,848
109819,Bakersfield College,Bakersfield,California,2-year,Public,Associates--Public Urban-serving Multicampus,17770,31.6,10325,89,NULL,NULL,2947,16,NULL,NULL,5.9,30,17.5,39,39,43,71.3,92,53.7,89,1569
109907,Barstow Community College,Barstow,California,2-year,Public,Associates--Public Suburban-serving Single Campus,3211,36.5,2120,33,NULL,NULL,3225,22,179,18,6.7,34,17.2,37,49.4,69,53.7,32,25.7,28,163
110060,Bethesda Christian University,Anaheim,California,4-year,Private not-for-profit,Theological seminaries- Bible colleges- and other faith-related institutions,259,78.8,217,8,NULL,NULL,4692,7,NULL,NULL,65.2,82,78.3,86,75,93,92.9,91,12,3,46
110097,Biola University,La Mirada,California,4-year,Private not-for-profit,Doctoral/Research Universities,4331,96.6,4274,90,1123,71,23604,88,17473,50,48.8,60,68.2,75,31,35,85,77,54.7,52,789
110185,Brooks Institute,Santa Barbara,California,4-year,Private for-profit,Schools of art- music- and design,492,78.3,745,61,NULL,NULL,5507,84,NULL,NULL,35.3,78,36.5,73,42.8,7,77.3,81,40.5,85,156
110219,Bryan College at Los Angeles,Los Angeles,California,4-year,Private for-profit,Associates--Private For-profit,879,100,1585,84,NULL,NULL,5700,86,NULL,NULL,NULL,NULL,NULL,NULL,58.9,27,NULL,NULL,41.7,86,NULL
110246,Butte College,Oroville,California,2-year,Public,Associates--Public Rural-serving Large,12163,47.8,8649,85,NULL,NULL,3653,36,244,24,10.7,56,28.6,77,49.3,69,70.4,91,26.4,30,1199
110334,Cabrillo College,Aptos,California,2-year,Public,Associates--Public Rural-serving Large,13666,33.8,7729,82,NULL,NULL,2696,10,2168,79,6.8,34,27.4,74,24.8,11,74,96,37,62,857
110361,California Baptist University,Riverside,California,4-year,Private not-for-profit,Masters Colleges and Universities--larger programs,5797,87.7,5056,92,984,24,12018,39,2304,8,40.9,47,58.1,56,47.8,72,76.8,55,46.3,41,489
110370,California College of the Arts,San Francisco,California,4-year,Private not-for-profit,Schools of art- music- and design,1502,93.9,1434,51,NULL,NULL,17703,71,16075,47,31.2,31,61.8,63,32.4,39,81.9,70,15.6,5,186
110404,California Institute of Technology,Pasadena,California,4-year,Private not-for-profit,Research Universities--very high research activity,977,100,978,35,1534,100,29314,94,872856,99,82.3,94,93.1,98,10.6,1,96.6,97,97.6,94,231
110413,California Lutheran University,Thousand Oaks,California,4-year,Private not-for-profit,Masters Colleges and Universities--larger programs,2888,94.1,2812,80,1108,67,14864,56,14701,44,61.3,78,70,77,25.8,25,84.8,76,40.8,33,424
110422,California Polytechnic State University at San Luis Obispo,San Luis Obispo,California,4-year,Public,Masters Colleges and Universities--larger programs,18739,96.4,16661,82,1242,95,7499,77,10629,79,29,67,69.7,89,19.8,5,92.5,96,68.5,61,4419
110468,Alliant International University-San Diego,San Diego,California,4-year,Private not-for-profit,Doctoral/Research Universities,917,19.5,227,8,NULL,NULL,6587,15,414,1,NULL,NULL,NULL,NULL,32.3,39,75,49,79.4,82,NULL
110486,California State University at Bakersfield,Bakersfield,California,4-year,Public,Masters Colleges and Universities--larger programs,7350,88.7,6915,53,901,9,11089,95,2668,35,15,29,39.5,32,58.4,92,74.4,52,65.1,55,859
110495,California State University-Stanislaus,Turlock,California,4-year,Public,Masters Colleges and Universities--larger programs,7754,84.4,6243,50,917,11,9087,90,1455,18,18.2,39,52,63,57.7,91,87.2,88,56.3,38,910
110510,California State University at San Bernardino,San Bernardino,California,4-year,Public,Masters Colleges and Universities--larger programs,16191,88.3,14586,79,888,6,9354,92,1353,16,9.4,13,41.1,36,58,91,88.8,91,50.5,29,1656
110529,California State Polytechnic University at Pomona,Pomona,California,4-year,Public,Masters Colleges and Universities--larger programs,20952,87.9,17439,84,1070,65,8932,89,3819,47,10,15,52.4,64,44,69,90,92,48.8,26,3414
110538,California State University at Chico,Chico,California,4-year,Public,Masters Colleges and Universities--larger programs,15290,92.9,14249,78,1014,46,9124,91,2401,32,16.9,35,56.1,71,38.9,52,86.6,86,52.8,33,2710
110547,California State University-Dominguez Hills,Carson,California,4-year,Public,Masters Colleges and Universities--larger programs,12481,68.7,8683,61,845,2,8895,88,1234,14,3.8,2,29.4,14,58.6,92,79.3,68,38.8,14,913
110556,California State University at Fresno,Fresno,California,4-year,Public,Masters Colleges and Universities--larger programs,20295,86.6,17363,83,920,12,9343,91,7161,68,13.7,25,48.6,55,54.1,87,83.2,79,51.8,31,2552
110565,California State University at Fullerton,Fullerton,California,4-year,Public,Masters Colleges and Universities--larger programs,33116,80.6,26806,96,1021,48,8616,87,1476,18,13.6,24,53.5,66,40.6,58,88.5,91,46.2,20,4040
110574,California State University-East Bay,Hayward,California,4-year,Public,Masters Colleges and Universities--larger programs,12146,86.8,11053,71,910,10,9038,90,825,9,10.8,17,38.1,30,44.3,70,77.5,62,41.6,16,1032
110583,California State University at Long Beach,Long Beach,California,4-year,Public,Masters Colleges and Universities--larger programs,30593,84.4,25679,95,1012,45,8779,88,1788,22,14.1,26,60.3,77,47.3,77,88.8,91,50.3,29,4134
110592,California State University at Los Angeles,Los Angeles,California,4-year,Public,Masters Colleges and Universities--larger programs,19589,83.1,15805,80,871,5,9061,90,989,11,6.7,6,35.7,25,64.5,95,82.1,75,50,28,1767
110608,California State University at Northridge,Northridge,California,4-year,Public,Masters Colleges and Universities--larger programs,33771,83.5,25175,94,918,12,9439,92,2387,31,13.2,22,45.8,49,48.5,80,78.2,65,46,20,3978
110617,California State University at Sacramento,Sacramento,California,4-year,Public,Masters Colleges and Universities--larger programs,26094,80.8,20490,89,945,18,8939,89,1303,15,8.2,10,42.9,41,50.5,84,82.5,77,48.9,26,2357
110635,University of California at Berkeley,Berkeley,California,4-year,Public,Research Universities--very high research activity,25951,97.2,27568,96,1350,99,15764,99,36917,96,72.2,99,91,100,32.4,31,96.4,99,74.7,75,4226
110644,University of California at Davis,Davis,California,4-year,Public,Research Universities--very high research activity,26533,97.3,25844,95,1192,90,15201,98,7855,71,51.3,91,81.3,96,43,66,92.9,96,81.5,87,4943
110653,University of California at Irvine,Irvine,California,4-year,Public,Research Universities--very high research activity,23530,98.3,23595,93,1122,80,16066,99,8945,75,67.6,98,85.8,98,43.2,67,91.8,95,77.4,79,4917
110662,University of California at Los Angeles,Los Angeles,California,4-year,Public,Research Universities--very high research activity,28674,97.9,28634,97,1289,98,16288,100,34375,95,69,99,90.3,99,36.2,43,96.3,99,77.2,79,4562
110671,University of California at Riverside,Riverside,California,4-year,Public,Research Universities--very high research activity,18621,97.8,18145,84,1078,69,16330,100,5387,60,41,83,66.2,83,56.4,90,89,92,81.4,87,3701
110680,University of California at San Diego,La Jolla,California,4-year,Public,Research Universities--very high research activity,23805,97.3,23961,93,1276,97,15989,99,15714,87,56.2,93,85.8,98,42.7,65,94.2,97,81.7,87,4141
110705,University of California at Santa Barbara,Santa Barbara,California,4-year,Public,Research Universities--very high research activity,19362,98.5,19593,87,1212,92,15852,99,5527,60,67.9,98,80.7,95,38,48,91.9,95,80,83,4321
110714,University of California at Santa Cruz,Santa Cruz,California,4-year,Public,Research Universities--very high research activity,15695,97.6,16216,81,1087,71,17299,100,3473,43,50.1,90,72.7,91,44.6,70,88.8,91,68.9,62,3604
110945,California College San Diego,San Diego,California,4-year,Private not-for-profit,Other health professions schools,762,100,1577,55,NULL,NULL,16917,67,NULL,NULL,44.6,53,44.6,30,71.6,92,27.4,1,20.3,8,316
111009,California Culinary Academy,San Francisco,California,2-year,Private for-profit,Associates--Private For-profit,489,100,733,69,NULL,NULL,4865,69,NULL,NULL,40,51,62.4,54,40.7,10,79.4,81,66.7,81,380
111081,California Institute of the Arts,Valencia,California,4-year,Private not-for-profit,Schools of art- music- and design,995,98.7,948,34,NULL,NULL,15152,57,80806,85,51.5,64,57.5,55,33.4,41,85,77,55.9,55,134
111188,California Maritime Academy,Vallejo,California,4-year,Public,Baccalaureate Colleges--Diverse Fields,1045,96.5,1209,7,1080,69,9009,89,4413,52,42.6,85,58.7,75,37.6,47,82.1,75,66.3,57,155
111434,Canada College,Redwood City,California,2-year,Public,Associates--Public Suburban-serving Multicampus,6620,18.2,3446,52,NULL,NULL,2009,2,NULL,NULL,5,24,14.4,27,15.7,2,65.6,82,29.4,40,298
111461,College of the Canyons,Santa Clarita,California,2-year,Public,Associates--Public Suburban-serving Single Campus,18508,34.8,11307,91,NULL,NULL,2840,13,150,13,8.1,43,28.8,78,22.8,9,76.2,97,25.4,27,1085
111638,Casa Loma College at Van Nuys,Van Nuys,California,2-year,Private not-for-profit,Associates--Private Not-for-profit,606,100,877,90,NULL,NULL,3756,30,NULL,NULL,11.1,11,59.5,57,70.6,67,62.5,45,55,56,126
111887,Cerritos College,Norwalk,California,2-year,Public,Associates--Public Suburban-serving Single Campus,21404,32.5,13090,94,NULL,NULL,3146,20,NULL,NULL,7.1,37,24.3,65,47.1,64,73.8,95,34.5,55,1336
111896,Cerro Coso Community College,Ridgecrest,California,2-year,Public,Associates--Public Urban-serving Multicampus,4523,20.9,2420,39,NULL,NULL,2383,6,NULL,NULL,3.8,14,13.5,23,17.6,3,57.6,49,36.9,62,237
111920,Chabot College,Hayward,California,2-year,Public,Associates--Public Suburban-serving Multicampus,13142,30,7610,81,NULL,NULL,2519,7,NULL,NULL,8.1,43,25.6,69,25.5,12,77.3,98,41,70,1023
111939,Chaffey College,Rancho Cucamonga,California,2-year,Public,Associates--Public Suburban-serving Multicampus,19211,29.5,10496,89,NULL,NULL,2792,12,NULL,NULL,5.7,29,21,53,36.8,37,73.2,94,23.7,22,1166
111948,Chapman University,Orange,California,4-year,Private not-for-profit,Masters Colleges and Universities--larger programs,6005,95.8,5964,94,1208,84,22359,86,29744,65,59.4,76,76.1,85,20.3,15,90.7,88,47.4,43,933
111966,Charles Drew University of Medicine and Science,Los Angeles,California,4-year,Private not-for-profit,Other health professions schools,85,48.2,85,1,734,0,6823,16,93043,86,NULL,NULL,NULL,NULL,51.9,79,100,99,33.2,22,NULL
112075,Concordia University (Calif.),Irvine,California,4-year,Private not-for-profit,Masters Colleges and Universities--larger programs,1944,89.8,1842,63,1020,36,13623,49,3240,11,53.7,68,62.6,65,25,23,76.3,53,26.4,14,227
112084,San Diego Christian College,El Cajon,California,4-year,Private not-for-profit,Baccalaureate Colleges--Arts & Sciences,892,89.1,767,28,986,25,9931,28,821,3,31.2,31,41.2,24,64.7,89,68.3,30,20.4,8,80
112172,Citrus College,Glendora,California,2-year,Public,Associates--Public Suburban-serving Single Campus,12920,38.2,8456,84,NULL,NULL,2907,15,284,28,12.1,62,30.2,82,32.5,27,72.4,94,38.9,67,857
112190,City College of San Francisco,San Francisco,California,2-year,Public,Associates--Public Urban-serving Multicampus,26706,34.4,17569,97,NULL,NULL,2946,16,NULL,NULL,10.3,54,31.3,84,25.8,13,68.3,87,43.9,75,1461
112260,Claremont McKenna College,Claremont,California,4-year,Private not-for-profit,Baccalaureate Colleges--Arts & Sciences,1316,99.7,1272,45,1397,96,35994,98,456319,98,83.6,95,92.5,97,11.6,2,96.2,96,92,92,268
112385,Coastline Community College,Fountain Valley,California,2-year,Public,Associates--Public Suburban-serving Multicampus,10378,14.2,4591,63,NULL,NULL,1697,1,184,18,7.1,37,16.4,35,17.5,3,61.1,66,14.7,3,140
112394,Cogswell Polytechnical College,Sunnyvale,California,4-year,Private for-profit,Baccalaureate Colleges--Diverse Fields,462,68.2,332,19,NULL,NULL,9008,98,NULL,NULL,18.8,46,31.2,61,39.9,6,80.4,84,100,98,16
112446,Coleman University,San Diego,California,4-year,Private not-for-profit,Baccalaureate/Associates Colleges,532,81.4,878,31,NULL,NULL,5040,9,NULL,NULL,100,100,100,100,48.7,74,NULL,NULL,32.5,21,1
112561,Columbia College at Sonora,Sonora,California,2-year,Public,Associates--Public Rural-serving Medium,2626,32.1,1523,22,NULL,NULL,2619,9,195,20,5.6,28,16.4,35,28.8,18,57.8,50,30.7,45,250
112570,Columbia College Hollywood,Tarzana,California,4-year,Private not-for-profit,Schools of art- music- and design,314,90.8,368,15,NULL,NULL,5238,10,NULL,NULL,31.5,32,48.1,37,48.5,73,63.6,20,1.3,0,54
112686,El Camino College Compton Center,Compton,California,2-year,Public,Associates--Public Suburban-serving Single Campus,7693,24.6,4506,62,NULL,NULL,2592,8,NULL,NULL,4.6,20,15.1,29,22.7,8,63.2,75,34.1,54,371
112826,Contra Costa College,San Pablo,California,2-year,Public,Associates--Public Suburban-serving Multicampus,6865,31.4,4249,60,NULL,NULL,2944,15,839,53,6.9,35,23.5,61,28.6,18,67.1,85,28.9,38,361
113096,Cosumnes River College,Sacramento,California,2-year,Public,Associates--Public Urban-serving Multicampus,13949,23.9,9327,86,NULL,NULL,2096,3,NULL,NULL,8,42,24.6,66,24.3,11,77,98,42.3,72,805
113111,Crafton Hills College,Yucaipa,California,2-year,Public,Associates--Public Urban-serving Multicampus,5697,34.9,3222,49,NULL,NULL,2831,13,NULL,NULL,7.2,37,23.6,62,20.2,6,71.2,92,44,75,461
113193,Cuesta College,San Luis Obispo,California,2-year,Public,Associates--Public Rural-serving Large,9256,41.5,6518,76,NULL,NULL,2295,5,1118,60,11.7,61,33.2,87,16.8,3,64.1,78,34.4,55,1095
113218,Cuyamaca College,El Cajon,California,2-year,Public,Associates--Public Suburban-serving Multicampus,8859,23.7,4270,60,NULL,NULL,2421,6,NULL,NULL,3.7,13,18,41,26,13,72.3,94,20,11,654
113236,Cypress College,Cypress,California,2-year,Public,Associates--Public Suburban-serving Multicampus,15881,32,8732,85,NULL,NULL,2525,7,NULL,NULL,8.6,47,32,85,26.5,14,73.3,95,31.5,47,1080
113333,De Anza College,Cupertino,California,2-year,Public,Associates--Public Suburban-serving Multicampus,23261,46.3,16729,97,NULL,NULL,2662,10,671,47,45.1,98,60.1,99,15.9,2,79,99,35.8,59,2230
113573,College of the Desert,Palm Desert,California,2-year,Public,Associates--Public Suburban-serving Multicampus,9259,39.2,5686,72,NULL,NULL,3280,24,3495,89,4.2,17,22.2,57,45.4,59,75.1,97,24.3,23,819
113582,Design Institute of San Diego,San Diego,California,4-year,Private for-profit,Schools of art- music- and design,181,65.7,185,6,NULL,NULL,4830,67,NULL,NULL,0,0,66.7,93,57.8,25,62.5,62,7.1,11,12
113634,Diablo Valley College,Pleasant Hill,California,2-year,Public,Associates--Public Suburban-serving Multicampus,20286,37.9,13015,94,NULL,NULL,2477,7,293,29,15.7,73,39.5,93,13.9,1,71.6,93,34.6,56,1251
113698,Dominican University of California,San Rafael,California,4-year,Private not-for-profit,Masters Colleges and Universities--medium programs,1603,81,1484,52,1057,51,18931,74,14139,43,36,40,52.9,45,32.3,39,85.7,78,28.5,16,297
113856,East Los Angeles College,Monterey Park,California,2-year,Public,Associates--Public Urban-serving Multicampus,36606,19.4,17297,97,NULL,NULL,2797,12,NULL,NULL,10.5,55,27.6,75,27.3,16,73.2,94,35.3,58,1528
113980,El Camino College,Torrance,California,2-year,Public,Associates--Public Suburban-serving Single Campus,23996,32.8,13952,95,NULL,NULL,2601,9,NULL,NULL,10,52,30,81,25.8,13,78.9,99,37.5,63,1809
114123,Empire College School of Business,Santa Rosa,California,2-year,Private for-profit,Associates--Private For-profit,419,97.6,323,31,NULL,NULL,3035,5,NULL,NULL,95.8,99,97.1,99,31.9,4,80.5,83,31.7,36,715
114266,Evergreen Valley College,San Jose,California,2-year,Public,Associates--Public Urban-serving Multicampus,9211,30.3,5539,71,NULL,NULL,3076,18,NULL,NULL,5.3,26,29.1,79,31.5,24,73.8,95,34.6,56,581
114354,Fashion Institute of Design and Merchandising at Los Angeles,Los Angeles,California,4-year,Private for-profit,Schools of art- music- and design,3459,88.8,3705,94,NULL,NULL,7006,94,NULL,NULL,47.5,89,79.7,95,31.8,3,93.5,91,24.4,66,118
114390,Fashion Institute of Design & Merchandising-San Francisco,San Francisco,California,4-year,Private for-profit,Associates--Private For-profit,637,91.1,658,56,NULL,NULL,7249,95,NULL,NULL,NULL,NULL,NULL,NULL,35.3,4,100,91,16.1,45,NULL
114415,Fashion Institute of Design & Merchandising-Orange County,Irvine,California,2-year,Private for-profit,Associates--Private For-profit,214,95.8,269,25,NULL,NULL,7374,96,NULL,NULL,NULL,NULL,NULL,NULL,46.4,15,78.8,79,23.8,22,NULL
114433,Feather River College,Quincy,California,2-year,Public,Associates--Public Rural-serving Medium,1782,35.7,1171,14,NULL,NULL,3335,25,34,4,17.7,79,28.7,77,32.1,25,52.4,26,50.7,85,237
114716,Foothill College,Los Altos Hills,California,2-year,Public,Associates--Public Suburban-serving Multicampus,14814,35.5,9635,87,NULL,NULL,2027,2,820,52,50.7,98,61.8,99,8.6,0,70.7,91,33.9,53,1017
114789,Fresno City College,Fresno,California,2-year,Public,Associates--Public Urban-serving Multicampus,21344,36.6,12994,94,NULL,NULL,2876,14,400,35,4.4,19,15.4,30,38.2,42,64.8,80,38,65,2075
114813,Fresno Pacific University,Fresno,California,4-year,Private not-for-profit,Masters Colleges and Universities--medium programs,2586,82.6,2393,74,979,23,16397,64,3713,13,42.8,50,54.1,48,57.6,85,82.6,72,26.2,14,194
114859,Fullerton College,Fullerton,California,2-year,Public,Associates--Public Suburban-serving Multicampus,24301,34.7,11124,91,NULL,NULL,2623,9,NULL,NULL,5.3,26,21,53,24.9,12,75.3,97,32.4,49,1689
114938,Gavilan College,Gilroy,California,2-year,Public,Associates--Public Suburban-serving Single Campus,5834,31.8,3327,50,NULL,NULL,2713,10,NULL,NULL,6.4,32,25,67,23.3,9,68.7,88,24.6,24,440
115001,Glendale Community College (Calif.),Glendale,California,2-year,Public,Associates--Public Suburban-serving Single Campus,15744,45.5,11348,91,NULL,NULL,3373,27,828,53,5.6,28,19.3,46,41,48,77,98,31.3,46,1718
115126,Golden West College,Huntington Beach,California,2-year,Public,Associates--Public Suburban-serving Multicampus,12717,35.7,7358,80,NULL,NULL,2807,12,199,21,8.5,46,30,81,27.7,17,73,94,30,42,1228
115296,Grossmont College,El Cajon,California,2-year,Public,Associates--Public Suburban-serving Multicampus,18618,35.7,10461,89,NULL,NULL,2325,5,NULL,NULL,4.2,17,22.7,59,22.8,9,69.1,89,25.2,26,1623
115393,Hartnell College,Salinas,California,2-year,Public,Associates--Public Rural-serving Large,9439,36.2,5506,71,NULL,NULL,2902,14,856,54,7.8,40,22.5,58,32.3,26,73.2,94,30.5,44,653
115409,Harvey Mudd College,Claremont,California,4-year,Private not-for-profit,Baccalaureate Colleges--Arts & Sciences,807,99.8,788,29,1483,99,26108,92,306579,96,85.7,96,90.8,96,13.1,3,99.5,99,89.6,91,196
115454,Heald College at Rancho Cordova,Rancho Cordova,California,2-year,Private for-profit,Associates--Private For-profit,1150,77.2,1444,91,NULL,NULL,5518,83,NULL,NULL,28,33,31,10,78.9,71,63,35,61.7,76,100
115472,Heald College at Fresno,Fresno,California,2-year,Private for-profit,Associates--Private For-profit,1791,74.9,2199,97,NULL,NULL,5146,75,NULL,NULL,31.2,39,32.7,11,88.9,90,57.3,24,32.7,38,199
115490,Heald College at Milpitas,Milpitas,California,2-year,Private for-profit,Associates--Private For-profit,1671,70,1975,96,NULL,NULL,5101,75,NULL,NULL,38,49,39,16,75.9,64,72,63,39.3,50,100
115515,Heald College at San Francisco,San Francisco,California,2-year,Private for-profit,Associates--Private For-profit,1074,64.5,1230,86,NULL,NULL,4776,65,NULL,NULL,30.5,36,31.6,10,73.7,59,56.9,22,35.1,42,95
115533,Heald College at Concord,Concord,California,2-year,Private for-profit,Associates--Private For-profit,1503,73.9,1720,95,NULL,NULL,5114,75,NULL,NULL,31.1,38,34.9,13,76.1,65,73.7,67,46.7,60,106
115728,Holy Names University,Oakland,California,4-year,Private not-for-profit,Masters Colleges and Universities--medium programs,888,76.2,817,30,910,7,18990,75,10735,35,24.7,20,35.5,14,46.2,69,74,46,23.9,12,93
115755,Humboldt State University,Arcata,California,4-year,Public,Masters Colleges and Universities--medium programs,7767,93.4,7081,54,1008,41,8748,88,3387,42,10.8,17,40,33,51.6,85,77.6,62,54.1,35,1039
115773,Humphreys College,Stockton,California,4-year,Private not-for-profit,Baccalaureate Colleges--Diverse Fields,757,53.1,1136,41,NULL,NULL,12778,43,129,1,52.4,66,71.4,79,75.5,94,69.2,33,100,95,21
115861,Imperial Valley College,Imperial,California,2-year,Public,Associates--Public Rural-serving Large,7701,49.8,5313,70,NULL,NULL,3906,48,233,23,3.1,10,17.3,38,56.2,82,74.7,96,49.5,84,973
116439,Irvine Valley College,Irvine,California,2-year,Public,Associates--Public Suburban-serving Multicampus,13362,33.6,8005,83,NULL,NULL,2240,4,NULL,NULL,16.8,77,37.7,92,12.5,1,78.8,99,24,22,1065
116466,ITT Technical Institute at San Diego,National City,California,4-year,Private for-profit,Other technology-related schools,1209,87.9,1394,81,NULL,NULL,3810,20,NULL,NULL,10.7,26,25,48,60.6,30,NULL,NULL,10.5,25,28
116475,ITT Technical Institute at San Dimas,San Dimas,California,4-year,Private for-profit,Other technology-related schools,534,84.1,510,40,NULL,NULL,4751,65,NULL,NULL,8.3,16,16.7,25,76.1,76,NULL,NULL,10,22,24
116484,ITT Technical Institute at Anaheim,Orange,California,4-year,Private for-profit,Other technology-related schools,823,79.3,971,70,NULL,NULL,4951,71,NULL,NULL,0,0,0,0,72.4,63,NULL,NULL,13.7,36,12
116846,American Jewish University,Los Angeles,California,4-year,Private not-for-profit,Baccalaureate Colleges--Arts & Sciences,112,96.4,118,3,NULL,NULL,15926,62,86488,86,68.8,85,81.2,89,30.7,35,83.3,74,100,95,32
117052,Reedley College,Reedley,California,2-year,Public,Associates--Public Urban-serving Multicampus,13807,38.6,8144,83,NULL,NULL,2740,11,157,14,9.3,49,22.3,57,31.3,23,67.3,86,33.3,52,1841
117104,Life Pacific College,San Dimas,California,4-year,Private not-for-profit,Theological seminaries- Bible colleges- and other faith-related institutions,577,69.7,437,17,930,11,5940,13,6382,21,39,44,48.8,38,39.4,56,62.8,19,18.8,7,41
117113,Art Institute of California-San Diego,San Diego,California,4-year,Private for-profit,Schools of art- music- and design,1869,78.4,2180,89,NULL,NULL,5769,87,NULL,NULL,40.3,86,43.7,82,61.8,33,62,62,23.9,64,263
117140,University of La Verne,La Verne,California,4-year,Private not-for-profit,Doctoral/Research Universities,5216,69.8,4476,91,1035,42,16346,64,6673,23,38.6,43,59.3,58,46.5,70,87.9,83,30.6,19,334
117168,Laguna College of Art & Design,Laguna Beach,California,4-year,Private not-for-profit,Schools of art- music- and design,514,90.7,433,17,NULL,NULL,8409,22,3749,13,53.3,67,63.3,67,41.1,58,84.2,75,100,95,30
117195,Lake Tahoe Community College,South Lake Tahoe,California,2-year,Public,Associates--Public Suburban-serving Single Campus,2426,31.5,1316,17,NULL,NULL,2233,4,327,32,21.1,86,33.1,87,22.4,8,59.3,58,24.4,24,133
117247,Laney College,Oakland,California,2-year,Public,Associates--Public Urban-serving Multicampus,11362,16.8,5668,72,NULL,NULL,2321,5,NULL,NULL,10,52,20.6,52,22.6,8,57.3,48,30.5,44,291
117274,Lassen Community College,Susanville,California,2-year,Public,Associates--Public Rural-serving Medium,2494,24.1,1329,18,NULL,NULL,1890,2,NULL,NULL,10.1,53,16.2,34,20.1,6,47.5,11,32.1,48,179
117557,Lincoln University (Calif.),Oakland,California,4-year,Private not-for-profit,Masters Colleges and Universities--smaller programs,116,55.2,77,1,NULL,NULL,13091,45,NULL,NULL,0,0,75.8,84,36.8,49,73.3,44,26.7,15,33
117627,La Sierra University,Riverside,California,4-year,Private not-for-profit,Masters Colleges and Universities--medium programs,2105,90.8,1959,66,926,10,23877,88,7322,25,29.7,28,58.9,58,48.2,73,76.2,53,87.9,89,192
117645,Long Beach City College,Long Beach,California,2-year,Public,Associates--Public Urban-serving Multicampus,24020,39.7,15602,96,NULL,NULL,3222,22,NULL,NULL,4.9,22,18,41,44,56,73.2,94,28.9,38,1880
117690,Los Angeles Harbor College,Wilmington,California,2-year,Public,Associates--Public Urban-serving Multicampus,10098,25.1,5285,69,NULL,NULL,2886,14,NULL,NULL,7.6,39,19.3,46,34.8,32,69,89,30.7,45,622
117706,Los Angeles Pierce College,Woodland Hills,California,2-year,Public,Associates--Public Urban-serving Multicampus,20080,22.4,10996,90,NULL,NULL,2945,16,NULL,NULL,8.5,46,27.1,73,33.7,30,74.8,96,28.5,36,1119
117715,Los Angeles Southwest College,Los Angeles,California,2-year,Public,Associates--Public Urban-serving Multicampus,7864,17,3247,49,NULL,NULL,2658,10,NULL,NULL,1.2,1,10.1,11,37.8,41,59.9,60,28.3,35,248
117724,Los Angeles Trade-Technical College,Los Angeles,California,2-year,Public,Associates--Public Urban-serving Multicampus,13879,24.8,7421,81,NULL,NULL,2759,11,NULL,NULL,7.9,41,18.8,45,37.1,38,63.7,77,42.2,72,629
117733,Los Angeles Valley College,Valley Glen,California,2-year,Public,Associates--Public Urban-serving Multicampus,18762,24.1,9459,87,NULL,NULL,2582,8,NULL,NULL,4.7,20,18.1,41,31.9,25,75.7,97,30,42,919
117751,Master's College and Seminary,Santa Clarita,California,4-year,Private not-for-profit,Baccalaureate Colleges--Diverse Fields,1112,88.2,1271,45,1104,66,16164,63,9560,32,47.8,58,53.6,47,30.5,34,80.8,66,32,21,207
117788,Los Angeles City College,Los Angeles,California,2-year,Public,Associates--Public Urban-serving Multicampus,19635,22.7,10027,88,NULL,NULL,2594,8,NULL,NULL,3.1,10,13.9,25,32.8,27,61.4,67,32,48,620
117867,Los Angeles Mission College,Sylmar,California,2-year,Public,Associates--Public Urban-serving Multicampus,8990,21.6,4825,65,NULL,NULL,2671,10,NULL,NULL,1.8,3,11.7,15,33.7,30,69.5,90,26.8,31,565
117894,Los Medanos College,Pittsburg,California,2-year,Public,Associates--Public Suburban-serving Multicampus,8525,31.8,5289,69,NULL,NULL,2783,11,189,19,8,42,30.1,82,27.1,15,71.9,93,38.2,66,599
117928,Art Institute of California at San Francisco,San Francisco,California,4-year,Private for-profit,Schools of art- music- and design,1304,62.3,1334,80,NULL,NULL,5858,88,NULL,NULL,20.1,50,36.5,73,59.9,29,54.5,51,18.7,50,189
117946,Loyola Marymount University,Los Angeles,California,4-year,Private not-for-profit,Masters Colleges and Universities--larger programs,6205,95.6,5743,93,1202,84,18403,73,48767,78,66.8,84,75.8,84,19.2,13,91.4,89,50.4,47,1266
118198,MTI College (Calif.),Sacramento,California,2-year,Private for-profit,Associates--Private For-profit,594,100,953,78,NULL,NULL,3513,14,NULL,NULL,70.5,87,70.5,74,65.4,40,67.3,49,33.7,41,370
118259,Kaplan College at Sacramento,Sacramento,California,2-year,Private for-profit,Associates--Private For-profit,547,100,895,77,NULL,NULL,3995,33,NULL,NULL,0,0,73.5,79,57.3,27,83.9,90,11.6,7,324
118277,Kaplan College - San Diego,San Diego,California,2-year,Private for-profit,Associates--Private For-profit,1354,100,1700,95,NULL,NULL,3599,17,NULL,NULL,0,0,78.7,88,36.3,7,83.6,90,54.2,68,380
118286,Kaplan College at Vista,Vista,California,2-year,Private for-profit,Associates--Private For-profit,896,100,1367,88,NULL,NULL,3692,19,NULL,NULL,0,0,78.9,88,34.6,6,88.5,96,34.5,41,744
118347,College of Marin,Kentfield,California,2-year,Public,Associates--Public Suburban-serving Multicampus,6077,21.1,4489,62,NULL,NULL,3928,49,254,25,10.9,57,29.9,81,24.6,11,71.1,92,33.2,51,274
118541,Marymount College (Calif.),Rancho Palos Verdes,California,4-year,Private not-for-profit,Associates--Private Not-for-profit,1033,97,932,33,NULL,NULL,20031,79,8804,29,NULL,NULL,NULL,NULL,40.6,57,66.5,26,24.8,12,NULL
118684,Mendocino College,Ukiah,California,2-year,Public,Associates--Public Rural-serving Large,3729,33.7,2263,36,NULL,NULL,3259,23,3682,90,3.6,13,18,41,35.8,35,65.8,82,17.8,7,167
118693,Menlo College,Atherton,California,4-year,Private not-for-profit,Baccalaureate Colleges--Diverse Fields,745,95.6,723,26,1001,29,20690,81,38268,71,28,25,40.8,23,33.3,40,81.5,69,34.9,25,157
118718,Merced College,Merced,California,2-year,Public,Associates--Public Rural-serving Large,10205,47.8,6973,78,NULL,NULL,3447,30,907,55,4.1,16,15.5,30,47.3,64,73.7,95,35.4,58,1229
118772,Merritt College,Oakland,California,2-year,Public,Associates--Public Urban-serving Multicampus,5887,14.2,2842,45,NULL,NULL,2196,4,NULL,NULL,4.2,17,12.5,18,22.3,8,50.3,19,35.2,58,192
118888,Mills College,Oakland,California,4-year,Private not-for-profit,Masters Colleges and Universities--medium programs,985,93.6,926,33,1151,76,24770,89,111600,88,53,66,61.6,63,46.7,70,81.2,68,56.5,55,185
118912,MiraCosta Community College District,Oceanside,California,2-year,Public,Associates--Public Suburban-serving Multicampus,14537,44.3,11189,91,NULL,NULL,2084,3,439,37,10.7,56,27.4,74,12,1,67,85,26.8,31,1208
118930,Mission College,Santa Clara,California,2-year,Public,Associates--Public Suburban-serving Multicampus,9130,26.5,5625,71,NULL,NULL,2975,16,NULL,NULL,7.7,39,28,75,25.3,12,70.4,91,42.3,72,440
118976,Modesto Junior College,Modesto,California,2-year,Public,Associates--Public Rural-serving Large,17084,36.5,10635,89,NULL,NULL,3000,17,596,43,3.3,11,17.4,38,39,43,70.6,91,41.8,71,1320
119067,Monterey Peninsula College,Monterey,California,2-year,Public,Associates--Public Rural-serving Large,9519,24.4,4588,63,NULL,NULL,2592,8,NULL,NULL,6.5,33,23.7,62,13,1,65.9,83,27.8,34,494
119137,Moorpark College,Moorpark,California,2-year,Public,Associates--Public Urban-serving Multicampus,14206,40.2,9338,87,NULL,NULL,2515,7,NULL,NULL,14.3,70,37.3,92,17.6,3,74.9,96,32.9,50,1632
119164,Mt. San Antonio College,Walnut,California,2-year,Public,Associates--Public Suburban-serving Single Campus,28481,36.9,19891,99,NULL,NULL,3159,20,NULL,NULL,8.3,44,28.9,78,38.6,42,78.9,99,32.1,48,2599
119173,Mount St. Mary's College,Los Angeles,California,4-year,Private not-for-profit,Masters Colleges and Universities--smaller programs,2625,79.7,2157,70,928,10,18321,73,42905,74,51.7,65,65.6,71,58.7,86,79.2,62,28.1,16,180
119216,Mt. San Jacinto College,San Jacinto,California,2-year,Public,Associates--Public Suburban-serving Multicampus,14170,36,9516,87,NULL,NULL,2547,7,239,24,4.9,22,21.7,55,36.4,36,69.7,90,17.7,7,858
119270,Musicians Institute,Hollywood,California,4-year,Private for-profit,Schools of art- music- and design,1204,86.1,1390,81,NULL,NULL,5184,77,NULL,NULL,0,0,42.9,81,30.9,3,56,53,33.1,78,7
119331,Napa Valley College,Napa,California,2-year,Public,Associates--Public Urban-serving Multicampus,6308,37.7,3780,55,NULL,NULL,2747,11,NULL,NULL,9.7,51,36,91,26.7,15,76.2,97,29,38,494
119359,Everest College-Reseda,Reseda,California,2-year,Private for-profit,Not applicable- not in Carnegie universe,696,97,1049,82,NULL,NULL,3810,24,NULL,NULL,63.9,81,76.7,84,69,49,80.2,83,24.2,24,623
119508,Everest College at San Bernardino,San Bernardino,California,2-year,Private for-profit,Associates--Private For-profit,747,92.1,1064,82,NULL,NULL,4127,39,NULL,NULL,52.2,67,66.8,65,74.5,62,56.4,21,44.7,57,569
119544,National Hispanic University,San Jose,California,4-year,Private for-profit,Baccalaureate Colleges--Arts & Sciences,509,46.8,369,25,NULL,NULL,5757,86,NULL,NULL,6.7,12,40,78,59.8,28,60,58,7.3,11,30
119605,National University,La Jolla,California,4-year,Private not-for-profit,Masters Colleges and Universities--larger programs,10074,37,12180,99,NULL,NULL,4562,7,19810,53,15.4,8,38.5,19,26.8,27,76.6,54,25.7,13,13
119775,NewSchool of Architecture and Design,San Diego,California,4-year,Private for-profit,Schools of art- music- and design,375,89.1,364,24,NULL,NULL,7916,96,NULL,NULL,10,23,35,70,61.4,31,50,38,22.1,59,20
120184,Notre Dame de Namur University,Belmont,California,4-year,Private not-for-profit,Masters Colleges and Universities--medium programs,1213,68.1,1012,36,972,21,15812,61,10368,34,36.5,40,47.9,36,42,60,76.9,55,26.7,15,96
120254,Occidental College,Los Angeles,California,4-year,Private not-for-profit,Baccalaureate Colleges--Arts & Sciences,2128,99.3,2275,72,1303,91,28763,94,156752,92,82.8,95,87.8,95,21.3,16,93,91,72.7,77,458
120290,Ohlone College,Fremont,California,2-year,Public,Associates--Public Suburban-serving Single Campus,10310,31.2,6153,75,NULL,NULL,2712,10,319,32,10.2,53,35.5,90,16.1,2,76.7,98,25.3,26,718
120342,Orange Coast College,Costa Mesa,California,2-year,Public,Associates--Public Suburban-serving Multicampus,21886,38.8,12918,93,NULL,NULL,2500,7,194,20,10.7,56,37.1,91,19.6,5,77.2,98,35.7,59,2056
120403,Otis College of Art and Design,Los Angeles,California,4-year,Private not-for-profit,Schools of art- music- and design,1032,98.6,1163,42,1002,29,17377,69,11578,38,52,65,57.3,55,48.5,73,80.9,66,100,95,171
120421,Oxnard College,Oxnard,California,2-year,Public,Associates--Public Urban-serving Multicampus,6939,27.9,3879,56,NULL,NULL,2649,10,NULL,NULL,8,42,25.6,69,35.3,33,69.1,89,46.3,79,449
120537,Hope International University,Fullerton,California,4-year,Private not-for-profit,Baccalaureate Colleges--Diverse Fields,925,73.3,748,27,951,16,17579,70,4625,16,27.3,24,43.8,28,49.9,76,73.1,44,89.4,91,121
120661,Concorde Career College - San Diego,San Diego,California,2-year,Private for-profit,Associates--Private For-profit,895,100,1222,86,NULL,NULL,4499,57,NULL,NULL,78.8,94,89.6,96,37.8,8,69.2,53,68.8,83,709
120865,Pacific Union College,Angwin,California,4-year,Private not-for-profit,Baccalaureate Colleges--Arts & Sciences,1645,88.4,1478,52,1017,34,13415,48,15273,46,23.6,18,36.9,16,43.9,64,84.6,76,90.1,91,225
120883,University of the Pacific,Stockton,California,4-year,Private not-for-profit,Doctoral/Research Universities,3877,97.5,4194,89,1172,80,21308,83,44622,75,39.8,45,63.3,67,40.1,57,86.6,80,55.1,53,586
120953,Palo Verde College,Blythe,California,2-year,Public,Associates--Public Suburban-serving Multicampus,3253,13,1132,13,NULL,NULL,1722,1,1055,59,13.6,68,19.8,49,11.5,0,56.2,43,44.4,76,81
120971,Palomar College,San Marcos,California,2-year,Public,Associates--Public Suburban-serving Multicampus,24665,33.5,15037,96,NULL,NULL,2246,4,209,21,8.5,46,25.4,69,15.8,2,72.5,94,23.7,22,2049
121044,Pasadena City College,Pasadena,California,2-year,Public,Associates--Public Suburban-serving Single Campus,25268,37.5,14712,95,NULL,NULL,2854,14,NULL,NULL,11.1,58,32,85,28.1,17,64.5,79,32.5,49,1952
121150,Pepperdine University,Malibu,California,4-year,Private not-for-profit,Doctoral/Research Universities,3538,89.7,3799,87,1235,87,32555,97,96659,87,70.3,86,80.4,88,20.8,16,91.7,90,54.3,52,751
121257,Pitzer College,Claremont,California,4-year,Private not-for-profit,Baccalaureate Colleges--Arts & Sciences,1081,96.6,1037,37,NULL,NULL,32924,97,114135,88,73,88,82.1,91,16.1,8,90.8,89,78.3,82,252
121275,"Platt College, San Diego",San Diego,California,4-year,Private for-profit,Schools of art- music- and design,370,100,414,30,NULL,NULL,5669,85,NULL,NULL,NULL,NULL,NULL,NULL,46.5,11,NULL,NULL,33.3,78,NULL
121309,Point Loma Nazarene University,San Diego,California,4-year,Private not-for-profit,Masters Colleges and Universities--larger programs,2556,97.1,2494,75,1155,77,14948,56,12396,40,61.7,79,72.1,80,27.1,28,89.3,86,46.1,41,530
121345,Pomona College,Claremont,California,4-year,Private not-for-profit,Baccalaureate Colleges--Arts & Sciences,1610,99.1,1590,55,1454,98,36413,99,1146818,100,92.8,100,95.7,99,16.9,9,97.5,97,82.7,85,375
121363,Porterville College,Porterville,California,2-year,Public,Associates--Public Urban-serving Multicampus,3810,43.6,2560,41,NULL,NULL,3779,41,NULL,NULL,3.8,14,19.5,47,52.6,77,68.5,88,42.1,71,421
121381,Westwood College - South Bay,Torrance,California,4-year,Private for-profit,Baccalaureate Colleges--Diverse Fields,571,80.4,906,69,NULL,NULL,4962,71,NULL,NULL,54.4,93,54.4,89,84.4,94,55.2,52,15.1,42,68
121619,Santa Ana College,Santa Ana,California,2-year,Public,Associates--Public Suburban-serving Multicampus,28598,12,11756,92,NULL,NULL,1918,2,54,7,5.9,30,23,60,10.4,0,66.3,84,25.8,28,1231
121691,University of Redlands,Redlands,California,4-year,Private not-for-profit,Masters Colleges and Universities--larger programs,3607,74.9,3481,86,1135,73,22682,87,22824,57,63.4,80,73,81,25,23,88.4,85,51.7,49,599
121707,College of the Redwoods,Eureka,California,2-year,Public,Associates--Public Rural-serving Large,4938,38.5,4410,61,NULL,NULL,4185,58,985,57,2.4,6,6.7,2,38.7,43,41.4,4,28.5,36,451
121886,Rio Hondo College,Whittier,California,2-year,Public,Associates--Public Suburban-serving Single Campus,16548,26.5,9610,87,NULL,NULL,2617,9,191,19,3.8,14,18.7,44,29.2,19,74.4,96,34.4,55,958
121901,Riverside Community College District,Riverside,California,2-year,Public,Associates--Public Urban-serving Multicampus,18165,26.8,10661,90,NULL,NULL,2297,5,283,28,8.3,44,24.5,65,32.2,26,67.5,86,33.9,53,1012
122180,Sacramento City College,Sacramento,California,2-year,Public,Associates--Public Urban-serving Multicampus,23509,26.1,15963,97,NULL,NULL,2247,4,NULL,NULL,7.4,38,25.3,68,26.5,14,68.8,89,39.3,68,1054
122205,Saddleback College,Mission Viejo,California,2-year,Public,Associates--Public Suburban-serving Multicampus,20871,30.3,13716,95,NULL,NULL,2423,6,NULL,NULL,15.5,73,34.8,89,14,1,73.5,95,29,38,1664
122339,San Diego City College,San Diego,California,2-year,Public,Associates--Public Urban-serving Multicampus,16310,23.5,7972,83,NULL,NULL,2603,9,NULL,NULL,2.2,5,14,26,33.6,29,66.9,85,26.7,31,866
122366,Golf Academy of America (Calif.),Carlsbad,California,2-year,Private for-profit,Associates--Private For-profit,230,93.5,230,18,NULL,NULL,5025,73,NULL,NULL,100,100,100,100,41.1,10,85.1,92,42.9,56,130
122375,San Diego Mesa College,San Diego,California,2-year,Public,Associates--Public Urban-serving Multicampus,24251,26.4,12487,93,NULL,NULL,2005,2,NULL,NULL,3.7,13,19.7,48,18.6,4,66.5,84,31.4,47,1322
122384,San Diego Miramar College,San Diego,California,2-year,Public,Associates--Public Urban-serving Multicampus,11891,19.1,5128,68,NULL,NULL,2007,2,NULL,NULL,11.4,59,30.3,82,19.6,5,67.7,86,31.5,47,508
122409,San Diego State University,San Diego,California,4-year,Public,Research Universities--high research activity,27099,88.7,24201,93,1090,72,9645,92,5770,61,32.7,73,66.2,83,39.6,55,87.8,90,54.1,35,4506
122436,University of San Diego,San Diego,California,4-year,Private not-for-profit,Doctoral/Research Universities,5665,96.8,5755,94,1228,86,22832,87,46387,76,64.6,81,75,83,18.1,11,90.2,88,43.4,37,1089
122454,San Francisco Art Institute,San Francisco,California,4-year,Private not-for-profit,Schools of art- music- and design,478,92.9,413,16,1061,52,7349,18,12370,40,22,16,28.8,8,32.7,39,65.4,24,100,95,59
122506,San Francisco Conservatory of Music,San Francisco,California,4-year,Private not-for-profit,Schools of art- music- and design,174,98.3,191,7,NULL,NULL,19703,78,88546,86,61.9,79,64.3,69,33.3,40,86.5,80,61.2,62,42
122597,San Francisco State University,San Francisco,California,4-year,Public,Masters Colleges and Universities--larger programs,26156,84.5,22077,92,998,38,8842,88,1675,21,12.7,20,45.5,48,42.4,65,82.1,75,49.7,27,3341
122612,University of San Francisco,San Francisco,California,4-year,Private not-for-profit,Doctoral/Research Universities,6392,95.6,6693,95,1161,78,21464,84,24298,59,56.6,72,69,76,26.3,26,86.5,80,41.4,34,1052
122658,San Joaquin Delta College,Stockton,California,2-year,Public,Associates--Public Urban-serving Multicampus,17629,40.1,12167,92,NULL,NULL,3108,19,NULL,NULL,8.4,45,25.1,67,40.6,47,77.1,98,40.2,69,1493
122685,San Joaquin Valley College at Visalia,Visalia,California,2-year,Private for-profit,Associates--Private For-profit,1616,100,3128,99,NULL,NULL,4722,64,NULL,NULL,30.9,37,42.5,20,88.3,89,60.4,28,57.1,71,1114
122694,San Joaquin Valley College at Bakersfield,Bakersfield,California,2-year,Private for-profit,Associates--Private For-profit,642,100,1109,83,NULL,NULL,4566,59,NULL,NULL,30.7,37,53,33,88.1,88,75.8,72,45.7,58,355
122728,William Jessup University,Rocklin,California,4-year,Private not-for-profit,Theological seminaries- Bible colleges- and other faith-related institutions,1047,79.9,1002,36,1039,44,12929,44,1420,5,43.9,52,56.1,52,47.4,71,82.2,71,20.5,8,57
122746,San Jose City College,San Jose,California,2-year,Public,Associates--Public Urban-serving Multicampus,9446,25.7,5526,71,NULL,NULL,2122,3,NULL,NULL,9.8,51,22.4,58,19.7,5,61.7,69,25.8,28,518
122755,San Jose State University,San Jose,California,4-year,Public,Masters Colleges and Universities--larger programs,25862,80.6,20414,89,1030,51,8622,87,4276,51,7.7,8,48.1,54,39.5,55,87.8,90,40.2,15,3090
122791,College of San Mateo,San Mateo,California,2-year,Public,Associates--Public Suburban-serving Multicampus,9377,26.9,5398,70,NULL,NULL,2158,3,NULL,NULL,3.5,12,13.9,25,15.7,2,69.2,89,35.6,59,682
122834,Santa Barbara Business College at Bakersfield,Bakersfield,California,4-year,Private for-profit,Associates--Private For-profit,543,100,648,55,NULL,NULL,3816,21,NULL,NULL,NULL,NULL,NULL,NULL,70.8,57,69.2,74,20,53,NULL
122843,Westwood College - Los Angeles Campus,Los Angeles,California,4-year,Private for-profit,Baccalaureate Colleges--Diverse Fields,661,74.7,2403,91,NULL,NULL,3554,10,NULL,NULL,36.2,80,36.2,72,75.2,73,50,38,6.3,8,116
122852,Santa Barbara Business College at Santa Maria,Santa Maria,California,4-year,Private for-profit,Associates--Private For-profit,188,100,216,9,NULL,NULL,3580,11,NULL,NULL,NULL,NULL,NULL,NULL,67.6,46,50,38,13.2,35,NULL
122889,Santa Barbara City College,Santa Barbara,California,2-year,Public,Associates--Public Rural-serving Large,19331,44.1,12568,93,NULL,NULL,2842,13,2159,79,14.6,70,35.6,90,21.9,7,60.4,62,46.6,80,1592
122931,Santa Clara University,Santa Clara,California,4-year,Private not-for-profit,Masters Colleges and Universities--larger programs,5435,98.2,6026,94,1294,91,19063,75,69357,83,76.9,91,84,92,13.9,4,95,94,60.2,60,1201
122977,Santa Monica College,Santa Monica,California,2-year,Public,Associates--Public Suburban-serving Multicampus,29999,35.7,20311,99,NULL,NULL,2636,9,410,36,11.9,61,30.2,82,25,12,70.4,91,22.7,18,3081
123013,Santa Rosa Junior College,Santa Rosa,California,2-year,Public,Associates--Public Rural-serving Large,22094,30.4,13047,94,NULL,NULL,2410,6,2681,84,12.1,62,32.7,86,18.1,4,73.8,95,23.5,21,1500
123165,Scripps College,Claremont,California,4-year,Private not-for-profit,Baccalaureate Colleges--Arts & Sciences,990,98.9,950,34,1364,95,31152,96,289527,95,80.2,93,84.1,92,13.2,3,93.2,92,72.6,76,227
123208,WyoTech at Fremont,Fremont,California,2-year,Private for-profit,Associates--Private For-profit,1199,100,2383,97,NULL,NULL,3880,28,NULL,NULL,55.2,69,65.1,61,65.5,40,67.6,49,86,92,1368
123217,College of the Sequoias,Visalia,California,2-year,Public,Associates--Public Rural-serving Large,10720,46,6982,78,NULL,NULL,3211,22,1146,61,8.1,43,17.4,38,44.3,57,66.1,83,37.9,64,1361
123299,Shasta College,Redding,California,2-year,Public,Associates--Public Rural-serving Large,8479,45,5645,72,NULL,NULL,3408,28,371,34,10.6,55,22.5,58,40.8,47,57.6,49,34.4,55,828
123341,Sierra College,Rocklin,California,2-year,Public,Associates--Public Suburban-serving Multicampus,18374,37.8,11488,91,NULL,NULL,3020,18,231,23,6.8,34,28.9,78,31.5,24,72.2,94,26.3,30,1829
123457,Simpson University (Calif.),Redding,California,4-year,Private not-for-profit,Baccalaureate Colleges--Arts & Sciences,1024,97,958,35,1030,39,12694,43,4355,15,38,42,47.2,35,56.4,83,81,67,21.6,9,163
123484,College of the Siskiyous,Weed,California,2-year,Public,Associates--Public Rural-serving Medium,2533,39.6,1659,24,NULL,NULL,3348,26,610,44,8,42,16,33,38.6,42,54.4,34,19.7,10,225
123509,Skyline College,San Bruno,California,2-year,Public,Associates--Public Suburban-serving Multicampus,10067,25.8,5824,73,NULL,NULL,2562,8,NULL,NULL,6,31,17.2,37,22.7,8,76.7,98,35.7,59,401
123527,San Bernardino Valley College,San Bernardino,California,2-year,Public,Associates--Public Urban-serving Multicampus,12329,35.8,7444,81,NULL,NULL,2972,16,NULL,NULL,3.5,12,16.7,35,30.6,21,70.1,90,42.2,72,803
123554,Saint Mary's College of California,Moraga,California,4-year,Private not-for-profit,Masters Colleges and Universities--larger programs,3055,92.4,3053,83,1115,69,22091,85,35761,69,50.4,63,59.6,59,32.7,39,90,87,26.3,14,562
123563,Solano Community College,Fairfield,California,2-year,Public,Associates--Public Suburban-serving Single Campus,9583,33.9,5790,73,NULL,NULL,2439,6,NULL,NULL,8.2,44,23.5,61,25.2,12,70.2,91,37.8,64,818
123572,Sonoma State University,Rohnert Park,California,4-year,Public,Masters Colleges and Universities--larger programs,8391,91.5,7449,55,1006,40,8710,87,4095,49,25.9,61,53.9,67,29.7,24,84,80,48.6,26,1673
123642,South Coast College,Orange,California,2-year,Private for-profit,Associates--Private For-profit,374,65,333,33,NULL,NULL,4359,53,NULL,NULL,37.5,48,54.2,35,62.5,34,72.3,64,16.7,12,24
123651,Vanguard University of Southern California,Costa Mesa,California,4-year,Private not-for-profit,Baccalaureate Colleges--Diverse Fields,2135,73.8,1940,65,980,23,15655,60,1856,7,47.1,58,52.3,45,38,52,76.1,53,30.9,20,367
123679,Concorde Career College - Garden Grove,Garden Grove,California,2-year,Private for-profit,Associates--Private For-profit,898,100,1428,90,NULL,NULL,3740,21,NULL,NULL,64.1,82,91.5,97,63.7,35,65.4,43,42.2,55,705
123800,Southwestern College (Calif.),Chula Vista,California,2-year,Public,Associates--Public Suburban-serving Single Campus,19591,39.2,10761,90,NULL,NULL,2654,10,NULL,NULL,4.1,16,17.9,40,27.3,16,78.4,98,20.5,12,1397
123952,Southern California Institute of Architecture,Los Angeles,California,4-year,Private not-for-profit,Schools of art- music- and design,237,95.8,255,10,1137,74,11937,39,2023,7,0,0,50,40,49.1,75,93.8,92,40.6,32,52
123961,University of Southern California,Los Angeles,California,4-year,Private not-for-profit,Research Universities--very high research activity,18445,96.1,19539,99,1380,95,30204,96,107715,88,78.2,91,91.2,96,23.1,20,96,95,67.1,71,2955
124113,Taft College,Taft,California,2-year,Public,Associates--Public Suburban-serving Single Campus,5444,21.9,2121,34,NULL,NULL,2863,14,297,29,10.4,54,25.8,70,17.6,3,64.6,79,36.1,61,403
124292,Thomas Aquinas College,Santa Paula,California,4-year,Private not-for-profit,Baccalaureate Colleges--Arts & Sciences,366,100,444,17,1243,88,13407,48,33310,67,72.7,88,79.5,88,35.7,47,86.9,81,96.9,94,88
124487,Epic Bible College,Sacramento,California,4-year,Private not-for-profit,Theological seminaries- Bible colleges- and other faith-related institutions,265,34,199,7,NULL,NULL,4270,6,NULL,NULL,0,0,0,0,80.8,96,14.3,0,15.4,5,5
124681,United Education Institute-Huntington Park Campus,Huntington Park,California,2-year,Private for-profit,Not applicable- not in Carnegie universe,2732,100,5151,100,NULL,NULL,5275,79,NULL,NULL,21.4,23,70,73,95,97,67,48,16.9,13,16229
124706,Concorde Career College - San Bernardino,San Bernardino,California,2-year,Private for-profit,Associates--Private For-profit,753,100,984,80,NULL,NULL,4413,54,NULL,NULL,45.8,58,62.3,54,45.6,14,65,42,67.5,82,871
124937,Concorde Career College - North Hollywood,North Hollywood,California,2-year,Private for-profit,Associates--Private For-profit,925,100,802,72,NULL,NULL,4128,39,NULL,NULL,26.9,32,85.3,94,41.7,11,74.7,69,60.4,75,633
125028,Ventura College,Ventura,California,2-year,Public,Associates--Public Urban-serving Multicampus,12908,34,8460,84,NULL,NULL,2706,10,NULL,NULL,10.4,54,29.5,80,28.6,18,67.8,86,32.3,49,954
125091,Victor Valley College,Victorville,California,2-year,Public,Associates--Public Suburban-serving Single Campus,11504,35,7630,82,NULL,NULL,3069,18,NULL,NULL,3.1,10,15.8,32,40.6,47,66.2,83,23.2,20,978
125170,Berkeley City College,Berkeley,California,2-year,Public,Associates--Public Urban-serving Multicampus,6471,16.2,3146,48,NULL,NULL,2036,2,NULL,NULL,9.1,48,19,45,19.1,5,61.9,70,26,29,242
125231,Walden University,Minneapolis,Minnesota,4-year,Private for-profit,Doctoral/Research Universities,8205,9.9,12410,98,NULL,NULL,2990,3,NULL,NULL,NULL,NULL,NULL,NULL,48,11,NULL,NULL,5.6,6,NULL
125462,West Hills College Coalinga,Coalinga,California,2-year,Public,Associates--Public Suburban-serving Multicampus,3055,31.1,1898,29,NULL,NULL,3881,46,NULL,NULL,7.9,41,22.3,57,35.1,33,58.3,52,35.9,60,265
125471,West Los Angeles College,Culver City,California,2-year,Public,Associates--Public Urban-serving Multicampus,10767,20.1,5221,69,NULL,NULL,2286,4,NULL,NULL,4.6,20,13.1,22,29.3,19,70.1,90,26.5,30,504
125499,West Valley College,Saratoga,California,2-year,Public,Associates--Public Suburban-serving Multicampus,9636,31.8,6128,75,NULL,NULL,2570,8,NULL,NULL,9.9,51,28.3,76,15.4,2,72.6,94,43.6,74,876
125532,Carrington College California at Sacramento,Sacramento,California,2-year,Private for-profit,Associates--Private For-profit,1267,90.4,1556,93,NULL,NULL,3864,27,NULL,NULL,17.1,19,46.9,25,71.3,54,57.3,24,26.2,28,426
125727,Westmont College,Santa Barbara,California,4-year,Private not-for-profit,Baccalaureate Colleges--Arts & Sciences,1308,99.2,1397,49,1193,83,19282,76,52202,79,71.9,88,75.8,84,20.9,16,84.6,76,63.2,65,388
125763,Whittier College,Whittier,California,4-year,Private not-for-profit,Baccalaureate Colleges--Arts & Sciences,1656,98,1595,56,1043,45,23319,88,38487,71,62.9,80,66.8,73,35.5,46,82.9,73,61,62,310
125897,Woodbury University,Burbank,California,4-year,Private not-for-profit,Masters Colleges and Universities--medium programs,1357,86.6,1511,53,987,25,14995,56,10517,35,18.9,12,44.7,30,48.5,73,74.6,48,26.9,15,159
126076,Yeshiva Ohr Elchonon Chabad/West Coast Talmudical Seminary,Los Angeles,California,4-year,Private not-for-profit,Theological seminaries- Bible colleges- and other faith-related institutions,131,100,192,7,NULL,NULL,15700,60,NULL,NULL,16.7,9,16.7,3,58.9,86,43.8,3,66.7,70,54
126119,Yuba College,Marysville,California,2-year,Public,Associates--Public Rural-serving Large,6874,38.9,4737,64,NULL,NULL,3156,20,NULL,NULL,6.6,33,20.5,52,41.5,49,61.8,70,29.8,41,621
126182,Adams State College,Alamosa,Colorado,4-year,Public,Masters Colleges and Universities--medium programs,2284,82,2115,18,939,16,11356,96,233,4,11.5,18,25.4,10,50.3,83,55.9,7,50,28,425
126207,Aims Community College,Greeley,Colorado,2-year,Public,Associates--Public Rural-serving Medium,4955,41.5,3598,53,NULL,NULL,6574,94,NULL,NULL,25.5,90,28.6,77,42.5,51,54.2,33,23.8,22,329
126289,Arapahoe Community College,Littleton,Colorado,2-year,Public,Associates--Public Suburban-serving Multicampus,11621,19.7,6619,77,NULL,NULL,6949,96,NULL,NULL,9.7,51,17.9,40,41.1,48,54.7,35,22,16,452
126359,Bel-Rea Institute of Animal Technology,Denver,Colorado,2-year,Private for-profit,Associates--Private For-profit,576,100,978,79,NULL,NULL,2716,4,NULL,NULL,28.4,34,53.4,34,50.9,21,63.9,39,86.7,92,176
126401,Everest College at Colorado Springs,Colorado Springs,Colorado,2-year,Private for-profit,Associates--Private For-profit,389,79.7,545,55,NULL,NULL,4999,73,NULL,NULL,45.5,57,53.3,34,74.5,62,70.6,57,1.1,0,323
126562,University of Colorado at Denver,Denver,Colorado,4-year,Public,Research Universities--high research activity,13010,59.8,9926,67,1073,68,6095,51,NULL,NULL,16.1,33,41.3,36,27.8,20,75.2,55,83.5,90,1010
126580,University of Colorado at Colorado Springs,Colorado Springs,Colorado,4-year,Public,Masters Colleges and Universities--larger programs,9220,75.5,7506,55,1068,64,5176,30,NULL,NULL,26.5,61,46,50,32.2,30,71.4,42,52.9,33,933
126605,Redstone College,Broomfield,Colorado,2-year,Private for-profit,Associates--Private For-profit,434,90.3,948,78,NULL,NULL,3453,13,NULL,NULL,8.9,10,50.8,29,68.2,46,57.1,23,65.1,79,124
126614,University of Colorado at Boulder,Boulder,Colorado,4-year,Public,Research Universities--very high research activity,26096,91.8,25055,94,1192,90,9345,91,NULL,NULL,44.3,87,69.7,89,17.2,3,84.6,82,68.5,61,5540
126669,Colorado Christian University,Lakewood,Colorado,4-year,Private not-for-profit,Masters Colleges and Universities--medium programs,4973,29.6,2685,79,NULL,NULL,8316,21,1145,4,23.7,18,36.5,15,41.4,59,69.1,32,15.9,5,211
126678,Colorado College,Colorado Springs,Colorado,4-year,Private not-for-profit,Baccalaureate Colleges--Arts & Sciences,2041,99.2,2002,66,1323,92,28530,94,317840,96,79.2,92,87.2,94,9.8,1,96.1,96,86,88,524
126687,Concorde Career College (Colo.),Aurora,Colorado,2-year,Private for-profit,Associates--Private For-profit,847,100,1436,91,NULL,NULL,5428,81,NULL,NULL,30.1,36,54.1,35,40.8,10,65.7,44,68.4,82,652
126702,Art Institute of Colorado,Denver,Colorado,4-year,Private for-profit,Schools of art- music- and design,1794,63.8,1855,86,NULL,NULL,4395,52,NULL,NULL,23.3,56,35,70,52.2,16,48.3,36,39.5,85,180
126711,Colorado Mountain College,Glenwood Springs,Colorado,4-year,Public,Associates--Public Rural-serving Large,5893,33.8,3463,30,NULL,NULL,3357,2,2325,31,NULL,NULL,NULL,NULL,23.4,10,NULL,NULL,17.8,1,NULL
126748,Colorado Northwestern Community College,Rangely,Colorado,2-year,Public,Associates--Public Rural-serving Medium,1138,43.1,757,7,NULL,NULL,5105,83,NULL,NULL,31.3,94,32.5,86,23.7,10,40.6,3,43.8,75,166
126775,Colorado School of Mines,Golden,Colorado,4-year,Public,Research Universities--high research activity,4291,95.1,4410,37,1298,98,8507,86,41918,97,41.2,83,69.7,89,17.5,3,91.9,95,68.4,60,772
126784,Colorado School of Trades,Lakewood,Colorado,2-year,Private for-profit,Associates--Private For-profit,182,100,149,6,NULL,NULL,4227,46,NULL,NULL,82.5,96,82.5,92,45.8,15,94.1,99,100,94,143
126818,Colorado State University,Fort Collins,Colorado,4-year,Public,Research Universities--very high research activity,23548,86.6,21413,90,1127,81,7616,79,10399,79,37,79,63.8,81,25.7,15,85.9,85,68.3,60,4352
126827,Colorado Technical University,Colorado Springs,Colorado,4-year,Private for-profit,Doctoral/Research Universities,1216,58.6,1362,80,NULL,NULL,4712,63,NULL,NULL,9.3,20,25.9,52,44.4,9,40.6,23,13.5,36,54
126863,Community College of Aurora,Aurora,Colorado,2-year,Public,Associates--Public Suburban-serving Multicampus,7874,20.8,4730,64,NULL,NULL,7534,99,2,0,12.8,65,20.2,50,39.3,44,53.2,30,11.2,1,475
126872,CollegeAmerica Denver,Denver,Colorado,4-year,Private not-for-profit,Baccalaureate/Associates Colleges,497,100,913,33,NULL,NULL,7008,16,NULL,NULL,31.8,33,31.8,11,80,96,42.1,2,47.4,43,107
126924,Denver Academy of Court Reporting,Westminster,Colorado,2-year,Private for-profit,Associates--Private For-profit,34,100,105,3,NULL,NULL,4695,63,NULL,NULL,20,21,42.5,20,47.8,17,64.3,40,25,26,40
126942,Community College of Denver,Denver,Colorado,2-year,Public,Associates--Public Urban-serving Multicampus,10432,23.1,7329,80,NULL,NULL,5982,91,NULL,NULL,5,24,10.4,11,47.3,64,52.9,28,28.3,35,873
126951,Lincoln College of Technology at Denver,Denver,Colorado,2-year,Private for-profit,Associates--Private For-profit,1262,100,1270,87,NULL,NULL,4103,38,NULL,NULL,38.7,50,51.9,31,65.5,40,74.6,69,96.6,94,827
127024,Westwood College - Denver North,Denver,Colorado,4-year,Private for-profit,Baccalaureate Colleges--Diverse Fields,438,70.8,669,56,NULL,NULL,3730,16,NULL,NULL,26.4,64,26.4,53,76.3,77,75,79,9.8,21,641
127060,University of Denver,Denver,Colorado,4-year,Private not-for-profit,Research Universities--high research activity,5517,93,5213,93,1231,86,21508,84,38352,71,66.5,83,77.5,86,18.6,12,86.8,81,49.7,46,1130
127185,Fort Lewis College,Durango,Colorado,4-year,Public,Baccalaureate Colleges--Arts & Sciences,3984,92.1,3631,31,1049,58,11048,95,1710,21,17.3,36,36.6,26,31.8,29,65,21,72.2,71,863
127200,Front Range Community College,Westminster,Colorado,2-year,Public,Associates--Public Suburban-serving Multicampus,19619,31.2,13526,95,NULL,NULL,4961,81,34,4,10,52,18.1,41,36.8,37,57.2,48,22.2,17,1540
127389,Lamar Community College,Lamar,Colorado,2-year,Public,Associates--Public Rural-serving Small,902,51.3,707,7,NULL,NULL,5328,86,NULL,NULL,23.1,88,28.4,76,32.8,27,57.9,51,34.6,56,134
127556,Mesa State College,Grand Junction,Colorado,4-year,Public,Baccalaureate Colleges--Arts & Sciences,9576,75.9,7618,56,972,27,2685,0,2499,33,13.3,23,32.7,21,40.2,57,65.3,21,45,19,686
127565,Metropolitan State College of Denver,Denver,Colorado,4-year,Public,Baccalaureate Colleges--Diverse Fields,22289,59.2,16926,82,973,28,4290,10,73,2,5.7,5,26,10,38.5,50,65.8,22,37.8,13,1910
127617,Morgan Community College,Fort  Morgan,Colorado,2-year,Public,Associates--Public Rural-serving Medium,1851,23,1011,11,NULL,NULL,4857,78,1884,74,32.2,94,34.5,89,30,21,58.2,52,24.2,23,87
127653,Naropa University,Boulder,Colorado,4-year,Private not-for-profit,Masters Colleges and Universities--larger programs,383,93.5,350,14,NULL,NULL,16990,68,6936,23,19.7,14,40.9,23,47.3,71,58.3,13,29.1,17,66
127680,National American University at Colorado Springs,Colorado Springs,Colorado,4-year,Private for-profit,Baccalaureate Colleges--Diverse Fields,281,20.3,258,12,NULL,NULL,2986,3,NULL,NULL,20,48,20,34,60.2,29,0,0,3.1,2,5
127699,National American University at Denver,Denver,Colorado,4-year,Private for-profit,Baccalaureate Colleges--Diverse Fields,258,21.3,213,9,NULL,NULL,2757,2,NULL,NULL,0,0,0,0,71.7,60,NULL,NULL,35.5,81,8
127714,Nazarene Bible College,Colorado Springs,Colorado,4-year,Private not-for-profit,Theological seminaries- Bible colleges- and other faith-related institutions,889,19.6,394,15,NULL,NULL,1721,0,5032,17,0,0,25,7,44.6,66,0,0,8.3,2,8
127732,Northeastern Junior College,Sterling,Colorado,2-year,Public,Associates--Public Rural-serving Medium,1962,49.2,1337,18,NULL,NULL,3976,51,784,51,27.3,92,35.9,90,31.3,23,58.8,55,57.7,91,407
127741,University of Northern Colorado,Greeley,Colorado,4-year,Public,Doctoral/Research Universities,9947,87.8,9548,65,1029,51,6176,53,6428,65,26.5,61,46.4,51,35.1,39,66.3,24,66,57,2199
127778,Otero Junior College,La Junta,Colorado,2-year,Public,Associates--Public Rural-serving Small,1449,46.9,1167,14,NULL,NULL,4753,75,421,36,25.4,90,30,81,48.6,67,53.1,29,46.7,80,283
127787,Everest College at Thornton,Thornton,Colorado,2-year,Private for-profit,Associates--Private For-profit,371,77.6,528,54,NULL,NULL,4601,60,NULL,NULL,46.6,59,55.7,38,74.2,60,70.1,56,22.6,20,307
127820,Pikes Peak Community College,Colorado Springs,Colorado,2-year,Public,Associates--Public Urban-serving Multicampus,14634,37.9,10395,89,NULL,NULL,5429,87,247,25,8.2,44,14.4,27,45.6,60,53.1,29,23.3,20,1305
127839,Intellitec Medical Institute,Colorado Springs,Colorado,2-year,Private for-profit,Associates--Private For-profit,339,100,521,53,NULL,NULL,7685,98,NULL,NULL,63.4,80,63.4,57,72.9,57,61.8,32,36.2,44,410
127884,Pueblo Community College,Pueblo,Colorado,2-year,Public,Associates--Public Rural-serving Large,6718,37.5,5329,70,NULL,NULL,7378,98,NULL,NULL,15.9,74,23.6,62,83.1,100,59.9,60,27.4,33,666
127909,Red Rocks Community College,Lakewood,Colorado,2-year,Public,Associates--Public Suburban-serving Multicampus,8599,32.2,6185,75,NULL,NULL,4188,58,NULL,NULL,14.7,71,21.1,53,34.2,30,57.3,48,17.8,7,836
127918,Regis University,Denver,Colorado,4-year,Private not-for-profit,Masters Colleges and Universities--larger programs,5172,48.5,4403,90,1087,61,12707,43,5991,21,42.5,49,58.1,56,26,25,81.9,70,30.5,19,353
127945,Rocky Mountain College of Art & Design,Lakewood,Colorado,4-year,Private for-profit,Schools of art- music- and design,739,75,612,53,NULL,NULL,8978,98,NULL,NULL,38,84,48.8,85,36.3,4,66.3,68,47.7,90,121
128106,Colorado State University at Pueblo,Pueblo,Colorado,4-year,Public,Masters Colleges and Universities--smaller programs,5207,71.9,4454,37,967,25,5895,46,2072,27,18.1,38,33.1,21,41.3,61,62.6,16,46.8,21,602
128179,IntelliTec College at Colorado Springs,Colorado Springs,Colorado,2-year,Private for-profit,Associates--Private For-profit,815,100,204,15,NULL,NULL,4345,52,NULL,NULL,63,79,63,56,96.5,98,85.4,93,100,94,411
128188,IntelliTec College at Grand Junction,Grand Junction,Colorado,2-year,Private for-profit,Associates--Private For-profit,536,100,1236,86,NULL,NULL,4212,45,NULL,NULL,52,67,52,32,63.5,35,79.3,80,100,94,481
128258,Trinidad State Junior College,Trinidad,Colorado,2-year,Public,Associates--Public Rural-serving Medium,1791,50.3,1408,19,NULL,NULL,5813,90,5178,95,33.9,95,39.2,93,49.4,69,57.9,51,54.4,89,301
128391,Western State College of Colorado,Gunnison,Colorado,4-year,Public,Baccalaureate Colleges--Arts & Sciences,2193,85.2,1865,14,1005,40,5929,46,NULL,NULL,22.5,52,42.4,39,31.4,28,68.4,31,72.5,71,488
128498,Albertus Magnus College,New Haven,Connecticut,4-year,Private not-for-profit,Masters Colleges and Universities--larger programs,1278,93.8,1382,49,830,2,11635,37,2997,10,0,0,42.5,26,58.1,85,92.6,91,29.9,19,127
128577,Asnuntuck Community College,Enfield,Connecticut,2-year,Public,Associates--Public Suburban-serving Single Campus,1715,41,1048,11,NULL,NULL,4872,78,131,11,16.5,76,25,67,37.9,41,75.6,97,20.6,13,224
128683,Lincoln College of New England at Southington,Southington,Connecticut,4-year,Private for-profit,Baccalaureate/Associates Colleges,837,59,815,64,NULL,NULL,4435,53,NULL,NULL,20.8,52,33.3,65,57.6,24,34.8,15,21.7,58,24
128744,University of Bridgeport,Bridgeport,Connecticut,4-year,Private not-for-profit,Masters Colleges and Universities--larger programs,2835,71.8,2241,71,923,9,16873,67,6939,24,18.7,12,26.6,7,48.6,74,63.6,20,25.3,13,331
128771,Central Connecticut State University,New Britain,Connecticut,4-year,Public,Masters Colleges and Universities--larger programs,9771,78,8543,60,1006,40,4970,24,4351,52,20.1,43,51.9,63,33.4,34,76.8,59,47.4,22,1466
128902,Connecticut College,New London,Connecticut,4-year,Private not-for-profit,Baccalaureate Colleges--Arts & Sciences,1915,98,2062,68,NULL,NULL,32931,97,114620,89,79.3,92,83.5,91,13,3,88.3,85,100,95,492
129020,University of Connecticut,Storrs,Connecticut,4-year,Public,Research Universities--very high research activity,18032,95.5,17671,84,1233,94,9953,93,13387,85,68.3,98,83.4,98,20.9,6,93.9,97,91.8,97,3129
129154,Goodwin College,East Hartford,Connecticut,4-year,Private not-for-profit,Associates--Private Not-for-profit,3388,17.5,3017,82,NULL,NULL,5806,12,2622,9,NULL,NULL,NULL,NULL,54.3,82,54.1,9,29.3,18,NULL
129215,Eastern Connecticut State University,Willimantic,Connecticut,4-year,Public,Masters Colleges and Universities--smaller programs,5179,84.9,4862,40,1017,47,5238,32,2472,32,32.2,72,50.7,60,26.4,16,78.1,64,41.3,16,817
129242,Fairfield University,Fairfield,Connecticut,4-year,Private not-for-profit,Masters Colleges and Universities--larger programs,3873,91.6,3884,88,NULL,NULL,22155,86,57869,81,78.9,92,82.1,91,15.3,7,87,81,99.6,95,842
129367,Capital Community College,Hartford,Connecticut,2-year,Public,Associates--Public Urban-serving Single Campus,4168,23.8,2609,42,NULL,NULL,4037,53,312,31,2.8,9,8.9,7,53.9,79,51.7,24,21.3,14,425
129525,University of Hartford,West Hartford,Connecticut,4-year,Private not-for-profit,Masters Colleges and Universities--larger programs,5187,86.7,5140,93,1053,49,16579,65,19519,53,50.8,63,60.6,61,26.4,27,72.5,43,46.5,42,1151
129543,Housatonic Community College,Bridgeport,Connecticut,2-year,Public,Associates--Public Rural-serving Medium,5813,31.7,3677,54,NULL,NULL,4096,55,151,13,2.7,8,8.3,6,46.6,63,61.6,69,20.1,11,858
129695,Manchester Community College (Conn.),Manchester,Connecticut,2-year,Public,Associates--Public Suburban-serving Single Campus,7571,35.8,4667,63,NULL,NULL,4256,60,545,41,4.2,17,18.3,42,37.4,39,60.7,64,21.2,14,1103
129729,Naugatuck Valley Community College,Waterbury,Connecticut,2-year,Public,Associates--Public Rural-serving Large,7294,35.7,4491,62,NULL,NULL,4596,71,176,17,2.5,7,12,16,39.5,44,60.2,61,27.1,32,1004
129756,Middlesex Community College (Conn.),Middletown,Connecticut,2-year,Public,Associates--Public Suburban-serving Single Campus,2900,37.6,1813,28,NULL,NULL,4636,71,165,15,5.6,28,14.4,27,62.9,91,62.4,71,20,11,374
129774,Mitchell College,New London,Connecticut,4-year,Private not-for-profit,Baccalaureate Colleges--Diverse Fields,866,86.3,813,29,NULL,NULL,14717,55,8945,30,30.8,30,39.2,21,33.8,42,64.8,23,26.4,14,263
129808,Three Rivers Community College (Conn.),Norwich,Connecticut,2-year,Public,Associates--Public Rural-serving Medium,4749,33.9,2897,45,NULL,NULL,4457,67,800,51,3.7,13,13,21,43,53,61.4,67,28.3,35,670
129941,University of New Haven,West Haven,Connecticut,4-year,Private not-for-profit,Masters Colleges and Universities--larger programs,4864,90.6,4802,92,1034,42,16112,63,4809,16,44.2,53,54.7,49,25.8,25,76.4,54,38.9,31,669
130004,Norwalk Community College,Norwalk,Connecticut,2-year,Public,Associates--Public Rural-serving Large,6556,33.3,4085,58,NULL,NULL,4336,63,3952,91,1.6,3,8.1,5,33.5,29,67,85,27.2,33,577
130040,Northwestern Connecticut Community College,Winsted,Connecticut,2-year,Public,Associates--Public Suburban-serving Single Campus,1549,29.5,837,8,NULL,NULL,4659,72,1327,65,2.6,7,13.5,23,36.5,37,55.3,39,25.6,27,193
130110,Paier College of Art,Hamden,Connecticut,4-year,Private for-profit,Schools of art- music- and design,155,72.3,159,4,NULL,NULL,4609,60,NULL,NULL,50,90,56.2,90,29.7,2,93.3,90,23.5,62,16
130183,Post University,Waterbury,Connecticut,4-year,Private for-profit,Baccalaureate Colleges--Diverse Fields,7371,39.4,5326,96,865,0,7187,95,NULL,NULL,26.1,63,34.8,69,43.1,8,39.5,20,12.2,31,115
130217,Quinebaug Valley Community College,Danielson,Connecticut,2-year,Public,Associates--Public Rural-serving Medium,1929,35.1,1178,14,NULL,NULL,3799,42,1914,75,6.6,33,13.8,24,48.6,67,48.4,13,22.7,18,320
130226,Quinnipiac University,Hamden,Connecticut,4-year,Private not-for-profit,Masters Colleges and Universities--larger programs,6542,96.4,6404,95,1102,65,17538,70,36852,70,72.4,88,76.3,85,14.3,5,85.2,77,100,95,1357
130253,Sacred Heart University,Fairfield,Connecticut,4-year,Private not-for-profit,Masters Colleges and Universities--larger programs,4489,84,4023,88,NULL,NULL,14535,55,20869,55,63.4,80,69.8,77,15,6,81,67,37.5,29,956
130314,Saint Joseph College,West Hartford,Connecticut,4-year,Private not-for-profit,Masters Colleges and Universities--larger programs,1049,75.7,905,33,950,15,15446,59,11878,38,37,41,52.1,44,36.9,49,77.1,56,35,25,165
130396,Gateway Community College (Conn.),New Haven,Connecticut,2-year,Public,Associates--Public Urban-serving Multicampus,8186,32.8,4672,64,NULL,NULL,3940,50,121,11,2.1,4,7.9,5,45.6,60,59,56,18.5,8,894
130448,St. Vincent's College,Bridgeport,Connecticut,4-year,Private not-for-profit,Associates--Private Not-for-profit,827,20,530,20,NULL,NULL,3547,3,7339,25,NULL,NULL,NULL,NULL,25.7,24,25,0,19,7,NULL
130493,Southern Connecticut State University,New Haven,Connecticut,4-year,Public,Masters Colleges and Universities--larger programs,8257,85,7281,54,921,12,5950,47,1343,16,17.9,38,49.4,56,34.6,37,75.2,55,39.6,14,1333
130590,Trinity College (Conn.),Hartford,Connecticut,4-year,Private not-for-profit,Baccalaureate Colleges--Arts & Sciences,2301,94.9,2298,72,1240,87,39161,100,206497,94,81.4,93,86.3,94,11.6,2,90.9,89,74.1,77,576
130606,Tunxis Community College,Farmington,Connecticut,2-year,Public,Associates--Public Suburban-serving Single Campus,4547,37.1,2787,44,NULL,NULL,3909,49,193,19,1,1,10.3,11,34.6,32,61.6,69,16.9,5,613
130697,Wesleyan University,Middletown,Connecticut,4-year,Private not-for-profit,Baccalaureate Colleges--Arts & Sciences,2906,99.8,3114,84,1387,95,37650,99,208049,94,86.2,96,91.5,96,18.4,11,95.1,94,87.8,89,733
130776,Western Connecticut State University,Danbury,Connecticut,4-year,Public,Masters Colleges and Universities--medium programs,5492,80,5044,41,NULL,NULL,10788,94,NULL,NULL,21,47,44.5,46,28.4,21,74.3,51,34.7,9,903
130794,Yale University,New Haven,Connecticut,4-year,Private not-for-profit,Research Universities--very high research activity,5430,99.9,6908,96,1497,100,41085,100,1528324,100,89.6,99,97.8,100,12.7,3,98.7,99,85.4,87,1313
130891,Delaware Technical and Community College Owens Campus,Georgetown,Delaware,2-year,Public,Associates--Public Rural-serving Medium,4429,44.7,3159,48,NULL,NULL,3286,24,NULL,NULL,13.8,68,20.2,50,48.1,66,59.2,57,32.7,50,756
130907,Delaware Technical and Community College-Terry,Dover,Delaware,2-year,Public,Associates--Public Rural-serving Medium,3031,47.6,2239,36,NULL,NULL,3235,23,NULL,NULL,7.7,39,15.5,30,44.4,57,54.4,34,30.9,45,530
130916,Delaware Technical and Community College Stanton-Wilmington Campus,Wilmington,Delaware,2-year,Public,Associates--Public Urban-serving Multicampus,7030,37.2,4972,67,NULL,NULL,3077,19,NULL,NULL,4.4,19,9.2,8,32.5,27,59.8,59,34.8,57,964
130934,Delaware State University,Dover,Delaware,4-year,Public,Masters Colleges and Universities--medium programs,3892,92,3797,32,890,7,7655,79,4724,55,18.1,38,37.2,28,50.3,83,65.2,21,65.4,55,799
130943,University of Delaware,Newark,Delaware,4-year,Public,Research Universities--very high research activity,18487,91.2,17653,84,1178,88,13765,97,55964,98,68.4,98,81.7,96,11.9,0,91.9,95,95.7,98,3572
130989,Goldey-Beacom College,Wilmington,Delaware,4-year,Private not-for-profit,Schools of business and management,554,72.4,567,22,NULL,NULL,10466,31,48000,77,29.6,28,43.2,27,31.5,36,55.1,10,22,10,81
131098,Wesley College (Del.),Dover,Delaware,4-year,Private not-for-profit,Baccalaureate Colleges--Diverse Fields,1600,88.5,1322,47,841,2,10770,33,4470,15,10.8,5,21.8,5,49.6,76,52.5,8,100,95,482
131113,Wilmington University (Del.),New Castle,Delaware,4-year,Private not-for-profit,Doctoral/Research Universities,8611,40.8,6179,94,NULL,NULL,2421,1,4066,14,31.4,32,38,18,32.7,39,63.9,21,7.3,1,287
131159,American University,Washington,District of Columbia,4-year,Private not-for-profit,Doctoral/Research Universities,7340,95.2,7098,96,1258,89,22266,86,45966,76,75.9,90,80,88,15.6,7,88.2,84,55.6,54,1284
131283,Catholic University of America,Washington,District of Columbia,4-year,Private not-for-profit,Research Universities--high research activity,3713,93.1,3757,87,1118,70,16899,67,45507,76,61.9,79,68.5,75,12.3,2,82.6,72,52.9,51,864
131308,Corcoran College of Art and Design,Washington,District of Columbia,4-year,Private not-for-profit,Schools of art- music- and design,323,69.3,289,11,NULL,NULL,16080,63,28313,64,41.8,48,50.9,42,28.5,30,90.2,88,19.7,8,55
131399,University of the District of Columbia,Washington,District of Columbia,4-year,Public,Masters Colleges and Universities--smaller programs,4712,42.1,3454,29,NULL,NULL,4636,16,9456,76,5.7,5,16.4,3,49.2,81,58.3,9,45.1,19,244
131450,Gallaudet University,Washington,District of Columbia,4-year,Private not-for-profit,Masters Colleges and Universities--smaller programs,1077,93.4,1062,38,841,2,16911,67,121176,90,15.5,8,48.3,37,47.6,72,68.9,32,99.5,95,174
131469,George Washington University,Washington,District of Columbia,4-year,Private not-for-profit,Research Universities--very high research activity,10357,92.8,10304,98,1297,91,27437,93,63277,82,75.6,90,80.8,89,13.6,4,92.3,90,46.9,42,2123
131496,Georgetown University,Washington,District of Columbia,4-year,Private not-for-profit,Research Universities--very high research activity,7636,95.6,7346,96,1398,96,31457,96,83669,85,88,98,92.5,97,13.3,3,96,95,60.7,61,1577
131520,Howard University,Washington,District of Columbia,4-year,Private not-for-profit,Research Universities--high research activity,6974,93.1,6446,95,1081,59,15608,60,55408,80,39.6,45,60.6,61,44.9,66,81.5,69,77.4,81,1451
131742,Sanz College at Falls Church,Falls Church,Virginia,2-year,Private for-profit,Associates--Private For-profit,1373,100,2900,98,NULL,NULL,4251,47,NULL,NULL,31.1,38,77.6,85,68.6,48,55.9,20,31.8,36,1063
131803,Strayer University,Washington,District of Columbia,4-year,Private for-profit,Masters Colleges and Universities--larger programs,883,12.6,818,64,NULL,NULL,5445,82,NULL,NULL,18.2,44,18.2,29,53.9,18,NULL,NULL,9,18,11
131876,Trinity Washington University,Washington,District of Columbia,4-year,Private not-for-profit,Masters Colleges and Universities--larger programs,1853,64.7,1492,53,NULL,NULL,17824,71,12127,39,14.9,8,33.9,13,64.8,90,55.2,10,28.7,17,221
132338,Art Institute of Fort Lauderdale,Fort Lauderdale,Florida,4-year,Private for-profit,Schools of art- music- and design,1924,57.8,1933,87,NULL,NULL,4867,67,NULL,NULL,26.8,65,38,76,60.4,30,66.7,68,34.1,80,205
132408,Baptist College of Florida,Graceville,Florida,4-year,Private not-for-profit,Theological seminaries- Bible colleges- and other faith-related institutions,507,76.3,428,16,1062,53,8015,20,14175,43,18.4,11,36.8,16,62.9,88,83.3,74,41.9,35,38
132471,Barry University,Miami,Florida,4-year,Private not-for-profit,Doctoral/Research Universities,4341,83.4,4212,90,930,11,13971,51,3670,12,21.6,15,37.3,17,51.8,79,60,15,42.3,35,472
132602,Bethune-Cookman University,Daytona Beach,Florida,4-year,Private not-for-profit,Baccalaureate Colleges--Diverse Fields,3724,97,3675,87,812,2,9948,28,12507,40,22.7,17,49.3,39,77.6,95,63,20,71,75,821
132657,Lynn University (Fla.),Boca Raton,Florida,4-year,Private not-for-profit,Doctoral/Research Universities,1785,91.5,1704,59,940,13,14055,52,10304,34,32.6,34,41.3,24,20,14,69.2,33,55.6,54,516
132693,Brevard Community College,Cocoa,Florida,4-year,Public,Associates--Public Rural-serving Large,16711,35.5,12053,73,NULL,NULL,3732,3,1337,15,NULL,NULL,NULL,NULL,36.6,44,NULL,NULL,28.8,6,NULL
132709,Broward College,Fort Lauderdale,Florida,4-year,Public,Associates--Public Urban-serving Multicampus,43883,30.4,30322,97,NULL,NULL,3732,3,1208,14,NULL,NULL,NULL,NULL,50.1,83,NULL,NULL,24.5,2,NULL
132806,Fortis College at Winter Park,Winter Park,Florida,2-year,Private for-profit,Associates--Private For-profit,59,100,332,33,NULL,NULL,3926,30,NULL,NULL,23,26,58.4,43,50.6,20,78.6,78,100,94,274
132842,Carlos Albizu University Miami Campus,Miami,Florida,4-year,Private not-for-profit,Masters Colleges and Universities--medium programs,294,59.5,314,12,NULL,NULL,4977,9,NULL,NULL,13,6,17.4,4,62.7,88,100,99,21.6,9,23
132851,College of Central Florida,Ocala,Florida,4-year,Public,Associates--Public Rural-serving Large,8162,37.3,6103,49,NULL,NULL,6649,63,7699,70,NULL,NULL,NULL,NULL,54.3,88,NULL,NULL,47.9,24,NULL
132879,Florida Christian College,Kissimmee,Florida,4-year,Private not-for-profit,Theological seminaries- Bible colleges- and other faith-related institutions,302,76.8,370,15,970,20,4889,8,3397,11,6.5,3,29,9,52.7,80,74.7,48,38.5,30,31
132903,University of Central Florida,Orlando,Florida,4-year,Public,Research Universities--very high research activity,51333,70.6,45565,100,1175,88,4450,12,2587,34,35.9,77,67.2,86,37.7,47,87.1,87,66.2,57,6350
133021,Chipola College,Marianna,Florida,4-year,Public,Associates--Public 4-year Primarily Associates,2160,43.6,1609,12,NULL,NULL,4754,19,8895,75,NULL,NULL,NULL,NULL,42.3,64,NULL,NULL,35,10,NULL
133085,Clearwater Christian College,Clearwater,Florida,4-year,Private not-for-profit,Baccalaureate Colleges--Arts & Sciences,495,96,498,19,1026,37,9212,26,1742,6,43.9,52,53,46,51.4,78,58.3,13,54.2,51,164
133386,Daytona State College,Daytona Beach,Florida,4-year,Public,Associates--Public 4-year Primarily Associates,14865,41.4,11389,72,NULL,NULL,3625,3,504,6,NULL,NULL,NULL,NULL,49.1,81,NULL,NULL,37.1,12,NULL
133465,South University at West Palm Beach,Royal Palm Beach,Florida,4-year,Private for-profit,Baccalaureate Colleges--Diverse Fields,973,48,833,65,NULL,NULL,4098,36,NULL,NULL,10,23,12,13,70,54,26.1,4,29.1,74,50
133492,Eckerd College,Saint Petersburg,Florida,4-year,Private not-for-profit,Baccalaureate Colleges--Arts & Sciences,2173,89.6,2437,74,1138,74,16613,65,20145,54,58.9,75,66.2,72,23.4,21,83.2,74,67.7,72,535
133508,Edison State College,Fort Myers,Florida,4-year,Public,Associates--Public 4-year Primarily Associates,15423,32.7,10649,69,NULL,NULL,4330,10,1684,21,NULL,NULL,NULL,NULL,39.9,56,NULL,NULL,25.1,3,NULL
133526,Edward Waters College,Jacksonville,Florida,4-year,Private not-for-profit,Baccalaureate Colleges--Diverse Fields,862,98,897,32,802,1,11166,34,1851,7,1.1,0,20,5,84.1,97,50.9,7,57,56,185
133553,Embry-Riddle Aeronautical University,Daytona Beach,Florida,4-year,Private not-for-profit,Masters Colleges and Universities--medium programs,4679,93.2,4520,91,1105,66,9450,26,10039,33,33.6,35,56.4,52,31,35,77.8,57,86,88,1014
133650,Florida A&M University,Tallahassee,Florida,4-year,Public,Doctoral/Research Universities,8930,90,9654,65,947,18,7165,73,6827,68,11.7,18,40.9,35,64.4,95,81.5,73,80.2,84,1854
133669,Florida Atlantic University,Boca Raton,Florida,4-year,Public,Research Universities--high research activity,25790,61.6,20736,90,1039,57,5243,32,7678,70,15.1,30,41,35,40,56,76.5,58,63.6,52,2563
133702,Florida State College at Jacksonville,Jacksonville,Florida,4-year,Public,Associates--Public 4-year Primarily Associates,28134,32.8,21810,91,NULL,NULL,3507,2,1728,22,NULL,NULL,NULL,NULL,38.7,51,NULL,NULL,32.6,7,NULL
133711,Flagler College at Saint Augustine,Saint Augustine,Florida,4-year,Private not-for-profit,Baccalaureate Colleges--Diverse Fields,2839,96.7,2644,78,1096,64,7168,17,21644,56,46.3,56,63.1,66,29.2,31,66.9,27,43.6,38,531
133809,Florida College,Temple Terrace,Florida,4-year,Private not-for-profit,Baccalaureate/Associates Colleges,558,95.5,502,19,1060,52,8066,21,20266,54,9.2,4,9.2,1,37.3,50,67.2,28,70.6,74,229
133845,Concorde Career Institute at Jacksonville,Jacksonville,Florida,2-year,Private for-profit,Associates--Private For-profit,630,100,671,64,NULL,NULL,3970,32,NULL,NULL,28.6,35,90.1,97,39.8,10,70.5,57,61.1,75,525
133854,Concorde Career Institute at Miramar,Miramar,Florida,2-year,Private for-profit,Not applicable- not in Carnegie universe,508,100,600,60,NULL,NULL,4258,48,NULL,NULL,62.5,78,90.3,97,46.6,16,71.3,60,65.5,80,534
133863,Concorde Career Institute at Tampa,Tampa,Florida,2-year,Private for-profit,Not applicable- not in Carnegie universe,454,100,675,65,NULL,NULL,4403,54,NULL,NULL,62.6,78,88.4,96,37.8,8,63.9,39,53.3,67,422
133872,Florida Hospital College of Health Sciences,Orlando,Florida,4-year,Private not-for-profit,Other health professions schools,2160,28,1665,58,884,5,4070,5,3496,11,0,0,16.7,3,35.9,47,71.4,39,30.3,19,6
133881,Florida Institute of Technology,Melbourne,Florida,4-year,Private not-for-profit,Doctoral/Research Universities,3257,94.2,3039,83,1153,77,19722,78,11992,39,38.7,44,54.4,49,24.1,22,79.7,63,56,55,675
133951,Florida International University,Miami,Florida,4-year,Public,Research Universities--high research activity,39142,66.3,34130,98,1154,85,4904,23,5533,60,20.5,45,51.6,63,58.1,91,83.5,79,64,53,3230
133960,Florida Keys Community College,Key West,Florida,2-year,Public,Associates--Public Rural-serving Small,1139,38.2,833,8,NULL,NULL,4666,73,NULL,NULL,16,74,33.6,88,31.4,24,58.2,52,22,16,119
133979,Florida Memorial University,Miami Gardens,Florida,4-year,Private not-for-profit,Masters Colleges and Universities--smaller programs,1517,93.2,1543,54,NULL,NULL,5471,11,5871,20,22.9,17,37.3,17,89.8,99,68.8,32,73.7,77,510
133997,Florida Career College at Miami,Miami,Florida,4-year,Private for-profit,Associates--Private For-profit 4-year Primarily Associates,5818,100,10133,98,NULL,NULL,4886,68,NULL,NULL,36.7,81,36.7,75,78,81,55.6,52,45.5,88,177
134079,Florida Southern College,Lakeland,Florida,4-year,Private not-for-profit,Baccalaureate Colleges--Diverse Fields,2416,88,2285,72,1102,65,16037,62,32743,67,47,57,58.2,57,32.9,40,77.8,57,50.6,48,423
134097,Florida State University,Tallahassee,Florida,4-year,Public,Research Universities--very high research activity,32528,88.9,31611,98,1212,92,4537,14,13906,85,56.6,93,76.9,94,30.6,26,91.7,95,71.8,70,6108
134112,Florida Technical College at Orlando,Orlando,Florida,4-year,Private for-profit,Associates--Private For-profit,4330,100,4907,95,NULL,NULL,3636,13,NULL,NULL,NULL,NULL,NULL,NULL,77.5,80,91,90,86.1,97,NULL
134121,Southern Career College,Jacksonville,Florida,4-year,Private for-profit,Associates--Private For-profit,99,100,111,2,NULL,NULL,9890,99,NULL,NULL,NULL,NULL,NULL,NULL,89.7,99,NULL,NULL,42.9,87,NULL
134130,University of Florida,Gainesville,Florida,4-year,Public,Research Universities--very high research activity,33168,91.4,32139,98,1272,97,6128,52,28599,94,65.2,97,86.5,99,32.1,30,96.5,99,82.8,89,6440
134149,Everest University-Pompano Beach Campus,Pompano Beach,Florida,4-year,Private for-profit,Masters Colleges and Universities--smaller programs,1746,61.9,2036,88,NULL,NULL,4655,61,NULL,NULL,44.4,88,47.2,84,83.4,93,21.7,2,18.5,50,36
134237,Full Sail University,Winter Park,Florida,4-year,Private for-profit,Masters Colleges and Universities--larger programs,18880,100,28213,99,NULL,NULL,5299,79,NULL,NULL,80.5,96,80.5,96,63.5,36,50.2,44,100,98,3240
134343,Gulf Coast Community College,Panama City,Florida,4-year,Public,Associates--Public Rural-serving Large,6271,35.5,4474,37,NULL,NULL,3585,3,5953,62,NULL,NULL,NULL,NULL,42.8,66,NULL,NULL,34,9,NULL
134495,Hillsborough Community College,Tampa,Florida,2-year,Public,Associates--Public Urban-serving Multicampus,26590,43.4,19838,98,NULL,NULL,3983,51,108,10,6.5,33,24.1,64,43.1,53,62.6,72,19.6,10,2815
134510,Hobe Sound Bible College,Hobe Sound,Florida,4-year,Private not-for-profit,Theological seminaries- Bible colleges- and other faith-related institutions,200,47.5,128,3,NULL,NULL,4057,5,15951,47,45,54,45,31,54.7,82,66.7,26,75,78,20
134608,Indian River State College,Fort Pierce,Florida,4-year,Public,Associates--Public 4-year Primarily Associates,17248,34.4,12211,74,NULL,NULL,3869,5,1721,22,NULL,NULL,NULL,NULL,39.9,56,NULL,NULL,25.3,3,NULL
134680,International Academy of Design and Technology at Tampa,Tampa,Florida,4-year,Private for-profit,Schools of art- music- and design,474,83.8,752,61,NULL,NULL,5099,74,NULL,NULL,20.7,51,24.4,46,65.5,40,60,58,10.8,26,217
134811,Miami International University of Art & Design,Miami,Florida,4-year,Private for-profit,Schools of art- music- and design,3167,76.6,3502,93,NULL,NULL,5360,81,NULL,NULL,29.3,70,38.5,77,56.8,23,53.7,50,38,84,444
134909,ITT Technical Institute at Tampa,Tampa,Florida,4-year,Private for-profit,Other technology-related schools,463,67.8,540,44,NULL,NULL,4052,35,NULL,NULL,10,23,10,10,67.6,46,NULL,NULL,23.9,64,10
134945,Jacksonville University,Jacksonville,Florida,4-year,Private not-for-profit,Masters Colleges and Universities--medium programs,3425,64.3,2873,81,1010,32,16803,66,11979,39,24.3,19,38.2,18,29.4,32,71.7,40,97.9,95,581
135063,Jones College,Jacksonville,Florida,4-year,Private not-for-profit,Baccalaureate Colleges--Diverse Fields,449,14.3,345,13,NULL,NULL,10444,31,NULL,NULL,14.3,7,14.3,3,77.8,95,50,6,3.2,0,14
135081,Keiser University at Fort Lauderdale,Fort Lauderdale,Florida,4-year,Private not-for-profit,Baccalaureate/Associates Colleges,16039,74.9,17507,99,NULL,NULL,5044,9,NULL,NULL,59.3,76,67.7,74,59.6,86,73.5,45,61.5,63,430
135124,Heritage Institute - Fort Myers,Fort Myers,Florida,2-year,Private for-profit,Associates--Private For-profit,614,100,801,72,NULL,NULL,3757,21,NULL,NULL,6.3,5,62.9,56,72.9,57,68.3,51,70,83,590
135160,Florida Gateway College,Lake City,Florida,4-year,Public,Associates--Public Rural-serving Medium,3057,31.1,2179,18,NULL,NULL,2383,0,1548,19,NULL,NULL,NULL,NULL,39,52,NULL,NULL,37.5,12,NULL
135188,Lake-Sumter Community College,Leesburg,Florida,4-year,Public,Associates--Public Suburban-serving Multicampus,4288,29.1,2983,25,NULL,NULL,4670,17,1390,17,NULL,NULL,NULL,NULL,31.2,27,NULL,NULL,32.8,7,NULL
135364,Luther Rice University,Lithonia,Georgia,4-year,Private not-for-profit,Theological seminaries- Bible colleges- and other faith-related institutions,511,23.9,351,14,NULL,NULL,3629,3,570,2,50,62,50,40,55.9,83,66.7,26,45.7,40,2
135391,"State College of Florida, Manatee-Sarasota",Bradenton,Florida,4-year,Public,Associates--Public Urban-serving Multicampus,10533,41.6,8012,58,NULL,NULL,4066,7,1487,18,NULL,NULL,NULL,NULL,46.3,75,NULL,NULL,25.7,3,NULL
135717,Miami Dade College,Miami,Florida,4-year,Public,Associates--Public 4-year Primarily Associates,66298,40.1,53787,100,NULL,NULL,3956,6,3411,43,NULL,NULL,NULL,NULL,51.6,85,NULL,NULL,27.3,4,NULL
135726,University of Miami,Coral Gables,Florida,4-year,Private not-for-profit,Research Universities--very high research activity,11380,93.5,10871,98,1332,93,25099,90,48576,77,70.8,87,81.7,90,18.5,11,91.3,89,84.9,87,1977
135939,Remington College-Tampa Campus,Tampa,Florida,4-year,Private not-for-profit,Baccalaureate/Associates Colleges,189,100,320,13,NULL,NULL,3837,4,NULL,NULL,44.4,53,44.4,30,73.8,93,NULL,NULL,57.9,57,9
135957,Everest Institute - Miami,Miami,Florida,2-year,Private for-profit,Associates--Private For-profit,768,87.1,829,73,NULL,NULL,4245,46,NULL,NULL,50.9,65,58.2,42,79.2,72,57.4,24,62.9,77,395
136066,Lincoln College of Technology - West Palm Beach,West Palm Beach,Florida,4-year,Private for-profit,Associates--Private For-profit 4-year Primarily Associates,738,92.3,874,67,NULL,NULL,4727,63,NULL,NULL,NULL,NULL,NULL,NULL,73.3,67,60,58,37.3,83,NULL
136145,North Florida Community College,Madison,Florida,2-year,Public,Associates--Public Rural-serving Small,1179,40.9,903,9,NULL,NULL,4566,70,1895,74,27.4,92,43.3,95,56.3,82,66.7,84,46.2,79,208
136172,University of North Florida,Jacksonville,Florida,4-year,Public,Masters Colleges and Universities--larger programs,14263,70.7,12712,75,1143,83,4824,21,6018,63,21.2,48,50,58,34.8,38,81.7,75,61.6,47,2048
136206,Northwood University (Fla.),West Palm Beach,Florida,4-year,Private not-for-profit,Schools of business and management,612,87.9,563,22,932,12,13026,45,8550,28,28.1,25,33.8,13,33.8,42,71.4,39,17.2,6,139
136215,Nova Southeastern University,Fort Lauderdale,Florida,4-year,Private not-for-profit,Research Universities--high research activity,5156,67,4822,92,1084,60,10302,30,2645,9,25,20,40.6,23,44.2,65,71.1,38,50.6,48,488
136233,Northwest Florida State College,Niceville,Florida,4-year,Public,Associates--Public 4-year Primarily Associates,6708,39.9,5197,42,NULL,NULL,4712,19,6868,68,NULL,NULL,NULL,NULL,31.5,28,NULL,NULL,36.4,11,NULL
136288,Everest University-North Orlando Campus,Orlando,Florida,4-year,Private for-profit,Baccalaureate/Associates Colleges,714,75.5,1054,73,NULL,NULL,4304,47,NULL,NULL,33.3,75,55.6,90,80.1,86,100,91,24,64,18
136330,Palm Beach Atlantic University,West Palm Beach,Florida,4-year,Private not-for-profit,Masters Colleges and Universities--medium programs,2887,81.7,2420,74,1061,52,13014,44,23183,57,40,45,47.8,36,34.8,44,73.3,44,55.5,54,423
136358,Palm Beach State College,Lake Worth,Florida,4-year,Public,Associates--Public Suburban-serving Multicampus,29763,31.8,19938,88,NULL,NULL,2757,1,879,9,NULL,NULL,NULL,NULL,46.9,76,NULL,NULL,23.8,2,NULL
136400,Pasco-Hernando Community College,New Port Richey,Florida,2-year,Public,Associates--Public Suburban-serving Multicampus,10206,39.2,7030,79,NULL,NULL,3674,37,4286,92,19.3,82,35.7,90,44.4,57,63.8,77,34.3,55,1448
136473,Pensacola State College,Pensacola,Florida,4-year,Public,Associates--Public Rural-serving Large,11235,39.8,8740,61,NULL,NULL,3748,4,990,11,NULL,NULL,NULL,NULL,37.6,47,NULL,NULL,28.7,6,NULL
136516,Polk State College,Winter Haven,Florida,4-year,Public,Associates--Public Rural-serving Large,11085,34.7,7935,58,NULL,NULL,4669,17,1393,17,NULL,NULL,NULL,NULL,41.5,61,NULL,NULL,24.6,2,NULL
136774,Ringling College of Art and Design,Sarasota,Florida,4-year,Private not-for-profit,Schools of art- music- and design,1253,96.7,1273,46,NULL,NULL,11556,36,27160,62,56,71,64.9,70,30,33,77.9,57,63.8,66,291
136950,Rollins College,Winter Park,Florida,4-year,Private not-for-profit,Masters Colleges and Universities--larger programs,2608,90.7,2674,79,1199,84,20772,82,113393,88,60.8,77,67,73,31.6,37,83.4,74,100,95,525
137032,Saint Leo University,Saint Leo,Florida,4-year,Private not-for-profit,Masters Colleges and Universities--larger programs,12640,68.5,11999,98,NULL,NULL,6989,16,2998,10,30.7,30,45.9,33,45.4,68,69,32,100,95,453
137078,St. Petersburg College,Clearwater,Florida,4-year,Public,Baccalaureate/Associates Colleges,31820,28.7,21467,91,NULL,NULL,3376,2,1241,14,NULL,NULL,NULL,NULL,42.7,65,NULL,NULL,19.2,1,NULL
137096,Santa Fe College,Gainesville,Florida,4-year,Public,Associates--Public Rural-serving Large,15113,40.1,11819,72,NULL,NULL,2232,0,1916,24,NULL,NULL,NULL,NULL,38.3,49,NULL,NULL,31.9,7,NULL
137148,Argosy University-Sarasota,Sarasota,Florida,4-year,Private for-profit,Doctoral/Research Universities,131,7.6,94,1,NULL,NULL,3780,19,NULL,NULL,NULL,NULL,NULL,NULL,65.9,41,0,0,12,31,NULL
137209,Seminole State College of Florida,Sanford,Florida,4-year,Public,Associates--Public Suburban-serving Single Campus,18427,37.4,15021,79,NULL,NULL,4007,7,725,8,NULL,NULL,NULL,NULL,47.7,78,NULL,NULL,25.3,3,NULL
137281,St. Johns River Community College,Palatka,Florida,4-year,Public,Associates--Public Rural-serving Large,6127,37.4,4698,38,NULL,NULL,3891,5,361,5,NULL,NULL,NULL,NULL,38.7,51,NULL,NULL,33.4,8,NULL
137315,South Florida Community College,Avon Park,Florida,4-year,Public,Associates--Public Rural-serving Medium,2699,35.9,1902,15,NULL,NULL,3986,6,2640,35,NULL,NULL,NULL,NULL,45.5,72,NULL,NULL,44.8,18,NULL
137351,University of South Florida,Tampa,Florida,4-year,Public,Research Universities--very high research activity,31100,76.3,28730,97,1168,87,6084,50,9188,75,35.6,77,63.2,80,41.3,61,88.8,91,75.2,76,3754
137476,St. Thomas University,Miami Gardens,Florida,4-year,Private not-for-profit,Masters Colleges and Universities--larger programs,1035,93,1588,55,904,7,14401,54,6553,22,27.9,24,38.3,19,51.1,78,61.8,17,67.5,71,222
137546,Stetson University,DeLand,Florida,4-year,Private not-for-profit,Masters Colleges and Universities--larger programs,2729,98.6,2661,78,1168,80,26103,92,41755,73,56.4,72,64.1,68,36.5,48,78.1,58,60.8,62,557
137564,Southeastern University (Fla.),Lakeland,Florida,4-year,Private not-for-profit,Baccalaureate Colleges--Diverse Fields,3083,80.2,2201,70,955,16,9495,27,2830,10,24,19,38.4,19,41.8,60,68.7,31,47.9,44,558
137759,Tallahassee Community College,Tallahassee,Florida,2-year,Public,Associates--Public Rural-serving Large,13509,47,10904,90,NULL,NULL,7076,97,829,53,13.6,68,33.1,87,43.6,55,58.7,54,31.8,48,2531
137801,Everest University-Tampa Campus,Tampa,Florida,4-year,Private for-profit,Baccalaureate/Associates Colleges,738,82.5,1108,75,NULL,NULL,4546,58,NULL,NULL,37.5,82,37.5,76,75,73,50,38,33.8,79,8
137810,Everest University-Largo,Largo,Florida,4-year,Private for-profit,Baccalaureate/Associates Colleges,468,78.4,621,54,NULL,NULL,4907,70,NULL,NULL,0,0,0,0,79.2,84,NULL,NULL,29,73,1
137847,University of Tampa,Tampa,Florida,4-year,Private not-for-profit,Masters Colleges and Universities--larger programs,6499,95.2,6494,95,1075,57,10419,31,4130,14,50.6,63,61.4,62,24.7,23,75.1,50,44.4,39,1169
137953,Trinity Baptist College,Jacksonville,Florida,4-year,Private not-for-profit,Theological seminaries- Bible colleges- and other faith-related institutions,301,78.4,229,9,863,4,8307,21,271,1,28.6,26,34.3,14,62.9,88,47.2,4,50,47,35
137962,Trinity College of Florida,Trinity,Florida,4-year,Private not-for-profit,Theological seminaries- Bible colleges- and other faith-related institutions,224,90.2,167,5,NULL,NULL,5904,12,3648,12,19.4,13,32.3,11,56.6,84,60.7,16,25,13,31
138187,Valencia Community College,Orlando,Florida,4-year,Public,Associates--Public Urban-serving Multicampus,42180,39.2,30467,97,NULL,NULL,4541,14,1893,24,NULL,NULL,NULL,NULL,44.6,70,NULL,NULL,30.6,6,NULL
138275,Warner University,Lake Wales,Florida,4-year,Private not-for-profit,Masters Colleges and Universities--smaller programs,1043,85.1,959,35,908,7,17869,71,4235,14,26.1,22,39.9,22,64.9,90,49.2,5,34.5,25,138
138293,Webber International University,Babson Park,Florida,4-year,Private not-for-profit,Baccalaureate Colleges--Diverse Fields,667,94.9,644,24,922,9,13336,47,6633,22,1.7,0,32.8,12,45,67,52.5,8,100,95,116
138309,Rasmussen College at Ocala,Ocala,Florida,4-year,Private for-profit,Baccalaureate/Associates Colleges,5640,58.6,5736,96,NULL,NULL,3593,11,NULL,NULL,23.8,58,33.3,65,69.2,51,71.4,75,8.1,14,21
138354,University of West Florida,Pensacola,Florida,4-year,Public,Doctoral/Research Universities,10158,74.6,8810,61,1062,63,5501,37,4664,55,20.2,44,42.3,39,41,60,70,37,52.9,33,912
138558,Abraham Baldwin Agricultural College,Tifton,Georgia,4-year,Public,Associates--Public 4-year Primarily Associates,3394,69.2,2564,21,897,9,4200,8,4111,50,NULL,NULL,NULL,NULL,46.1,74,60.4,12,56.9,39,NULL
138600,Agnes Scott College,Decatur,Georgia,4-year,Private not-for-profit,Baccalaureate Colleges--Arts & Sciences,915,98,892,32,NULL,NULL,24578,89,281391,95,66.1,83,72,80,44.9,66,82.8,72,70.1,73,218
138655,Interactive College of Technology,Chamblee,Georgia,2-year,Private for-profit,Associates--Private For-profit,383,98.4,307,30,NULL,NULL,7895,98,NULL,NULL,73.8,90,73.8,80,39.4,9,63,35,23.5,21,130
138682,Albany Technical College,Albany,Georgia,2-year,Public,Associates--Public Rural-serving Medium,3894,53.7,3707,55,NULL,NULL,4484,67,NULL,NULL,30.9,94,41,94,80.9,99,54.9,37,47.6,82,553
138691,Darton College,Albany,Georgia,2-year,Public,Associates--Public Rural-serving Medium,6195,47.7,5000,67,NULL,NULL,3844,45,231,23,5.4,27,13.5,23,56.1,82,56.2,43,50.6,85,1033
138716,Albany State University,Albany,Georgia,4-year,Public,Masters Colleges and Universities--medium programs,3660,82.5,3331,28,887,6,5368,35,485,6,16,33,42.5,40,72.3,98,69.7,36,64.1,53,626
138761,Andrew College,Cuthbert,Georgia,2-year,Private not-for-profit,Associates--Private Not-for-profit,316,97.8,283,51,825,0,9004,94,32681,88,13.7,15,21.6,14,57.2,46,44.3,11,88,85,153
138789,Armstrong Atlantic State University,Savannah,Georgia,4-year,Public,Masters Colleges and Universities--larger programs,6377,73.5,5831,47,997,37,5045,27,1417,17,10.2,16,33.6,22,43.4,67,67.4,27,62.5,49,753
138813,Art Institute of Atlanta,Atlanta,Georgia,4-year,Private for-profit,Schools of art- music- and design,3078,83.3,3140,93,NULL,NULL,5239,78,NULL,NULL,13.9,33,24.7,47,66.9,44,42.4,26,31.6,76,409
138840,Atlanta Technical College,Atlanta,Georgia,2-year,Public,Associates--Public Urban-serving Single Campus,4859,36.3,4217,60,NULL,NULL,5008,82,NULL,NULL,10.9,57,23.6,62,76.5,98,54.1,33,33.2,51,488
138868,Atlanta Christian College,West Point,Georgia,4-year,Private not-for-profit,Baccalaureate Colleges--Diverse Fields,1439,89.7,1376,49,946,14,16855,67,2402,8,33.3,35,48.5,38,59.1,86,48.4,5,37.6,29,66
138901,Atlanta Metropolitan College,Atlanta,Georgia,4-year,Public,Associates--Public Urban-serving Single Campus,3016,54.2,2437,20,NULL,NULL,4197,8,NULL,NULL,NULL,NULL,NULL,NULL,71.1,98,80,70,46.3,21,NULL
138947,Clark Atlanta University,Atlanta,Georgia,4-year,Private not-for-profit,Doctoral/Research Universities,2629,95.6,2631,78,880,5,8948,24,18051,51,21.5,15,38.9,20,70.8,92,65.1,23,61.2,62,1061
138956,Augusta Technical College,Augusta,Georgia,2-year,Public,Associates--Public Rural-serving Medium,4379,40.2,3494,52,NULL,NULL,4750,75,NULL,NULL,15.3,72,20.1,50,69.5,95,56.4,45,46.5,80,626
139010,Bainbridge College,Bainbridge,Georgia,2-year,Public,Associates--Public Rural-serving Medium,2695,42.3,2308,37,NULL,NULL,4019,52,311,31,4.9,22,6,1,79,99,55.1,38,45.1,77,567
139074,Bauder College,Atlanta,Georgia,4-year,Private for-profit,Baccalaureate/Associates Colleges,751,52.9,1180,76,NULL,NULL,4733,63,NULL,NULL,18.2,44,18.2,29,80.5,87,0,0,28.1,72,22
139144,Berry College,Mount Berry,Georgia,4-year,Private not-for-profit,Baccalaureate Colleges--Arts & Sciences,2141,98.4,2025,67,1186,82,17989,72,409661,97,50.1,62,60.1,60,26.3,26,79.4,62,86,88,537
139153,Beulah Heights University,Atlanta,Georgia,4-year,Private not-for-profit,Theological seminaries- Bible colleges- and other faith-related institutions,554,43,388,15,NULL,NULL,3144,2,NULL,NULL,9.1,4,40.9,23,62.5,88,96.3,96,15.4,5,22
139199,Brenau University,Gainesville,Georgia,4-year,Private not-for-profit,Masters Colleges and Universities--larger programs,1700,63.2,1428,50,957,17,10143,29,13894,43,29.6,28,44.8,31,52.1,79,66.9,27,42,35,223
139205,Brewton-Parker College,Mount Vernon,Georgia,4-year,Private not-for-profit,Baccalaureate Colleges--Diverse Fields,693,72.6,513,19,896,6,12781,44,27945,63,9.8,4,15.3,3,45.7,68,59.7,14,52.1,49,163
139214,Brown College of Court Reporting and Medical Transcription,Atlanta,Georgia,2-year,Private for-profit,Associates--Private For-profit,233,28.3,186,13,NULL,NULL,1374,1,NULL,NULL,10,11,10,1,65.1,39,25,2,75,86,10
139250,College of Coastal Georgia,Brunswick,Georgia,4-year,Public,Associates--Public Rural-serving Medium,2987,61.5,2447,20,940,16,4212,9,2548,33,NULL,NULL,NULL,NULL,51.3,85,57.4,8,52.3,32,NULL
139278,West Georgia Technical College - Murphy Campus,Waco,Georgia,2-year,Public,Associates--Public Suburban-serving Single Campus,6915,32.1,4768,65,NULL,NULL,4131,57,NULL,NULL,11.9,61,17.3,38,57.2,84,55,38,25.8,28,911
139287,Carver Bible College,Atlanta,Georgia,4-year,Private not-for-profit,Not applicable- not in Carnegie universe,103,57.3,79,1,NULL,NULL,6062,13,NULL,NULL,0,0,0,0,79.3,96,78.6,59,27.3,15,9
139311,Clayton State University,Morrow,Georgia,4-year,Public,Baccalaureate Colleges--Diverse Fields,6893,57.1,5585,45,939,16,4633,16,686,7,8.8,11,28.6,13,57.8,91,72.7,46,73,72,420
139357,Columbus Technical College,Columbus,Georgia,2-year,Public,Associates--Public Rural-serving Medium,3739,38.1,3241,49,NULL,NULL,4374,64,NULL,NULL,8.6,47,16.3,34,70.1,96,45.5,8,34.4,55,467
139366,Columbus State University,Columbus,Georgia,4-year,Public,Masters Colleges and Universities--larger programs,7013,71,6037,48,984,31,5037,27,6514,66,12.1,19,30.6,17,45.6,72,66.5,25,58.8,42,968
139384,Coosa Valley Technical College (see 935),Rome,Georgia,2-year,Public,Associates--Public Rural-serving Medium,6051,35.3,4629,63,NULL,NULL,4262,60,NULL,NULL,10,52,18.7,44,70.8,96,51.3,22,42,71,849
139393,Covenant College,Lookout Mountain,Georgia,4-year,Private not-for-profit,Baccalaureate Colleges--Diverse Fields,1104,95.1,1069,38,1173,80,15262,58,24117,58,47.8,58,58.1,56,29.6,32,84.7,76,70.1,73,291
139463,Dalton State College,Dalton,Georgia,4-year,Public,Baccalaureate/Associates Colleges,5015,60.7,3846,33,NULL,NULL,4398,12,2488,32,7.8,8,20.7,5,61.2,94,71.2,41,70.3,66,116
139579,South University Savannah (Ga.),Savannah,Georgia,4-year,Private for-profit,Masters Colleges and Universities--larger programs,777,48.8,760,62,NULL,NULL,4749,65,NULL,NULL,8.7,18,8.7,7,71.8,60,45,32,35.1,81,46
139621,East Georgia College,Swainsboro,Georgia,4-year,Public,Associates--Public Rural-serving Small,2857,76.8,2345,19,NULL,NULL,6758,65,82,2,NULL,NULL,NULL,NULL,98.5,100,NULL,NULL,62.7,50,NULL
139630,Emmanuel College (Ga.),Franklin Springs,Georgia,4-year,Private not-for-profit,Baccalaureate Colleges--Diverse Fields,806,87.1,748,27,NULL,NULL,10901,33,4764,16,30.7,30,45,31,51.1,78,64.1,21,61.4,62,140
139658,Emory University,Atlanta,Georgia,4-year,Private not-for-profit,Research Universities--very high research activity,7836,98,8696,97,1363,94,30026,95,382343,97,83.8,95,90.8,96,21.9,18,94.4,93,81.9,84,1226
139700,Georgia Highlands College,Rome,Georgia,2-year,Public,Associates--Public Rural-serving Medium,5492,51.8,4071,58,NULL,NULL,4018,52,8,1,1.3,2,7.7,4,51.5,75,64.7,80,56,91,1125
139719,Fort Valley State University,Fort Valley,Georgia,4-year,Public,Baccalaureate Colleges--Diverse Fields,2858,89.9,2981,25,NULL,NULL,5214,31,1782,22,7.9,9,30.2,16,76.5,99,58.6,9,81.8,87,708
139755,Georgia Institute of Technology,Atlanta,Georgia,4-year,Public,Research Universities--very high research activity,14558,91.3,15126,79,1352,99,8510,86,77288,99,40.9,83,82.2,96,19.3,5,95.5,98,85.7,91,2622
139764,Georgia Southwestern State University,Americus,Georgia,4-year,Public,Masters Colleges and Universities--smaller programs,2667,70.1,2459,20,950,19,4979,25,4532,54,15.2,30,35.8,25,47.7,78,65,21,70.1,66,388
139861,Georgia College & State University,Milledgeville,Georgia,4-year,Public,Masters Colleges and Universities--larger programs,5729,91.9,5540,45,1126,81,6178,53,5101,57,38.8,81,61.2,79,21.8,8,84.6,82,76.5,78,1197
139904,Georgia Military College,Milledgeville,Georgia,2-year,Public,Associates--Public Special Use,1651,80.9,1650,24,NULL,NULL,6071,92,1726,72,23.8,88,37,91,62.2,90,55.1,38,34.8,57,332
139931,Georgia Southern University,Statesboro,Georgia,4-year,Public,Doctoral/Research Universities,17904,88,17010,82,1094,74,5192,30,2244,30,25.5,60,50.5,59,37.5,46,80.5,71,87.1,94,3028
139940,Georgia State University,Atlanta,Georgia,4-year,Public,Research Universities--very high research activity,24868,74,21951,92,1060,63,5995,48,5272,59,21.4,48,53.2,64,50.9,84,82.3,76,73.6,73,2521
139959,University of Georgia,Athens,Georgia,4-year,Public,Research Universities--very high research activity,26278,94.2,25050,94,1247,95,7686,80,2069,27,56.8,93,82.2,96,23.6,11,94.2,97,87,94,4675
139968,Gordon College (Ga.),Barnesville,Georgia,4-year,Public,Associates--Public 4-year Primarily Associates,4187,65.9,3336,28,840,2,4069,8,703,8,NULL,NULL,NULL,NULL,53.9,87,100,100,53.2,34,NULL
139986,Southern Crescent Technical College,Griffin,Georgia,2-year,Public,Associates--Public Suburban-serving Multicampus,5177,41.4,4168,59,NULL,NULL,4427,66,NULL,NULL,12.8,65,18.8,45,67.4,95,48.4,13,38.6,66,719
139995,Gupton Jones College of Funeral Service,Decatur,Georgia,2-year,Private not-for-profit,Associates--Private Not-for-profit,174,100,165,25,NULL,NULL,2595,9,NULL,NULL,61.5,74,67.5,68,84.9,91,67.3,60,100,92,117
140003,Gwinnett College,Lilburn,Georgia,2-year,Private for-profit,Associates--Private For-profit,368,45.7,404,41,NULL,NULL,4003,34,NULL,NULL,23.6,26,52.8,33,81.6,77,63.3,37,12.9,9,89
140012,Gwinnett Technical College,Lawrenceville,Georgia,2-year,Public,Associates--Public Suburban-serving Single Campus,7180,31.8,5138,68,NULL,NULL,3976,51,NULL,NULL,9.2,49,18.2,42,54.2,79,54.7,35,25.2,26,554
140164,Kennesaw State University,Kennesaw,Georgia,4-year,Public,Masters Colleges and Universities--larger programs,22621,74.6,19728,88,1068,64,4457,13,1180,13,15.4,31,43.4,43,41.8,63,75.6,56,51.7,31,2356
140234,LaGrange College,Lagrange,Georgia,4-year,Private not-for-profit,Baccalaureate Colleges--Diverse Fields,856,91.8,853,31,995,27,16845,67,55914,80,30.8,30,37.5,17,45.2,67,61.1,16,65.4,68,224
140243,Lanier Technical College,Oakwood,Georgia,2-year,Public,Associates--Public Rural-serving Medium,3579,29.1,2435,39,NULL,NULL,3867,46,NULL,NULL,12.3,63,27.8,75,53.4,78,61.5,68,35.6,59,424
140252,Life University,Marietta,Georgia,4-year,Private not-for-profit,Baccalaureate Colleges--Arts & Sciences,765,72.7,849,31,NULL,NULL,6499,14,NULL,NULL,21.7,16,21.7,5,48.1,73,69.2,33,67.4,71,23
140331,Chattahoochee Technical College (see 12064),Marietta,Georgia,2-year,Public,Associates--Public Suburban-serving Single Campus,10470,32.8,8173,83,NULL,NULL,4282,61,NULL,NULL,5.5,28,9.5,9,53.4,78,49.7,18,37.9,64,1520
140340,Herzing University (Ga.),Atlanta,Georgia,4-year,Private for-profit,Baccalaureate Colleges--Diverse Fields,393,71,526,42,NULL,NULL,4490,55,NULL,NULL,9.7,22,22.6,42,64.7,38,31.6,7,24.3,65,31
140447,Mercer University,Macon,Georgia,4-year,Private not-for-profit,Masters Colleges and Universities--larger programs,4419,82.8,4075,88,1171,80,16768,66,24270,58,44,52,59.5,59,41,58,82,70,67.5,71,602
140553,Morehouse College,Atlanta,Georgia,4-year,Private not-for-profit,Baccalaureate Colleges--Arts & Sciences,2170,92.4,2379,73,990,26,17584,70,52890,79,38.8,44,53.8,47,50.2,77,80.1,64,77,81,626
140599,Moultrie Technical College,Moultrie,Georgia,2-year,Public,Associates--Public Rural-serving Medium,2058,38.3,1493,21,NULL,NULL,4027,53,NULL,NULL,28.5,93,39.9,94,65.6,94,54.9,37,34.5,55,298
140678,North Georgia Technical College,Clarkesville,Georgia,2-year,Public,Associates--Public Rural-serving Medium,2441,42.1,1976,31,NULL,NULL,4051,54,NULL,NULL,17.3,78,29.5,80,70,96,49.7,18,46.5,80,562
140696,Oglethorpe University,Atlanta,Georgia,4-year,Private not-for-profit,Baccalaureate Colleges--Arts & Sciences,1091,90.9,1027,37,1131,73,21081,83,18477,51,54.7,70,62,64,39.8,56,79.4,62,55.5,54,179
140720,Paine College,Augusta,Georgia,4-year,Private not-for-profit,Baccalaureate Colleges--Diverse Fields,924,90.7,828,30,778,1,6790,15,NULL,NULL,3.9,1,20.9,5,77.1,95,67.6,29,74.6,78,258
140818,Piedmont College,Demorest,Georgia,4-year,Private not-for-profit,Masters Colleges and Universities--larger programs,1281,88.3,1255,45,1001,29,11747,38,23346,58,40,45,46.1,33,50.9,78,70.2,36,51.4,49,180
140872,Reinhardt University,Waleska,Georgia,4-year,Private not-for-profit,Baccalaureate Colleges--Diverse Fields,1217,93.8,1196,43,1013,33,9839,27,31428,66,20.5,14,28.2,8,48,72,60.1,15,35.7,26,273
140942,Savannah Technical College,Savannah,Georgia,2-year,Public,Associates--Public Rural-serving Medium,4784,36.6,3677,54,NULL,NULL,4171,58,NULL,NULL,18.3,81,25.6,69,65.5,93,53.9,32,28.4,36,551
140951,Savannah College of Art and Design,Savannah,Georgia,4-year,Private not-for-profit,Schools of art- music- and design,8825,83.3,8146,97,1078,58,12615,42,1645,6,46.7,57,68.3,75,26,25,80.7,66,79.7,82,1596
140960,Savannah State University,Savannah,Georgia,4-year,Public,Baccalaureate Colleges--Arts & Sciences,4602,89,4045,34,847,2,5676,42,1037,12,8.3,10,29,14,74,99,70.2,38,78.2,81,611
140988,Shorter University,Rome,Georgia,4-year,Private not-for-profit,Baccalaureate Colleges--Arts & Sciences,1544,89.6,1488,52,954,16,13274,47,8711,29,33,34,46.4,34,47.3,71,70.8,37,63.7,65,276
141006,South Georgia Technical College,Americus,Georgia,2-year,Public,Associates--Public Rural-serving Medium,1828,53.4,1565,23,NULL,NULL,4884,78,NULL,NULL,23.8,88,31.5,84,72.6,97,59.6,59,37.1,63,530
141060,Spelman College,Atlanta,Georgia,4-year,Private not-for-profit,Baccalaureate Colleges--Arts & Sciences,2129,96.8,2383,74,1024,37,13516,48,137294,91,59.9,76,67.6,74,51.5,79,88.1,84,70.2,73,553
141097,Southern Polytechnic State University,Marietta,Georgia,4-year,Public,Masters Colleges and Universities--medium programs,5732,72.3,4742,39,1123,80,5061,27,1213,14,10,15,38,30,41.4,61,72.4,45,70.2,66,468
141158,Southwest Georgia Technical College,Thomasville,Georgia,2-year,Public,Associates--Public Rural-serving Small,1546,28.7,1195,15,NULL,NULL,4261,60,566,42,22.9,88,32.1,85,61.3,90,57.6,49,38.5,66,131
141167,Thomas University,Thomasville,Georgia,4-year,Private not-for-profit,Baccalaureate Colleges--Diverse Fields,886,57.1,780,28,NULL,NULL,5196,10,4792,16,14.3,7,27,7,45.2,67,47.1,4,42.2,35,63
141185,Toccoa Falls College,Toccoa Falls,Georgia,4-year,Private not-for-profit,Baccalaureate Colleges--Diverse Fields,870,89.3,804,29,1000,28,11896,39,2811,10,35.2,38,46,33,59.6,86,75.1,50,47.1,43,213
141237,Truett McConnell College,Cleveland,Georgia,4-year,Private not-for-profit,Baccalaureate/Associates Colleges,1606,43,886,32,939,13,10780,33,3613,12,10.5,5,16,3,22.7,19,64,21,35.5,26,162
141255,Wiregrass Georgia Technical College,Valdosta,Georgia,2-year,Public,Associates--Public Rural-serving Medium,3966,34.9,3246,49,NULL,NULL,4622,71,NULL,NULL,15.2,72,24.6,66,73.9,98,51.3,22,37.8,64,613
141264,Valdosta State University,Valdosta,Georgia,4-year,Public,Masters Colleges and Universities--larger programs,9718,85.2,9382,64,1033,56,5174,29,2747,36,15.7,32,40.2,34,45.9,73,68.9,34,79.1,82,2016
141325,Wesleyan College,Macon,Georgia,4-year,Private not-for-profit,Baccalaureate Colleges--Arts & Sciences,651,71.9,516,20,982,23,13581,49,101523,87,58.3,74,63.9,68,36.9,49,66.1,25,69.4,73,108
141334,University of West Georgia,Carrollton,Georgia,4-year,Public,Masters Colleges and Universities--larger programs,9959,84,9112,63,950,19,4996,25,2122,28,17.2,36,42.9,41,47.6,78,71.5,42,80.3,84,1803
141361,Young Harris College,Young Harris,Georgia,4-year,Private not-for-profit,Associates--Private Not-for-profit,1117,97.7,1038,37,980,23,18169,73,115362,89,NULL,NULL,NULL,NULL,38.4,53,61.4,17,66.7,70,NULL
141468,Heald College at Honolulu,Honolulu,Hawaii,2-year,Private for-profit,Associates--Private For-profit,1678,72.5,1815,96,NULL,NULL,6122,88,NULL,NULL,41.5,53,45.7,23,72.4,56,56.9,22,36.7,45,164
141486,Chaminade University of Honolulu,Honolulu,Hawaii,4-year,Private not-for-profit,Masters Colleges and Universities--larger programs,2036,80.7,1565,54,972,21,10738,33,5157,17,26.9,23,38,18,29.3,32,73,44,36.5,27,242
141565,University of Hawaii at Hilo,Hilo,Hawaii,4-year,Public,Baccalaureate Colleges--Arts & Sciences,3457,80,3036,26,967,25,6906,68,63,1,8.2,10,36.4,26,45.3,72,69.8,36,71.8,70,497
141574,University of Hawaii-Manoa,Honolulu,Hawaii,4-year,Public,Research Universities--very high research activity,14499,83.2,13697,77,1087,71,7361,75,1992,25,18.6,39,56.5,72,30.9,27,77.9,63,69,62,1727
141644,Hawaii Pacific University,Honolulu,Hawaii,4-year,Private not-for-profit,Masters Colleges and Universities--larger programs,5582,66.6,4633,91,1005,30,6994,16,11735,38,18.7,12,39.6,21,25.7,24,68.8,32,39.6,31,611
141680,University of Hawaii Honolulu Community College,Honolulu,Hawaii,2-year,Public,Associates--Public 2-year colleges under 4-year universities,4368,37.4,2538,41,NULL,NULL,4062,54,NULL,NULL,2.8,9,12.6,19,24,10,61.3,67,60.6,93,460
141796,University of Hawaii Kapiolani Community College,Honolulu,Hawaii,2-year,Public,Associates--Public 2-year colleges under 4-year universities,8376,37.9,5069,68,NULL,NULL,3797,42,NULL,NULL,2.6,7,15.2,29,18.4,4,65.9,83,48.4,82,741
141802,University of Hawaii Kauai Community College,Lihue,Hawaii,2-year,Public,Associates--Public 2-year colleges under 4-year universities,1530,37.5,815,8,NULL,NULL,4155,57,NULL,NULL,4.6,20,16,33,37.2,38,64.6,79,52.8,88,175
141811,University of Hawaii Leeward Community College,Pearl City,Hawaii,2-year,Public,Associates--Public 2-year colleges under 4-year universities,7976,39.4,4589,63,NULL,NULL,3910,49,NULL,NULL,1.5,3,12.1,16,26.8,15,64.7,80,58.6,92,854
141839,University of Hawaii Maui College,Kahului,Hawaii,4-year,Public,Associates--Public 4-year Primarily Associates,4076,35.8,2492,21,NULL,NULL,3895,5,119,3,NULL,NULL,NULL,NULL,46.5,76,NULL,NULL,36.9,11,NULL
141981,University of Hawaii-West Oahu,Kapolei,Hawaii,4-year,Public,Baccalaureate Colleges--Diverse Fields,2361,44.2,1303,7,891,7,4491,13,125,3,6.2,5,25,9,35.1,39,67.7,29,47.8,23,16
141990,University of Hawaii Windward Community College,Kaneohe,Hawaii,2-year,Public,Associates--Public 2-year colleges under 4-year universities,2799,34.3,1481,21,NULL,NULL,4349,63,NULL,NULL,3.5,12,11.8,15,37.6,40,60.5,63,44.9,77,288
142054,Carrington College at Boise,Boise,Idaho,2-year,Private for-profit,Associates--Private For-profit,552,89.9,527,54,NULL,NULL,3791,23,NULL,NULL,11.8,13,66.3,63,64.3,37,67.6,49,41.3,53,187
142090,Boise Bible College,Boise,Idaho,4-year,Private not-for-profit,Theological seminaries- Bible colleges- and other faith-related institutions,186,89.8,182,6,977,22,6400,14,NULL,NULL,23.1,17,42.3,25,62.1,88,66,25,66.7,70,26
142115,Boise State University,Boise,Idaho,4-year,Public,Masters Colleges and Universities--larger programs,19026,65.4,14986,79,1050,59,4125,8,4948,57,10.9,17,38.3,30,37.2,45,71.3,41,55.5,37,1931
142179,Eastern Idaho Technical College,Idaho Falls,Idaho,2-year,Public,Associates--Public Rural-serving Small,725,40.6,531,4,NULL,NULL,3306,25,1487,68,35.4,96,58.5,98,72.4,97,62.2,70,19.3,9,65
142276,Idaho State University,Pocatello,Idaho,4-year,Public,Research Universities--high research activity,11418,61.4,8853,61,NULL,NULL,5041,27,3835,47,11.4,18,30.6,17,47.5,78,68.5,32,71.7,70,774
142285,University of Idaho,Moscow,Idaho,4-year,Public,Research Universities--high research activity,9540,84,9214,63,1070,65,7546,78,19308,89,24.9,58,53.8,67,39.9,56,78.6,66,77.9,80,1615
142294,College of Idaho,Caldwell,Idaho,4-year,Private not-for-profit,Baccalaureate Colleges--Arts & Sciences,1095,96.3,1026,37,1070,55,22418,86,92003,86,53.6,68,66.5,72,36.2,48,88,84,64.3,66,224
142328,Lewis-Clark State College,Lewiston,Idaho,4-year,Public,Baccalaureate Colleges--Diverse Fields,4304,56.8,3199,27,936,15,4807,21,1610,19,8.6,11,24,8,41.7,63,59.8,10,63.1,50,338
142337,"ITT Technical Institute (Boise, Idaho)",Boise,Idaho,4-year,Private for-profit,Other technology-related schools,251,69.3,298,16,NULL,NULL,4188,41,NULL,NULL,7.1,13,7.1,3,71.1,58,NULL,NULL,25,66,14
142443,North Idaho College,Coeur d'Alene,Idaho,2-year,Public,Associates--Public Rural-serving Medium,6029,50.9,4684,64,NULL,NULL,6110,92,3463,88,12,62,23.4,61,48.8,67,54.8,36,34.1,54,927
142461,Northwest Nazarene University,Nampa,Idaho,4-year,Private not-for-profit,Masters Colleges and Universities--larger programs,1488,76.3,1711,60,1079,58,13960,51,12430,40,31.8,33,49.1,39,37.3,50,76,52,48.3,45,220
142522,Brigham Young University-Idaho,Rexburg,Idaho,4-year,Private not-for-profit,Baccalaureate Colleges--Diverse Fields,27692,51.9,30522,100,1036,43,5560,11,2580,9,21.6,15,53.6,47,38.8,54,67.5,29,43.5,37,1102
142559,College of Southern Idaho,Twin Falls,Idaho,2-year,Public,Associates--Public Rural-serving Large,8330,32.8,5051,67,NULL,NULL,5752,90,NULL,NULL,7.4,38,18.4,43,34.4,31,56.3,44,45.9,79,1011
142887,American Academy of Art,Chicago,Illinois,4-year,Private for-profit,Schools of art- music- and design,406,73.6,384,27,NULL,NULL,6122,91,NULL,NULL,32.3,74,42.4,80,48.4,12,81.5,85,100,98,99
143048,School of the Art Institute of Chicago,Chicago,Illinois,4-year,Private not-for-profit,Schools of art- music- and design,2714,91,2498,76,NULL,NULL,12190,40,51665,79,31.4,32,54,48,25.2,23,81.9,70,21.7,9,446
143084,Augustana College (Ill.),Rock Island,Illinois,4-year,Private not-for-profit,Baccalaureate Colleges--Arts & Sciences,2524,99.4,2555,77,NULL,NULL,19940,78,50005,78,73.6,89,78.4,87,19.3,13,85.1,77,65.4,68,713
143118,Aurora University,Aurora,Illinois,4-year,Private not-for-profit,Masters Colleges and Universities--larger programs,3246,87.9,3013,82,1011,33,11435,35,9032,30,43.6,51,57.6,55,39.1,55,73.5,45,23.4,11,342
143215,Southwestern Illinois College,Belleville,Illinois,2-year,Public,Associates--Public Suburban-serving Multicampus,11332,43.1,9085,86,NULL,NULL,4996,81,357,33,11.5,59,27.2,74,36,36,64.3,79,22,16,789
143279,Black Hawk College,Moline,Illinois,2-year,Public,Associates--Public Rural-serving Large,6574,39.3,5086,68,NULL,NULL,4988,81,865,54,9.9,51,18.7,44,34.3,31,58.7,54,41.4,70,545
143288,Blackburn College,Carlinville,Illinois,4-year,Private not-for-profit,Baccalaureate Colleges--Diverse Fields,543,96.3,541,21,1034,42,8417,22,27143,62,33.7,36,45.1,32,52.7,80,73.3,44,58.5,58,175
143358,Bradley University,Peoria,Illinois,4-year,Private not-for-profit,Masters Colleges and Universities--larger programs,4825,95.7,4726,92,1163,79,13689,49,49328,78,54.9,70,75.6,84,26.8,27,88.1,84,59.9,60,1079
143613,Carl Sandburg College,Galesburg,Illinois,2-year,Public,Associates--Public Rural-serving Medium,2328,44.1,1784,28,NULL,NULL,5982,91,5482,95,11.7,61,25.7,69,48.4,66,50.7,20,27.5,33,358
144005,Chicago State University,Chicago,Illinois,4-year,Public,Masters Colleges and Universities--larger programs,4340,65.7,3602,31,892,8,6934,69,746,8,4,2,20.7,5,68.7,97,53.6,5,71.2,68,372
144050,University of Chicago,Chicago,Illinois,4-year,Private not-for-profit,Research Universities--very high research activity,5703,98.7,5619,93,1504,100,30502,96,429800,97,87.9,98,92.7,97,14.2,5,99.3,99,84.2,86,1297
144157,City Colleges of Chicago Kennedy-King College,Chicago,Illinois,2-year,Public,Associates--Public Urban-serving Multicampus,5860,56.1,5044,67,NULL,NULL,4375,64,NULL,NULL,21.4,86,25.9,70,55.4,81,49.6,17,30.5,44,735
144166,City Colleges of Chicago Malcolm X College,Chicago,Illinois,2-year,Public,Associates--Public Urban-serving Multicampus,6842,44.5,5494,71,NULL,NULL,4046,54,NULL,NULL,3.3,11,8.4,6,49.5,70,38.2,2,27.3,33,581
144175,City Colleges of Chicago Olive-Harvey College,Chicago,Illinois,2-year,Public,Associates--Public Urban-serving Multicampus,5298,36.6,4110,58,NULL,NULL,4077,55,NULL,NULL,0.9,1,8.8,7,44.7,58,44.5,7,33,51,443
144184,City Colleges of Chicago Harry S Truman College,Chicago,Illinois,2-year,Public,Associates--Public Urban-serving Multicampus,11800,26,9050,86,NULL,NULL,3794,42,NULL,NULL,3.2,10,11.8,15,24,10,45.4,8,24,22,879
144193,City Colleges of Chicago Richard J. Daley College,Chicago,Illinois,2-year,Public,Associates--Public Urban-serving Multicampus,9384,40.1,7497,81,NULL,NULL,3869,46,NULL,NULL,2.1,4,8.2,5,29.2,19,47.2,11,20.1,11,473
144209,City Colleges of Chicago Harold Washington College,Chicago,Illinois,2-year,Public,Associates--Public Urban-serving Multicampus,9036,67.1,6987,78,NULL,NULL,4286,61,NULL,NULL,1.4,2,8.7,6,51.6,75,51.2,22,32,48,1161
144218,City Colleges of Chicago Wilbur Wright College,Chicago,Illinois,2-year,Public,Associates--Public Urban-serving Multicampus,12640,34.7,8683,85,NULL,NULL,3665,37,NULL,NULL,2.2,5,13.9,25,33.8,30,57.1,47,24.9,25,1104
144281,Columbia College Chicago,Chicago,Illinois,4-year,Private not-for-profit,Masters Colleges and Universities--medium programs,9671,90.2,9340,98,NULL,NULL,8431,22,13111,41,31.9,33,40.6,23,38,52,66.6,26,27.3,15,2166
144351,Concordia University Chicago,River Forest,Illinois,4-year,Private not-for-profit,Masters Colleges and Universities--larger programs,1604,92.8,1427,50,1030,39,14472,54,4808,16,44.8,54,53.5,47,45.2,67,67.3,28,61.7,63,230
144467,Le Cordon Bleu College of Culinary Arts - Chicago,Chicago,Illinois,2-year,Private for-profit,Associates--Private For-profit,958,100,1590,94,NULL,NULL,5239,78,NULL,NULL,23,26,47.9,25,60.2,30,65.8,44,65.6,80,605
144485,Coyne College,Chicago,Illinois,2-year,Private for-profit,Associates--Private For-profit,590,100,1549,93,NULL,NULL,2906,5,NULL,NULL,36.6,47,56.2,39,80,74,66.4,46,82.8,90,838
144564,Danville Area Community College,Danville,Illinois,2-year,Public,Associates--Public Rural-serving Large,4035,29.1,2229,35,NULL,NULL,3028,18,3566,89,18.9,82,28.7,77,33.3,28,56.3,44,43.6,74,668
144740,DePaul University,Chicago,Illinois,4-year,Private not-for-profit,Doctoral/Research Universities,16420,82.8,15773,99,1163,79,15332,58,17773,50,54.2,69,70.5,78,34.5,44,85.4,78,50.3,47,2513
144865,College of DuPage,Glen Ellyn,Illinois,2-year,Public,Associates--Public Suburban-serving Single Campus,28627,34.6,18910,98,NULL,NULL,4876,78,247,25,4.3,18,15.9,32,24.6,11,68.3,87,18.1,8,2359
144883,East-West University,Chicago,Illinois,4-year,Private not-for-profit,Baccalaureate Colleges--Arts & Sciences,684,97.8,780,28,NULL,NULL,3872,4,NULL,NULL,7,3,10.6,2,69.3,91,29.8,1,27.7,16,385
144892,Eastern Illinois University,Charleston,Illinois,4-year,Public,Masters Colleges and Universities--larger programs,8347,87.8,8235,59,1010,43,7165,73,4361,52,33.6,74,60.3,77,39.2,53,77.1,61,80.3,84,1641
144944,Elgin Community College,Elgin,Illinois,2-year,Public,Associates--Public Suburban-serving Multicampus,11285,33.5,8173,83,NULL,NULL,3018,17,375,34,11.2,58,28.7,77,40.3,46,76.7,98,21.4,15,908
144962,Elmhurst College,Elmhurst,Illinois,4-year,Private not-for-profit,Masters Colleges and Universities--medium programs,2900,94.3,3200,85,1084,60,23847,88,26608,61,59.1,75,74,82,32,38,78.2,58,45.9,41,508
144971,Eureka College,Eureka,Illinois,4-year,Private not-for-profit,Baccalaureate Colleges--Diverse Fields,692,93.1,719,26,1053,49,14440,54,22303,57,43.4,51,60.7,61,39,54,64.1,21,48.1,44,122
145239,Fox College,Bedford Park,Illinois,2-year,Private for-profit,Associates--Private For-profit,387,100,434,44,NULL,NULL,6124,89,NULL,NULL,1.1,0,74.2,81,63.3,35,82.4,86,66.7,81,93
145372,Greenville College,Greenville,Illinois,4-year,Private not-for-profit,Baccalaureate Colleges--Diverse Fields,1129,96.5,1232,44,1033,41,13029,45,10621,35,41,47,50.5,41,36.7,49,72.9,44,32.6,22,307
145460,Harrington College of Design,Chicago,Illinois,4-year,Private for-profit,Schools of art- music- and design,381,43.8,377,25,NULL,NULL,5424,82,NULL,NULL,21.1,52,32.4,64,45,10,33.3,8,12.5,33,71
145497,Hebrew Theological College,Skokie,Illinois,4-year,Private not-for-profit,Theological seminaries- Bible colleges- and other faith-related institutions,521,83.5,515,20,1019,35,5925,12,1806,6,3.2,1,4.8,0,51.7,79,21.8,0,24,12,310
145521,Highland Community College (Ill.),Freeport,Illinois,2-year,Public,Associates--Public Rural-serving Medium,2031,51.7,1383,18,NULL,NULL,4713,74,5597,96,20.8,85,36.6,91,44.2,56,61.4,67,31.3,46,399
145600,University of Illinois at Chicago,Chicago,Illinois,4-year,Public,Research Universities--very high research activity,16671,92.4,15972,81,1092,74,12029,96,7841,71,29.9,69,56.7,73,49.1,81,79.8,68,62,48,3272
145619,Benedictine University,Lisle,Illinois,4-year,Private not-for-profit,Doctoral/Research Universities,3828,79.8,3601,87,1030,39,11620,37,2168,7,37.9,42,52.5,45,36.4,48,73.2,44,23.3,11,385
145637,University of Illinois at Urbana-Champaign,Champaign,Illinois,4-year,Public,Research Universities--very high research activity,32695,96.4,34295,99,1303,99,11051,95,21391,91,68.4,98,83.9,98,20.2,6,93.1,97,70.9,68,6905
145646,Illinois Wesleyan University,Bloomington,Illinois,4-year,Private not-for-profit,Baccalaureate Colleges--Arts & Sciences,2009,99.6,2010,67,1241,88,18143,72,116710,89,72.1,88,78.1,86,18.8,12,87.6,83,71.4,75,538
145682,Illinois Central College,East Peoria,Illinois,2-year,Public,Associates--Public Rural-serving Large,10770,36.8,7158,79,NULL,NULL,3483,31,1949,75,7.9,41,23.2,60,29.9,20,60.5,63,30.5,44,1094
145691,Illinois College,Jacksonville,Illinois,4-year,Private not-for-profit,Baccalaureate Colleges--Arts & Sciences,1010,97.1,1033,37,1024,37,17979,72,135452,91,55.8,71,63.6,67,33.2,40,81.3,68,75.7,79,258
145707,Illinois Eastern Community Colleges Olney Central College,Olney,Illinois,2-year,Public,Associates--Public Rural-serving Medium,1470,46.3,1260,16,NULL,NULL,3091,19,NULL,NULL,30.6,94,37.1,91,41.2,48,68.7,88,48.4,82,62
145725,Illinois Institute of Technology,Chicago,Illinois,4-year,Private not-for-profit,Research Universities--high research activity,2926,92.7,2825,81,1252,89,24558,89,28531,64,31.5,32,62.5,65,31.7,37,86,79,100,95,520
145770,Argosy University-Chicago,Chicago,Illinois,4-year,Private for-profit,Doctoral/Research Universities,296,24.7,238,11,NULL,NULL,3820,21,NULL,NULL,0,0,0,0,70.1,55,36.4,16,13.7,36,1
145813,Illinois State University,Normal,Illinois,4-year,Public,Doctoral/Research Universities,17749,94,17086,83,1110,78,3918,6,4015,49,46.4,88,71.6,91,25.6,15,81.6,74,71.2,68,3140
145831,Illinois Valley Community College,Oglesby,Illinois,2-year,Public,Associates--Public Rural-serving Large,3705,40.5,2747,43,NULL,NULL,3823,43,NULL,NULL,11.9,61,30.1,82,35.4,33,62.9,73,36.6,62,226
146010,International Academy of Design and Technology Chicago,Chicago,Illinois,4-year,Private for-profit,Schools of art- music- and design,346,72.3,514,41,NULL,NULL,5273,79,NULL,NULL,13.3,31,16.8,27,76.2,76,39.1,19,20.5,55,369
146205,John A. Logan College,Carterville,Illinois,2-year,Public,Associates--Public Rural-serving Large,7150,29.2,3995,57,NULL,NULL,2818,12,1280,64,13.1,66,25.6,69,34.5,31,59.4,58,33.1,51,480
146278,John Wood Community College,Quincy,Illinois,2-year,Public,Associates--Public Rural-serving Medium,1923,49.7,1633,24,NULL,NULL,4405,65,733,48,17.9,80,30.8,83,50.4,71,60.7,64,21.3,14,513
146296,Joliet Junior College,Joliet,Illinois,2-year,Public,Associates--Public Suburban-serving Single Campus,16869,34.7,11401,91,NULL,NULL,3549,33,927,55,4,15,12.6,19,24.7,11,63.7,77,24.6,24,1062
146339,Judson University (Ill.),Elgin,Illinois,4-year,Private not-for-profit,Baccalaureate Colleges--Diverse Fields,1066,73.5,1017,36,1045,45,13800,50,11061,36,32.1,33,50,40,43.7,64,72.3,42,41.1,33,134
146348,Kankakee Community College,Kankakee,Illinois,2-year,Public,Associates--Public Rural-serving Large,3825,41.8,2969,46,NULL,NULL,5216,84,1724,72,8,42,19.7,48,47.3,64,69.3,89,26,29,264
146366,Kaskaskia College,Centralia,Illinois,2-year,Public,Associates--Public Rural-serving Large,5258,37.1,3867,56,NULL,NULL,7176,97,1723,71,33,95,46.2,96,33.2,28,55,38,28.6,37,846
146393,Kendall College,Chicago,Illinois,4-year,Private for-profit,Baccalaureate Colleges--Diverse Fields,1659,56.5,1651,85,NULL,NULL,5722,86,NULL,NULL,23.6,57,28.3,57,44.5,9,56.5,54,14.4,39,106
146418,Kishwaukee College,Malta,Illinois,2-year,Public,Associates--Public Suburban-serving Single Campus,4717,49.8,3356,50,NULL,NULL,5373,86,310,31,7.8,40,18.5,43,36.9,38,59.6,59,28,35,601
146427,Knox College,Galesburg,Illinois,4-year,Private not-for-profit,Baccalaureate Colleges--Arts & Sciences,1424,98.3,1408,50,NULL,NULL,20888,82,70137,83,71,87,79.5,88,27.6,29,88.1,84,79.9,83,307
146472,College of Lake County,Grayslake,Illinois,2-year,Public,Associates--Public Suburban-serving Multicampus,17685,26.9,11041,90,NULL,NULL,3215,22,94,10,4.3,18,16.7,35,19.3,5,65,81,21.5,15,1206
146481,Lake Forest College,Lake Forest,Illinois,4-year,Private not-for-profit,Baccalaureate Colleges--Arts & Sciences,1590,98.8,1590,55,1157,78,25412,90,48680,77,58.4,74,63.8,68,32.9,40,82.2,71,56.2,55,356
146506,Lake Land College,Mattoon,Illinois,2-year,Public,Associates--Public Rural-serving Large,6351,44.2,7499,81,NULL,NULL,2850,13,0,0,18.7,81,29.9,81,32.2,26,65.2,81,48.8,83,556
146603,Lewis and Clark Community College,Godfrey,Illinois,2-year,Public,Associates--Public Suburban-serving Single Campus,8520,28.4,4189,59,NULL,NULL,3551,33,NULL,NULL,4.1,16,13.4,23,32.1,25,65.9,83,29.4,40,292
146612,Lewis University,Romeoville,Illinois,4-year,Private not-for-profit,Masters Colleges and Universities--larger programs,4613,80.7,4313,90,1088,61,12141,40,8364,27,44.8,54,62.5,65,31.4,36,81.7,69,34.7,25,632
146667,Lincoln Christian University,Lincoln,Illinois,4-year,Private not-for-profit,Theological seminaries- Bible colleges- and other faith-related institutions,623,82,569,22,996,27,6790,15,11240,37,31.4,32,42.2,25,51.6,79,67.1,28,38.1,30,102
146676,Lincoln College,Lincoln,Illinois,4-year,Private not-for-profit,Baccalaureate/Associates Colleges,1240,64.4,1124,40,850,3,9830,27,35491,69,NULL,NULL,NULL,NULL,60,87,42.5,2,37,28,NULL
146685,Lincoln Land Community College,Springfield,Illinois,2-year,Public,Associates--Public Rural-serving Large,7020,42.5,5460,70,NULL,NULL,4834,77,647,46,12.1,62,25.3,68,33,27,60.2,61,34.8,57,738
146700,Lincoln College of Technology at Melrose Park,Melrose Park,Illinois,2-year,Private for-profit,Associates--Private For-profit,617,100,983,79,NULL,NULL,4530,58,NULL,NULL,21.6,23,48.7,27,79.2,72,69,52,83,90,624
146719,Loyola University Chicago,Chicago,Illinois,4-year,Private not-for-profit,Research Universities--high research activity,10168,91.8,10138,98,1195,83,16820,67,31599,67,59.7,76,71,79,29.9,33,85.4,78,55,53,2035
146755,Trinity College of Nursing & Health Sciences,Rock Island,Illinois,4-year,Private not-for-profit,Other health professions schools,234,48.7,172,6,NULL,NULL,3859,4,12134,39,0,0,0,0,34.5,44,NULL,NULL,83.3,85,3
146816,MacCormac College,Chicago,Illinois,2-year,Private not-for-profit,Associates--Private Not-for-profit,215,48.4,150,22,NULL,NULL,5177,63,NULL,NULL,0,0,36.8,35,64.4,57,29.6,2,12.1,3,19
146825,MacMurray College,Jacksonville,Illinois,4-year,Private not-for-profit,Baccalaureate Colleges--Diverse Fields,571,90.5,562,21,964,18,12298,41,15519,46,28,25,38.4,19,58.2,85,67.1,28,54.8,53,125
147004,McHenry County College,Crystal Lake,Illinois,2-year,Public,Associates--Public Suburban-serving Single Campus,7023,37.6,4886,66,NULL,NULL,3803,42,689,47,8.5,46,24.1,64,23.9,10,67.5,86,29.2,40,468
147013,McKendree University,Lebanon,Illinois,4-year,Private not-for-profit,Masters Colleges and Universities--larger programs,2358,75.3,2046,68,1046,46,13161,46,12043,39,31.5,32,48.3,37,37.9,51,74.7,48,34.4,24,298
147129,Methodist College,Peoria,Illinois,4-year,Private not-for-profit,Other health professions schools,508,68.9,619,23,1030,39,8791,23,1173,4,NULL,NULL,NULL,NULL,47.2,71,67.9,30,57.6,56,NULL
147165,Midstate College,Peoria,Illinois,4-year,Private for-profit,Baccalaureate/Associates Colleges,543,33.7,453,34,NULL,NULL,4383,51,NULL,NULL,NULL,NULL,NULL,NULL,67.9,47,NULL,NULL,33.8,79,NULL
147244,Millikin University,Decatur,Illinois,4-year,Private not-for-profit,Baccalaureate Colleges--Diverse Fields,2153,94.9,2305,72,1087,61,18109,72,47043,77,48,59,59.6,59,38.8,54,76.5,54,58.3,58,475
147341,Monmouth College,Monmouth,Illinois,4-year,Private not-for-profit,Baccalaureate Colleges--Arts & Sciences,1255,99.1,1252,45,1049,48,20835,82,69676,83,56.7,72,58.3,57,44.3,65,75.9,52,66.9,71,393
147369,Moody Bible Institute,Chicago,Illinois,4-year,Private not-for-profit,Theological seminaries- Bible colleges- and other faith-related institutions,3103,77.8,2813,80,NULL,NULL,7241,17,11579,38,64.6,81,84.3,92,26.8,27,77.8,57,40.7,33,364
147378,Moraine Valley Community College,Palos Hills,Illinois,2-year,Public,Associates--Public Suburban-serving Single Campus,16106,42,12008,92,NULL,NULL,4953,80,NULL,NULL,6,31,20.5,52,27,15,68.4,88,24.3,23,1260
147396,Morrison Institute of Technology,Morrison,Illinois,2-year,Private not-for-profit,Associates--Private Not-for-profit,103,100,45,1,NULL,NULL,5715,69,NULL,NULL,77.4,87,77.4,85,57.3,49,88.1,89,70,69,53
147411,Morton College,Cicero,Illinois,2-year,Public,Associates--Public Suburban-serving Single Campus,4886,31.8,3236,49,NULL,NULL,5460,87,NULL,NULL,4.5,20,15,28,41.7,50,71.7,93,23.3,20,246
147536,National-Louis University,Chicago,Illinois,4-year,Private not-for-profit,Doctoral/Research Universities,1427,54.9,1143,41,NULL,NULL,7371,18,7292,24,28.6,26,42.9,26,48.7,74,72.2,42,29.5,18,7
147660,North Central College,Naperville,Illinois,4-year,Private not-for-profit,Masters Colleges and Universities--medium programs,2797,92.7,2686,79,NULL,NULL,15759,61,33860,68,51.1,64,63.9,68,23.9,21,78.8,60,49.3,46,421
147679,North Park University,Chicago,Illinois,4-year,Private not-for-profit,Masters Colleges and Universities--larger programs,2204,84.4,2009,67,NULL,NULL,10119,29,26877,61,39.1,44,56.3,52,36.9,49,80.6,66,38.7,31,373
147703,Northern Illinois University,Dekalb,Illinois,4-year,Public,Research Universities--high research activity,15814,87.4,14566,78,1010,43,7741,80,3355,41,26.5,61,51,61,43,66,66.5,25,79.1,82,2997
147749,Northwestern College (Ill.),Chicago,Illinois,2-year,Private for-profit,Associates--Private For-profit,430,54.7,429,43,NULL,NULL,4280,49,NULL,NULL,34,45,34,13,86.5,84,35.4,5,31.5,36,156
147767,Northwestern University,Evanston,Illinois,4-year,Private not-for-profit,Research Universities--very high research activity,9283,91.4,9017,97,1458,99,29460,94,330031,96,86.2,96,94.2,98,14.2,5,97.7,98,89.4,91,1979
147776,Northeastern Illinois University,Chicago,Illinois,4-year,Public,Masters Colleges and Universities--larger programs,8950,56.6,6849,52,890,7,5805,44,788,8,4.1,2,20.3,5,48.2,79,61,14,61.7,47,870
147800,Oakton Community College,Des Plaines,Illinois,2-year,Public,Associates--Public Suburban-serving Multicampus,10866,27.4,7271,80,NULL,NULL,3129,20,NULL,NULL,4.7,20,14.4,27,19.5,5,71.3,92,22.3,17,793
147828,Olivet Nazarene University,Bourbonnais,Illinois,4-year,Private not-for-profit,Masters Colleges and Universities--larger programs,3335,87.1,3347,85,1105,66,16403,64,4882,17,48.9,60,56.8,53,31.6,37,75.4,50,30.9,20,702
147916,Parkland College,Champaign,Illinois,2-year,Public,Associates--Public Rural-serving Large,8437,37.3,7326,80,NULL,NULL,4275,60,757,49,6.8,34,16.3,34,35.2,33,53.6,31,35.4,58,935
148007,Prairie State College,Chicago Heights,Illinois,2-year,Public,Associates--Public Suburban-serving Single Campus,5064,39.4,4050,58,NULL,NULL,5030,82,174,16,3.8,14,12.9,21,43.3,54,46.1,9,23.1,19,650
148131,Quincy University,Quincy,Illinois,4-year,Private not-for-profit,Masters Colleges and Universities--smaller programs,1196,90.5,1193,43,1048,47,18055,72,11632,38,39.3,45,50.4,41,43.1,63,67.2,28,44.1,38,234
148140,Vatterott College-Quincy,Quincy,Illinois,2-year,Private for-profit,Associates--Private For-profit,200,100,310,30,NULL,NULL,3922,30,NULL,NULL,45,57,46.6,24,25.7,2,73.9,67,38.9,48,131
148177,Illinois Institute of Art at Chicago,Chicago,Illinois,4-year,Private for-profit,Schools of art- music- and design,2322,76.2,2419,91,NULL,NULL,5461,83,NULL,NULL,20.2,50,26.5,54,57.9,25,49.8,38,26.2,69,446
148256,Rend Lake College,Ina,Illinois,2-year,Public,Associates--Public Rural-serving Large,2714,54.5,2778,44,NULL,NULL,5385,86,767,50,41.6,97,51.2,97,30.4,21,59,56,31.5,47,1105
148292,Richland Community College,Decatur,Illinois,2-year,Public,Associates--Public Rural-serving Medium,3340,31.8,2434,39,NULL,NULL,3168,21,6720,97,14.1,69,21.1,53,41.2,48,64.8,80,34,54,199
148335,Robert Morris University Illinois,Chicago,Illinois,4-year,Private not-for-profit,Masters Colleges and Universities--medium programs,2781,95.3,3546,86,NULL,NULL,13188,46,13240,41,76.4,91,80,88,62.2,88,47.2,4,52.4,50,305
148380,Rock Valley College,Rockford,Illinois,2-year,Public,Associates--Public Rural-serving Large,8150,44.8,6269,75,NULL,NULL,4789,75,811,51,4.7,20,22.1,56,35.6,34,66.1,83,36,60,974
148399,Rockford Career College,Rockford,Illinois,2-year,Private for-profit,Associates--Private For-profit,484,44.2,546,56,NULL,NULL,1362,1,NULL,NULL,11.7,13,29.8,9,74.1,60,46.2,10,33.3,39,94
148405,Rockford College,Rockford,Illinois,4-year,Private not-for-profit,Masters Colleges and Universities--larger programs,972,86.2,942,34,1029,39,12062,40,10037,33,24.6,20,39.5,21,52.7,80,58.1,13,43.4,37,114
148487,Roosevelt University,Chicago,Illinois,4-year,Private not-for-profit,Masters Colleges and Universities--larger programs,3658,74.7,3073,83,1035,42,11883,39,16852,48,27,23,41.4,24,42.1,60,58.3,13,35.3,26,263
148496,Dominican University,River Forest,Illinois,4-year,Private not-for-profit,Masters Colleges and Universities--larger programs,2069,92.2,1861,63,1031,41,11317,35,8035,26,50.3,63,63.1,66,44,65,82.5,71,42.1,35,366
148584,University of St. Francis (Ill.),Joliet,Illinois,4-year,Private not-for-profit,Masters Colleges and Universities--larger programs,1780,78.8,1543,54,1070,55,13193,46,5868,20,31.8,33,56.6,53,36.5,48,79.1,62,31.1,20,198
148627,Saint Xavier University,Chicago,Illinois,4-year,Private not-for-profit,Masters Colleges and Universities--larger programs,2920,84,2594,77,1010,32,14981,56,2896,10,30,28,47.1,35,48.8,74,75.5,51,42.6,36,507
148654,University of Illinois at Springfield,Springfield,Illinois,4-year,Public,Masters Colleges and Universities--larger programs,3039,64.8,2436,20,1085,71,6905,68,3068,39,28.5,66,43.1,42,36.8,45,74.3,51,59.5,43,253
148672,Sauk Valley Community College,Dixon,Illinois,2-year,Public,Associates--Public Rural-serving Medium,2220,45,1719,26,NULL,NULL,3481,31,1138,61,19.8,84,29,78,42.8,52,65.2,81,30.3,43,217
148821,Shawnee Community College,Ullin,Illinois,2-year,Public,Associates--Public Rural-serving Large,1834,47.4,1787,28,NULL,NULL,2415,6,494,40,15.9,74,28,75,39,43,38.7,2,25,25,107
148849,Shimer College,Chicago,Illinois,4-year,Private not-for-profit,Baccalaureate Colleges--Arts & Sciences,97,81.4,109,2,NULL,NULL,13278,47,8109,27,50,62,60,60,47.3,71,85.7,78,91.7,92,10
148876,St. Augustine College (Ill.),Chicago,Illinois,4-year,Private not-for-profit,Associates--Private Not-for-profit 4-year Primarily Associates,1607,71.1,1176,42,NULL,NULL,7003,16,590,3,NULL,NULL,NULL,NULL,80.4,96,NULL,NULL,14.9,4,NULL
148937,Southeastern Illinois College,Harrisburg,Illinois,2-year,Public,Associates--Public Rural-serving Large,1930,42,1473,21,NULL,NULL,2300,5,2132,78,11.1,58,23.9,63,41.9,50,60.4,62,35.5,58,117
148991,Spoon River College,Canton,Illinois,2-year,Public,Associates--Public Rural-serving Medium,1784,40,1118,13,NULL,NULL,3943,50,1312,65,10.8,57,22.1,56,33.2,28,59.3,58,33.7,53,249
149222,Southern Illinois University at Carbondale,Carbondale,Illinois,4-year,Public,Research Universities--high research activity,13306,88.7,11780,72,1032,56,8797,88,6447,65,23.4,54,44,44,43.3,67,60.4,12,87.3,95,2487
149231,Southern Illinois University at Edwardsville,Edwardsville,Illinois,4-year,Public,Masters Colleges and Universities--larger programs,11229,85.1,10364,68,1050,59,6099,51,1512,18,27.8,65,50.4,58,35.6,41,69.3,35,69.3,64,1833
149310,Taylor Business Institute (Ill.),Chicago,Illinois,2-year,Private for-profit,Associates--Private For-profit,257,100,401,41,NULL,NULL,6750,92,NULL,NULL,0,0,50.8,29,88.6,89,64,39,25,26,256
149365,South Suburban College of Cook County,South Holland,Illinois,2-year,Public,Associates--Public Suburban-serving Single Campus,5212,40,3972,57,NULL,NULL,1510,1,NULL,NULL,11,57,21.5,55,58.8,87,50.8,20,33.9,53,200
149505,Trinity Christian College,Palos Heights,Illinois,4-year,Private not-for-profit,Baccalaureate Colleges--Diverse Fields,1333,83,1185,42,1053,49,10092,29,7214,24,48.5,60,58.2,57,34.1,43,74.3,47,56.9,56,239
149514,Trinity International University,Deerfield,Illinois,4-year,Private not-for-profit,Doctoral/Research Universities,906,82.1,852,31,1049,48,13836,50,27947,63,35.2,38,45.5,32,48,72,69.4,33,21.7,9,165
149532,Triton College,River Grove,Illinois,2-year,Public,Associates--Public Suburban-serving Single Campus,11225,31.7,8817,85,NULL,NULL,3825,43,NULL,NULL,5.4,27,14.7,28,27.4,16,49.5,17,13.2,2,1286
149639,VanderCook College of Music,Chicago,Illinois,4-year,Private not-for-profit,Schools of art- music- and design,133,74.4,129,3,NULL,NULL,10481,31,NULL,NULL,38.5,43,69.2,76,40.3,57,70.8,37,100,95,26
149727,Waubonsee Community College,Sugar Grove,Illinois,2-year,Public,Associates--Public Suburban-serving Single Campus,10721,32.4,7698,82,NULL,NULL,3027,18,449,38,10.4,54,30.1,82,29.5,20,67.7,86,17.8,7,879
149772,Western Illinois University,Macomb,Illinois,4-year,Public,Masters Colleges and Universities--larger programs,9873,89.2,9526,65,970,26,7051,71,2988,38,29.4,67,56.1,71,42.8,66,63.4,18,90.3,96,1943
149781,Wheaton College (Ill.),Wheaton,Illinois,4-year,Private not-for-profit,Baccalaureate Colleges--Arts & Sciences,2444,97.3,2616,78,1318,92,16432,65,115766,89,74.5,89,86.7,94,21,16,94.5,94,65.4,68,580
149842,Harper College,Palatine,Illinois,2-year,Public,Associates--Public Suburban-serving Single Campus,14830,37.4,10800,90,NULL,NULL,4656,72,277,27,9.5,50,24.1,64,21.8,7,78.6,99,25.2,26,1538
150048,Ancilla College,Donaldson,Indiana,2-year,Private not-for-profit,Associates--Private Not-for-profit,424,67,236,39,NULL,NULL,7890,85,16900,68,9,10,10.2,6,66.7,64,50.9,22,41.5,40,167
150066,Anderson University (Ind.),Anderson,Indiana,4-year,Private not-for-profit,Masters Colleges and Universities--larger programs,2016,86.2,2043,68,1053,49,14113,52,10714,35,45.1,54,56.8,53,33.6,42,73.4,45,89.1,91,479
150136,Ball State University,Muncie,Indiana,4-year,Public,Research Universities--high research activity,16300,92.8,16423,81,1053,62,8528,86,8466,74,35.1,76,59.7,76,34.6,37,78.4,66,82,88,3482
150145,Bethel College (Ind.),Mishawaka,Indiana,4-year,Private not-for-profit,Baccalaureate Colleges--Diverse Fields,1655,78.7,1612,56,1047,47,11839,38,5294,18,46.9,57,65.5,71,51.7,79,84.1,75,47.1,43,226
150163,Butler University,Indianapolis,Indiana,4-year,Private not-for-profit,Masters Colleges and Universities--medium programs,4051,98.1,3920,88,1212,85,17880,72,37146,70,50.9,63,73.9,82,17.4,10,91.1,89,65.8,69,987
150172,Calumet College of Saint Joseph,Whiting,Indiana,4-year,Private not-for-profit,Masters Colleges and Universities--smaller programs,988,58.7,625,23,855,3,7724,19,5459,18,18.2,11,27.3,7,40.6,57,61.7,17,24.6,12,77
150251,College of Court Reporting,Hobart,Indiana,2-year,Private for-profit,Associates--Private For-profit,265,31.3,221,16,NULL,NULL,1910,2,NULL,NULL,0,0,8,0,38.7,9,72.7,65,0,0,50
150400,DePauw University,Greencastle,Indiana,4-year,Private not-for-profit,Baccalaureate Colleges--Arts & Sciences,2304,99,2360,73,1215,85,24029,88,232634,94,74.2,89,79.2,87,18.8,12,92.2,90,84.9,87,664
150455,Earlham College and Earlham School of Religion,Richmond,Indiana,4-year,Private not-for-profit,Baccalaureate Colleges--Arts & Sciences,1064,98.2,1076,39,1262,89,30097,95,305019,96,59,75,71,79,25.8,25,87.8,83,94.4,94,300
150534,University of Evansville,Evansville,Indiana,4-year,Private not-for-profit,Masters Colleges and Universities--smaller programs,2477,92.5,2621,78,1147,76,21164,83,43352,74,52.8,66,63.3,67,25.6,24,85.7,78,64.7,67,651
150604,Franklin College of Indiana,Franklin,Indiana,4-year,Private not-for-profit,Baccalaureate Colleges--Diverse Fields,1014,93.9,1061,38,1010,32,16209,63,77521,84,53.1,67,57.1,54,40.2,57,72.8,43,71.8,76,352
150668,Goshen College,Goshen,Indiana,4-year,Private not-for-profit,Baccalaureate Colleges--Arts & Sciences,828,90,884,32,1123,71,16114,63,112373,88,54.5,69,70.3,78,29.6,32,76.8,55,75.8,80,202
150677,Grace College and Seminary,Winona Lake,Indiana,4-year,Private not-for-profit,Baccalaureate Colleges--Diverse Fields,1615,78.9,1429,50,1050,48,14106,52,5365,18,54.1,69,60.5,61,34.4,43,76.7,54,50.5,47,266
150756,Hanover College,Hanover,Indiana,4-year,Private not-for-profit,Baccalaureate Colleges--Arts & Sciences,1163,99.6,1131,41,1130,72,20839,82,120946,90,68.4,85,71.9,80,34.8,44,80.9,66,92.4,93,231
150774,Holy Cross College,Notre Dame,Indiana,4-year,Private not-for-profit,Baccalaureate Colleges--Arts & Sciences,524,94.7,441,17,1014,33,20883,82,1504,5,42,49,44.9,31,33.3,40,64.7,22,45.5,40,176
150941,Huntington University,Huntington,Indiana,4-year,Private not-for-profit,Baccalaureate Colleges--Diverse Fields,1053,91.2,1101,40,1054,50,13307,47,19571,53,56.6,72,62.3,65,34.6,44,79.4,62,39.7,31,244
150987,Ivy Tech Community College-Central Indiana,Indianapolis,Indiana,2-year,Public,Associates--Public Urban-serving Single Campus,98778,34.6,71493,100,NULL,NULL,4268,60,13,2,2.5,7,8.8,7,54.9,80,49,16,22.5,17,13104
151102,Indiana University-Purdue University at Fort Wayne,Fort Wayne,Indiana,4-year,Public,Masters Colleges and Universities--larger programs,12928,57.4,9684,66,996,37,5472,37,4586,54,5.9,5,24.5,8,36.7,45,67.2,26,43.1,18,1546
151111,Indiana University-Purdue University at Indianapolis,Indianapolis,Indiana,4-year,Public,Research Universities--high research activity,22409,74.8,18906,86,1013,45,7669,80,26169,93,15.1,30,41.8,38,36.6,44,71.9,44,70.5,67,2590
151166,Harrison College at Indianapolis Downtown,Indianapolis,Indiana,4-year,Private for-profit,Baccalaureate/Associates Colleges,3726,64.3,4244,94,NULL,NULL,6001,89,NULL,NULL,NULL,NULL,NULL,NULL,79.7,85,33.3,8,14,36,NULL
151263,University of Indianapolis,Indianapolis,Indiana,4-year,Private not-for-profit,Masters Colleges and Universities--larger programs,4162,76.1,3801,87,1018,35,12064,40,16089,47,44.6,53,56.8,53,37.3,50,73.7,46,41.2,33,718
151290,Indiana Institute of Technology,Fort Wayne,Indiana,4-year,Private not-for-profit,Schools of business and management,5717,64.9,3993,88,934,12,8961,24,16887,49,19.5,13,34.8,14,62.4,88,54.8,10,18.6,7,293
151306,University of Southern Indiana,Evansville,Indiana,4-year,Public,Masters Colleges and Universities--larger programs,8913,82.7,8925,62,1004,39,9369,92,3890,47,14.6,27,36.7,27,32.3,31,68.8,33,50.2,29,2047
151324,Indiana State University,Terre Haute,Indiana,4-year,Public,Doctoral/Research Universities,10268,88.9,9490,65,910,10,7417,76,3542,44,22.2,51,41.8,38,43.4,67,63.5,18,69.1,63,1687
151333,Indiana University at Kokomo,Kokomo,Indiana,4-year,Public,Baccalaureate Colleges--Diverse Fields,3981,50.5,2378,19,950,19,4837,22,2357,31,7.2,7,27.9,13,31.9,29,60.9,13,48,24,373
151342,Indiana University at South Bend,South Bend,Indiana,4-year,Public,Masters Colleges and Universities--medium programs,7512,53,5191,42,962,23,5750,42,1979,25,5.6,4,25.9,10,33.7,35,63.5,18,56,38,789
151351,Indiana University at Bloomington,Bloomington,Indiana,4-year,Public,Research Universities--very high research activity,36862,84.2,32087,98,1198,90,10361,94,20689,91,58.3,94,77,94,19.4,5,89.8,92,86.6,94,7157
151360,Indiana University-Northwest,Gary,Indiana,4-year,Public,Masters Colleges and Universities--medium programs,5904,54.6,4034,34,918,12,6082,50,1924,25,7.5,7,24.3,8,34.7,38,67.9,30,44.7,18,506
151379,Indiana University-Southeast,New Albany,Indiana,4-year,Public,Masters Colleges and Universities--larger programs,6148,59.6,4669,38,950,19,5520,38,2762,36,9,12,30.3,16,34.4,37,60.8,13,40.6,16,770
151388,Indiana University East,Richmond,Indiana,4-year,Public,Baccalaureate Colleges--Diverse Fields,4326,45,2754,23,943,17,5307,33,1832,23,9.1,13,23.9,7,36.1,43,67.5,28,35.7,10,243
151458,International Business College at Fort Wayne,Fort Wayne,Indiana,4-year,Private for-profit,Baccalaureate/Associates Colleges,406,100,432,32,NULL,NULL,4737,64,NULL,NULL,77.1,95,77.1,94,64.7,38,100,91,65.2,94,70
151467,International Business College at Indianapolis,Indianapolis,Indiana,2-year,Private for-profit,Associates--Private For-profit,399,100,385,38,NULL,NULL,5289,79,NULL,NULL,76.3,92,76.3,83,63.9,36,66.3,45,50,63,186
151494,"ITT Technical Institute (Nashville, Tenn.)",Nashville,Tennessee,4-year,Private for-profit,Other technology-related schools,525,72.6,557,46,NULL,NULL,3840,23,NULL,NULL,14.8,36,14.8,20,68.7,49,NULL,NULL,14.9,40,27
151500,"ITT Technical Institute (Fort Wayne, Ind.)",Fort Wayne,Indiana,4-year,Private for-profit,Other technology-related schools,283,69.3,332,19,NULL,NULL,4195,42,NULL,NULL,7.1,13,35.7,72,68.2,48,NULL,NULL,17.6,48,14
151519,"ITT Technical Institute (Indianapolis, Ind.)",Indianapolis,Indiana,4-year,Private for-profit,Masters Colleges and Universities--smaller programs,4296,55.3,4652,95,NULL,NULL,3161,5,NULL,NULL,6.2,11,9.2,8,69.8,53,40,20,2.5,1,65
151616,Brown Mackie College-Merrillville,Merrillville,Indiana,4-year,Private for-profit,Associates--Private For-profit 4-year Primarily Associates,619,100,590,50,NULL,NULL,4259,45,NULL,NULL,0,0,0,0,81.7,90,0,0,20.6,55,4
151625,Brown Mackie College-Michigan City,Michigan City,Indiana,4-year,Private for-profit,Associates--Private For-profit 4-year Primarily Associates,290,100,324,18,NULL,NULL,4460,54,NULL,NULL,0,0,0,0,79.9,86,NULL,NULL,16.7,46,6
151661,"Lincoln Technical Institute (Indianapolis, Ind.)",Indianapolis,Indiana,2-year,Private for-profit,Associates--Private For-profit,1240,100,1245,86,NULL,NULL,4275,49,NULL,NULL,31.1,38,48.7,27,61.9,33,68.4,52,79.2,88,1048
151777,Manchester College,North Manchester,Indiana,4-year,Private not-for-profit,Baccalaureate Colleges--Diverse Fields,1199,98.6,1334,47,1017,34,18935,74,33329,67,39.9,45,48.1,37,35.8,47,68.8,32,76.3,80,316
151786,Marian University (Ind.),Indianapolis,Indiana,4-year,Private not-for-profit,Baccalaureate Colleges--Diverse Fields,2203,76.2,2210,70,1024,37,16549,65,11964,39,28.5,26,52.4,45,31.1,36,70.4,36,48.4,45,267
151801,Indiana Wesleyan University,Marion,Indiana,4-year,Private not-for-profit,Masters Colleges and Universities--larger programs,10766,89,9898,98,1083,59,8537,22,7844,26,55.4,71,70.7,78,39,54,77.8,57,21,9,751
151810,Martin University,Indianapolis,Indiana,4-year,Private not-for-profit,Baccalaureate Colleges--Arts & Sciences,452,42.5,395,16,NULL,NULL,11567,36,NULL,NULL,8.8,4,11.8,2,77.9,95,25.9,1,93.8,93,34
151944,Brown Mackie College-South Bend,South Bend,Indiana,4-year,Private for-profit,Associates--Private For-profit 4-year Primarily Associates,423,100,539,44,NULL,NULL,4120,37,NULL,NULL,25,60,50,86,79.3,84,NULL,NULL,22.9,61,4
152080,University of Notre Dame,Notre Dame,Indiana,4-year,Private not-for-profit,Research Universities--very high research activity,8477,99.8,9280,97,1450,98,29753,95,545295,98,89.8,99,94.9,99,11.8,2,98.6,99,88.2,90,1984
152099,Oakland City University,Oakland City,Indiana,4-year,Private not-for-profit,Masters Colleges and Universities--medium programs,2311,19.9,1214,44,988,25,14214,53,3256,11,40.6,46,52.9,45,12.6,3,79,61,77.5,81,155
152248,Purdue University-Calumet,Hammond,Indiana,4-year,Public,Masters Colleges and Universities--larger programs,8390,57.6,6568,51,NULL,NULL,5414,36,1898,24,9.1,13,29.7,15,32.6,32,68.8,33,55.3,36,1146
152266,Purdue University North Central,Westville,Indiana,4-year,Public,Baccalaureate Colleges--Diverse Fields,6054,45.1,3629,31,954,21,5106,28,973,10,7.5,7,22.4,7,27.8,20,61,14,42.9,18,664
152318,Rose-Hulman Institute of Technology,Terre Haute,Indiana,4-year,Private not-for-profit,Schools of engineering,2205,99.1,2058,68,1310,92,19053,75,83996,85,66.3,83,72.8,81,18.4,11,91.2,89,90.2,91,475
152336,University of Saint Francis (Ind.),Fort Wayne,Indiana,4-year,Private not-for-profit,Masters Colleges and Universities--smaller programs,1980,81.6,1762,61,981,23,11724,38,8224,27,32.6,34,51.5,43,42.2,61,69.9,34,47.1,43,301
152363,Saint Joseph's College (Ind.),Rensselaer,Indiana,4-year,Private not-for-profit,Baccalaureate Colleges--Diverse Fields,1141,90.8,1130,41,998,28,21020,82,21160,55,35.7,39,43.7,28,29.6,32,71.9,41,66.3,70,300
152381,Saint Mary-of-the-Woods College,Saint Mary of the Woods,Indiana,4-year,Private not-for-profit,Baccalaureate Colleges--Diverse Fields,649,59.2,615,23,895,6,12201,40,15698,47,49.4,61,60.5,61,50.7,78,76.8,55,33.3,22,81
152390,Saint Mary's College (Ind.),Notre Dame,Indiana,4-year,Private not-for-profit,Baccalaureate Colleges--Arts & Sciences,1479,99.3,1539,54,1141,74,17699,71,87994,86,67.4,84,71.2,79,20.3,15,87.5,82,65.1,68,479
152415,Kaplan College at Hammond,Hammond,Indiana,2-year,Private for-profit,Associates--Private For-profit,366,100,664,64,NULL,NULL,3517,14,NULL,NULL,0,0,58.6,44,52.8,22,77.6,76,35,42,157
152530,Taylor University,Upland,Indiana,4-year,Private not-for-profit,Baccalaureate Colleges--Diverse Fields,2146,86.3,2185,70,1214,85,13317,47,31921,67,64.8,81,74.2,82,18.5,11,89.4,87,62.9,64,472
152567,Trine University,Angola,Indiana,4-year,Private not-for-profit,Baccalaureate Colleges--Diverse Fields,1874,76.3,1710,60,1095,63,17252,68,10985,36,33.4,35,50.8,42,23.8,21,74.1,46,34.6,25,413
152600,Valparaiso University,Valparaiso,Indiana,4-year,Private not-for-profit,Masters Colleges and Universities--larger programs,3251,96.5,3071,83,1158,78,20289,80,42568,74,57.9,74,70.1,78,25.4,24,86.4,80,65.2,68,713
152637,Vincennes University,Vincennes,Indiana,4-year,Public,Associates--Public 4-year Primarily Associates,18383,32.9,9876,66,NULL,NULL,10031,93,3380,42,25,58,35,24,22.2,8,52,4,16.2,0,20
152673,Wabash College,Crawfordsville,Indiana,4-year,Private not-for-profit,Baccalaureate Colleges--Arts & Sciences,902,100,911,33,NULL,NULL,20160,79,382150,97,63.5,80,68.7,76,24,22,85.3,77,94.7,94,249
152798,Allen College,Waterloo,Iowa,4-year,Private not-for-profit,Other health professions schools,398,64.8,366,14,NULL,NULL,6535,15,3951,13,60.5,77,65.1,70,39,54,NULL,NULL,35.9,27,43
152822,AIB College of Business,Des Moines,Iowa,4-year,Private not-for-profit,Schools of business and management,1019,71.8,1121,40,NULL,NULL,7946,20,7286,24,NULL,NULL,NULL,NULL,36.4,48,NULL,NULL,36.4,27,NULL
152992,Briar Cliff University,Sioux City,Iowa,4-year,Private not-for-profit,Baccalaureate Colleges--Diverse Fields,1042,81.4,939,34,NULL,NULL,15035,57,10169,34,40.3,46,45.5,32,45.2,67,66.4,25,67,71,253
153001,Buena Vista University,Storm Lake,Iowa,4-year,Private not-for-profit,Baccalaureate Colleges--Diverse Fields,2293,85.5,2450,75,NULL,NULL,11663,37,48494,77,42.9,50,52.7,45,49,75,69.3,33,18.7,7,226
153108,Central College,Pella,Iowa,4-year,Private not-for-profit,Baccalaureate Colleges--Arts & Sciences,1386,96.7,1512,53,1089,62,18566,74,47002,77,61.6,79,64.9,70,26.8,27,82.8,72,63.5,65,422
153126,Clarke University,Dubuque,Iowa,4-year,Private not-for-profit,Baccalaureate Colleges--Diverse Fields,1011,86.7,896,32,1048,47,13531,49,28657,64,58.8,75,69.5,77,39.5,56,76.1,53,57.4,56,187
153144,Coe College,Cedar Rapids,Iowa,4-year,Private not-for-profit,Baccalaureate Colleges--Arts & Sciences,1419,95.2,1502,53,1166,80,22532,87,61730,82,61.1,78,66.7,72,28.3,30,78.8,60,57.6,56,342
153162,Cornell College,Mount Vernon,Iowa,4-year,Private not-for-profit,Baccalaureate Colleges--Arts & Sciences,1125,99.3,1276,46,1182,82,23510,88,52507,79,63.9,81,67.7,74,34.5,44,82.7,72,60,60,316
153214,Des Moines Area Community College,Ankeny,Iowa,2-year,Public,Associates--Public Rural-serving Large,20167,38.4,15337,96,NULL,NULL,3210,22,258,26,2.1,4,17.4,38,37.5,39,52.8,28,28.6,37,2628
153241,Divine Word College,Epworth,Iowa,4-year,Private not-for-profit,Theological seminaries- Bible colleges- and other faith-related institutions,90,100,99,2,NULL,NULL,17999,72,225060,94,11.1,5,44.4,30,34,43,81.8,69,75,78,9
153250,Dordt College,Sioux Center,Iowa,4-year,Private not-for-profit,Baccalaureate Colleges--Diverse Fields,1376,97.7,1432,51,1119,70,10901,33,20267,54,53.5,68,61.6,63,31.1,36,80.4,65,100,95,370
153269,Drake University,Des Moines,Iowa,4-year,Private not-for-profit,Masters Colleges and Universities--larger programs,3383,94.1,3035,83,1240,87,15602,60,36792,70,61.5,79,69.9,77,17.1,9,87.5,82,65,68,787
153278,University of Dubuque,Dubuque,Iowa,4-year,Private not-for-profit,Masters Colleges and Universities--smaller programs,1694,91.1,1641,58,926,10,24518,89,40904,73,29.3,28,46.8,34,55,82,63.9,21,39.9,32,297
153296,Ellsworth Community College,Iowa Falls,Iowa,2-year,Public,Associates--Public Rural-serving Small,1034,70.1,848,8,NULL,NULL,7992,100,NULL,NULL,17.5,78,21.5,55,44,56,47,10,100,99,326
153302,Emmaus Bible College,Dubuque,Iowa,4-year,Private not-for-profit,Theological seminaries- Bible colleges- and other faith-related institutions,187,95.7,205,8,NULL,NULL,7820,20,5025,17,40,45,48,37,56.4,83,50,6,65.5,69,25
153311,Eastern Iowa Community College District Central Office,Davenport,Iowa,2-year,Public,Associates--Public Suburban-serving Multicampus,8694,29,5507,71,NULL,NULL,3912,49,NULL,NULL,13.2,66,22.5,58,47.2,64,58.1,51,21.4,15,1247
153320,Faith Baptist Bible College and Theological Seminary,Ankeny,Iowa,4-year,Private not-for-profit,Theological seminaries- Bible colleges- and other faith-related institutions,229,90,266,10,1028,38,7881,20,13885,43,45.5,55,57.6,55,53.6,81,70.2,36,60,60,66
153366,Graceland University (Iowa),Lamoni,Iowa,4-year,Private not-for-profit,Masters Colleges and Universities--larger programs,1559,82.9,1350,48,969,19,15350,58,26227,61,29.6,28,47,34,39.7,56,70.3,36,84,86,270
153375,Grand View University,Des Moines,Iowa,4-year,Private not-for-profit,Baccalaureate Colleges--Diverse Fields,2096,82.4,1934,65,979,23,9910,28,9039,30,28.1,25,48,37,45.7,68,68.7,31,40.9,33,171
153384,Grinnell College,Grinnell,Iowa,4-year,Private not-for-profit,Baccalaureate Colleges--Arts & Sciences,1721,96.7,1635,58,1357,94,30338,96,950232,99,80.8,93,85.7,93,21,16,93.2,92,82.3,85,426
153409,Kaplan University at Mason City,Mason City,Iowa,4-year,Private for-profit,Baccalaureate/Associates Colleges,205,67.8,399,29,NULL,NULL,6038,90,NULL,NULL,NULL,NULL,NULL,NULL,84.6,95,NULL,NULL,33.3,78,NULL
153418,"Kaplan University, Cedar Rapids",Cedar Rapids,Iowa,4-year,Private for-profit,Baccalaureate/Associates Colleges,483,61.3,988,71,NULL,NULL,5817,87,NULL,NULL,NULL,NULL,NULL,NULL,78.4,83,NULL,NULL,23.1,61,NULL
153427,Hamilton Technical College,Davenport,Iowa,4-year,Private for-profit,Other technology-related schools,177,100,436,33,NULL,NULL,4220,44,NULL,NULL,NULL,NULL,NULL,NULL,82.1,90,NULL,NULL,75,97,NULL
153445,Hawkeye Community College,Waterloo,Iowa,2-year,Public,Associates--Public Rural-serving Large,5809,52.8,7160,79,NULL,NULL,3609,35,283,28,25.3,90,43.2,95,37.5,39,59.9,60,23.1,19,944
153472,Indian Hills Community College,Ottumwa,Iowa,2-year,Public,Associates--Public Rural-serving Medium,4604,55.7,4034,57,NULL,NULL,3589,34,1150,61,19.6,83,21.4,54,57.2,84,51,21,50.5,85,1116
153524,Iowa Central Community College,Fort Dodge,Iowa,2-year,Public,Associates--Public Rural-serving Medium,5697,52.6,4682,64,NULL,NULL,3826,43,979,57,26.6,91,33.9,88,32.7,27,51.1,21,21.2,14,1159
153533,Iowa Lakes Community College,Estherville,Iowa,2-year,Public,Associates--Public Rural-serving Medium,2574,52.2,2311,37,NULL,NULL,4282,61,1299,65,40.2,97,40.2,94,33.8,30,56.2,43,48.9,83,487
153603,Iowa State University,Ames,Iowa,4-year,Public,Research Universities--very high research activity,27659,94.6,25405,95,1145,83,6550,60,20907,91,37.7,80,68.1,87,22.6,9,87.1,87,84.5,90,4307
153621,Iowa Wesleyan College,Mount Pleasant,Iowa,4-year,Private not-for-profit,Baccalaureate Colleges--Diverse Fields,599,80.5,595,22,1005,30,22367,86,23402,58,17.3,10,29.9,9,50.4,77,43.8,3,54.8,53,127
153630,Iowa Western Community College,Council Bluffs,Iowa,2-year,Public,Associates--Public Suburban-serving Multicampus,6861,50.9,5344,70,NULL,NULL,4030,53,1652,70,10.8,57,17.8,40,39.7,45,46,9,22.8,18,1368
153658,University of Iowa,Iowa City,Iowa,4-year,Public,Research Universities--very high research activity,21974,88.8,20279,89,1208,91,7875,82,38901,96,47.5,88,69.6,89,19.1,4,85.8,84,88.1,95,4253
153737,Kirkwood Community College,Cedar Rapids,Iowa,2-year,Public,Associates--Public Rural-serving Large,15076,46.2,11503,91,NULL,NULL,4695,73,2006,76,12,62,19.7,48,35.2,33,57.4,48,29.2,40,3464
153825,Loras College,Dubuque,Iowa,4-year,Private not-for-profit,Baccalaureate Colleges--Diverse Fields,1554,95.5,1534,53,1088,61,16378,64,15625,46,47.6,58,60.9,62,24.4,22,81,67,72.9,77,376
153834,Luther College,Decorah,Iowa,4-year,Private not-for-profit,Baccalaureate Colleges--Arts & Sciences,2466,97.9,2700,79,1175,81,21146,83,48610,77,66.6,83,76,84,19.3,13,87.1,81,74.8,78,659
153861,Maharishi University of Management,Fairfield,Iowa,4-year,Private not-for-profit,Masters Colleges and Universities--larger programs,319,95.3,432,17,NULL,NULL,17500,69,8751,29,24.3,19,32.4,11,65.7,90,81.8,69,65.2,68,37
153922,Marshalltown Community College,Marshalltown,Iowa,2-year,Public,Associates--Public Rural-serving Small,2101,44.6,1317,17,NULL,NULL,7508,98,NULL,NULL,18.3,81,24.2,64,39.4,44,51.1,21,93.2,98,438
153977,Mercy College of Health Sciences,Des Moines,Iowa,4-year,Private not-for-profit,Other health professions schools,831,43,804,29,NULL,NULL,5989,13,4195,14,NULL,NULL,NULL,NULL,39,54,50,6,35.5,26,NULL
154004,Morningside College,Sioux City,Iowa,4-year,Private not-for-profit,Baccalaureate Colleges--Diverse Fields,1305,96.8,1203,43,1050,48,14594,55,24937,59,47.9,59,58,56,35.3,45,73.3,44,36.5,27,288
154013,Mount Mercy University,Cedar Rapids,Iowa,4-year,Private not-for-profit,Baccalaureate Colleges--Diverse Fields,1476,59.8,1219,44,1010,32,11121,34,16789,48,65.7,83,72.9,81,34,43,82.3,71,54.7,52,140
154022,Ashford University,Clinton,Iowa,4-year,Private for-profit,Masters Colleges and Universities--larger programs,50895,99.9,63888,100,NULL,NULL,4364,50,NULL,NULL,7.2,14,21.5,39,59.3,27,36.2,15,8.1,14,708
154059,North Iowa Area Community College,Mason City,Iowa,2-year,Public,Associates--Public Rural-serving Medium,3207,48.7,2235,36,NULL,NULL,2960,16,7477,98,27.6,92,38.3,93,40.8,47,78.9,99,51.3,86,738
154095,University of Northern Iowa,Cedar Falls,Iowa,4-year,Public,Masters Colleges and Universities--larger programs,10380,89.9,9694,66,NULL,NULL,5304,33,7364,69,36.8,78,66.5,84,27,19,83,79,74.3,74,1922
154101,Northwestern College (Iowa),Orange City,Iowa,4-year,Private not-for-profit,Baccalaureate Colleges--Diverse Fields,1233,91.9,1205,43,1095,63,16408,64,35950,69,53.1,67,63.3,67,32.2,38,79.1,62,59.2,59,324
154110,Northeast Iowa Community College,Calmar,Iowa,2-year,Public,Associates--Public Rural-serving Medium,5201,35.7,3365,51,NULL,NULL,4497,68,213,21,18.2,81,28.9,78,34.8,32,61.7,69,23.7,22,743
154129,Northwest Iowa Community College,Sheldon,Iowa,2-year,Public,Associates--Public Rural-serving Small,1628,38.8,1112,13,NULL,NULL,3896,48,2690,84,41.2,97,51.5,97,26.2,14,71.6,93,32.3,49,272
154235,St. Ambrose University,Davenport,Iowa,4-year,Private not-for-profit,Masters Colleges and Universities--larger programs,2743,89,2392,74,1050,48,12890,44,37468,70,46.6,56,61.3,62,25.8,25,80.2,64,60.6,61,509
154262,St. Luke's College,Sioux City,Iowa,4-year,Private not-for-profit,Associates--Private Not-for-profit,184,75.5,167,5,1030,39,3016,2,8750,29,NULL,NULL,NULL,NULL,36.9,49,NULL,NULL,47.5,44,NULL
154350,Simpson College (Iowa),Indianola,Iowa,4-year,Private not-for-profit,Baccalaureate Colleges--Arts & Sciences,1712,86.8,1825,62,NULL,NULL,17489,69,40815,73,55.3,70,64.9,70,29.7,33,78.9,61,56.6,56,385
154378,Southeastern Community College North Campus (Iowa),West Burlington,Iowa,2-year,Public,Associates--Public Rural-serving Medium,3225,50,2251,36,NULL,NULL,3608,35,1158,62,15.6,73,25.1,67,57,83,54.7,35,38.7,66,358
154396,Southwestern Community College (Iowa),Creston,Iowa,2-year,Public,Associates--Public Rural-serving Small,1573,47,1149,14,NULL,NULL,4043,53,1196,63,30.9,94,41.9,95,41.9,50,55,38,36.9,62,320
154493,Upper Iowa University,Fayette,Iowa,4-year,Private not-for-profit,Masters Colleges and Universities--medium programs,4632,64.4,4826,92,NULL,NULL,5998,13,1934,7,23.8,18,39.6,21,43.1,63,72.2,42,12.6,4,164
154518,Waldorf College,Forest City,Iowa,4-year,Private for-profit,Baccalaureate Colleges--Diverse Fields,1150,80.3,762,62,980,44,8934,97,NULL,NULL,34,77,41.8,80,49.8,13,48.7,37,73.3,96,141
154527,Wartburg College,Waverly,Iowa,4-year,Private not-for-profit,Baccalaureate Colleges--Arts & Sciences,1714,95.9,1812,62,1077,58,20830,82,29408,65,58.9,75,62.6,65,25.2,23,80.9,66,62,63,543
154572,Western Iowa Tech Community College,Sioux City,Iowa,2-year,Public,Associates--Public Rural-serving Large,6331,38.8,3544,52,NULL,NULL,3603,34,310,31,13.5,67,20.4,51,37.9,41,37.6,2,14.4,2,333
154590,William Penn University,Oskaloosa,Iowa,4-year,Private not-for-profit,Baccalaureate Colleges--Diverse Fields,1728,88.9,1564,54,926,10,13137,46,4240,14,16.6,9,33.6,13,49.8,76,60.9,16,26.4,14,229
154642,Allen County Community College,Iola,Kansas,2-year,Public,Associates--Public Rural-serving Medium,2852,46.5,2089,33,NULL,NULL,2221,4,2343,81,17.4,78,22.9,60,43.1,53,57.6,49,19.8,11,420
154688,Baker University,Baldwin City,Kansas,4-year,Private not-for-profit,Masters Colleges and Universities--larger programs,1897,56.4,1746,60,1086,60,11706,37,12531,40,35.6,39,52,44,39.7,56,75.7,51,16.2,5,250
154697,Barton County Community College,Great Bend,Kansas,2-year,Public,Associates--Public Rural-serving Large,5210,26.9,4108,58,NULL,NULL,2777,11,1738,73,29.6,93,29.6,80,16.1,2,60.1,61,30.5,44,398
154712,Benedictine College,Atchison,Kansas,4-year,Private not-for-profit,Baccalaureate Colleges--Diverse Fields,2113,82.8,1878,64,1145,75,13051,45,8865,29,43,50,59.2,58,21,16,76.8,55,63.4,65,358
154721,Bethany College (Kan.),Lindsborg,Kansas,4-year,Private not-for-profit,Baccalaureate Colleges--Diverse Fields,665,90.7,567,22,956,17,14714,55,42514,74,26.6,22,39.1,20,39.1,55,64.1,21,47.5,44,128
154749,Bethel College (Kan.),North Newton,Kansas,4-year,Private not-for-profit,Baccalaureate Colleges--Diverse Fields,482,96.3,460,18,1028,38,13708,50,34551,68,38.9,44,52.8,45,38.6,53,70.3,36,77.8,81,108
154767,Brown Mackie College at Olathe,Lenexa,Kansas,4-year,Private for-profit,Associates--Private For-profit,486,100,513,41,NULL,NULL,4182,41,NULL,NULL,NULL,NULL,NULL,NULL,66.1,42,NULL,NULL,28.2,73,NULL
154776,Brown Mackie College at Salina,Salina,Kansas,4-year,Private for-profit,Associates--Private For-profit,508,100,505,39,NULL,NULL,4584,59,NULL,NULL,NULL,NULL,NULL,NULL,71,57,NULL,NULL,28.9,73,NULL
154794,Bryan College at Topeka,Topeka,Kansas,2-year,Private for-profit,Associates--Private For-profit,88,100,154,7,NULL,NULL,3770,22,NULL,NULL,14.8,16,29.6,8,89.2,90,30.2,3,10,5,81
154800,Butler County Community College (Kan.),El Dorado,Kansas,2-year,Public,Associates--Public Suburban-serving Multicampus,9142,45,6676,78,NULL,NULL,4280,60,1074,59,12.8,65,22.6,59,37.5,39,58.3,52,23.2,20,1379
154855,Central Christian College of Kansas,McPherson,Kansas,4-year,Private not-for-profit,Baccalaureate Colleges--Diverse Fields,1037,71.5,854,31,970,20,6533,14,8289,27,26.7,23,40,22,61.7,87,62.6,19,63.6,65,75
154907,Cloud County Community College,Concordia,Kansas,2-year,Public,Associates--Public Rural-serving Medium,2318,38.1,1612,24,NULL,NULL,3181,21,2869,85,13.2,66,20.9,53,30.9,22,55.1,38,19.3,9,234
154925,Coffeyville Community College,Coffeyville,Kansas,2-year,Public,Associates--Public Rural-serving Small,1866,57.4,1315,17,NULL,NULL,5189,84,4896,94,29.1,93,34.3,89,36.2,36,62.3,71,77.2,97,501
154934,Colby Community College,Colby,Kansas,2-year,Public,Associates--Public Rural-serving Medium,1402,45.9,1065,12,NULL,NULL,4691,73,5491,96,45.9,98,55.3,98,27.8,17,52.3,26,44,75,320
154952,Cowley County Community College,Arkansas City,Kansas,2-year,Public,Associates--Public Rural-serving Medium,3888,53.3,3173,48,NULL,NULL,6329,93,1574,69,21.4,86,28.7,77,62.7,91,54.8,36,23.2,20,827
154998,Dodge City Community College,Dodge City,Kansas,2-year,Public,Associates--Public Rural-serving Medium,1785,54.6,1398,19,NULL,NULL,2965,16,745,49,33.7,95,41.5,94,35.1,33,51.3,22,27.4,33,386
155007,Donnelly College,Kansas City,Kansas,4-year,Private not-for-profit,Baccalaureate/Associates Colleges,474,57.2,297,12,NULL,NULL,4312,6,22002,56,NULL,NULL,NULL,NULL,63.3,89,16.7,0,35.7,26,NULL
155025,Emporia State University,Emporia,Kansas,4-year,Public,Masters Colleges and Universities--larger programs,3873,88.9,3392,29,1030,51,5084,28,13591,85,20.1,43,40.5,35,39.1,53,73,46,90.5,96,745
155052,Flint Hills Technical College,Emporia,Kansas,2-year,Public,Associates--Public Rural-serving Small,834,61,610,5,NULL,NULL,3653,36,2170,79,61.9,100,68.1,100,60.6,89,65.4,81,46.2,79,113
155061,Fort Hays State University,Hays,Kansas,4-year,Public,Masters Colleges and Universities--larger programs,11433,47.7,7574,56,990,33,4411,12,6213,64,19,41,43.6,44,27.7,20,65.4,21,86.1,92,714
155070,Barclay College,Haviland,Kansas,4-year,Private not-for-profit,Theological seminaries- Bible colleges- and other faith-related institutions,234,78.2,223,8,954,16,5823,12,3785,13,40.6,46,50,40,60.4,87,57.5,12,42.4,36,32
155089,Friends University,Wichita,Kansas,4-year,Private not-for-profit,Masters Colleges and Universities--larger programs,1609,64.9,1478,52,977,22,10395,31,22079,56,12.6,6,32.4,11,45.1,67,64.8,23,33.9,23,111
155098,Fort Scott Community College,Fort Scott,Kansas,2-year,Public,Associates--Public Rural-serving Medium,1931,49.8,1515,22,NULL,NULL,4005,52,2671,83,31.9,94,67.5,100,44.8,58,58.6,54,42.9,74,486
155104,Garden City Community College,Garden City,Kansas,2-year,Public,Associates--Public Rural-serving Medium,1997,53.5,1489,21,NULL,NULL,3341,26,3982,91,25.7,91,33.4,87,33.4,29,55.4,39,44.9,77,440
155140,Haskell Indian Nations University,Lawrence,Kansas,4-year,Public,Tribal Colleges,742,97.2,729,2,NULL,NULL,5701,42,NULL,NULL,NULL,NULL,NULL,NULL,69.9,97,NULL,NULL,100,99,NULL
155177,Hesston College,Hesston,Kansas,2-year,Private not-for-profit,Associates--Private Not-for-profit,445,84.5,409,63,NULL,NULL,13654,100,26150,80,40.8,43,54.4,48,40.2,24,76.2,77,51.6,52,206
155186,Highland Community College (Kan.),Highland,Kansas,2-year,Public,Associates--Public Rural-serving Medium,3226,36.5,2148,34,NULL,NULL,3661,37,1337,66,25.1,90,32,85,27.6,16,55.7,41,20.4,12,487
155195,Hutchinson Community College and Area Vocational School,Hutchinson,Kansas,2-year,Public,Associates--Public Rural-serving Large,6127,38.7,4174,59,NULL,NULL,4260,60,2775,85,20.7,85,28.6,77,33.4,29,54.7,35,28.9,38,1028
155201,Independence Community College,Independence,Kansas,2-year,Public,Associates--Public Rural-serving Small,1031,55.8,896,9,NULL,NULL,2903,14,4825,94,21.6,86,21.6,55,35,32,44.2,6,34.9,58,245
155210,Johnson County Community College,Overland Park,Kansas,2-year,Public,Associates--Public Suburban-serving Single Campus,19672,32.2,11976,92,NULL,NULL,3265,24,1463,68,4,15,13.7,24,20.4,6,55.6,40,34.7,57,1622
155283,Concorde Career College (Mo.),Kansas City,Missouri,4-year,Private for-profit,Associates--Private For-profit,783,100,1217,77,NULL,NULL,4401,52,NULL,NULL,NULL,NULL,NULL,NULL,38.6,5,32.4,8,75,97,NULL
155292,Kansas City Kansas Community College,Kansas City,Kansas,2-year,Public,Associates--Public Urban-serving Single Campus,6570,36.5,4718,64,NULL,NULL,6659,95,182,18,15.5,73,20.2,50,45.4,59,49.3,16,34.5,55,658
155317,University of Kansas,Lawrence,Kansas,4-year,Public,Research Universities--very high research activity,19217,89.5,18346,85,1145,83,6394,59,52414,98,35.8,77,61.6,79,22.2,8,79.9,69,81.1,86,4028
155335,Newman University,Wichita,Kansas,4-year,Private not-for-profit,Masters Colleges and Universities--larger programs,2795,40.1,1571,55,1079,58,13496,48,10298,34,33.1,34,49.6,40,22.5,19,72.6,43,31.2,20,133
155399,Kansas State University,Manhattan,Kansas,4-year,Public,Research Universities--high research activity,20169,89.8,18225,85,NULL,NULL,4978,25,16992,88,25.9,61,59.9,77,25.3,15,81.2,72,85.9,92,3251
155414,Kansas Wesleyan University,Salina,Kansas,4-year,Private not-for-profit,Baccalaureate Colleges--Diverse Fields,684,91.2,694,25,1014,33,13096,45,34444,68,30.9,31,42.7,26,38.3,53,61.9,18,59.1,59,110
155450,Labette Community College,Parsons,Kansas,2-year,Public,Associates--Public Rural-serving Medium,1959,35.2,1256,15,NULL,NULL,3124,20,450,38,11.1,58,11.1,13,29.4,19,49.8,18,22.1,16,208
155487,Manhattan Area Technical College,Manhattan,Kansas,2-year,Public,Associates--Public Rural-serving Small,825,59.5,629,6,NULL,NULL,3726,40,NULL,NULL,37.8,96,37.8,93,42.8,52,79.8,99,39.7,69,90
155496,Manhattan Christian College,Manhattan,Kansas,4-year,Private not-for-profit,Theological seminaries- Bible colleges- and other faith-related institutions,327,67.9,279,11,1020,36,6628,15,8136,27,16.2,9,27,7,36.4,48,75,49,29.4,18,74
155511,McPherson College,McPherson,Kansas,4-year,Private not-for-profit,Baccalaureate Colleges--Diverse Fields,637,94.5,613,23,1014,33,13143,46,54442,80,43.3,51,49.3,39,43.1,63,57.5,12,67.2,71,134
155520,MidAmerica Nazarene University,Olathe,Kansas,4-year,Private not-for-profit,Masters Colleges and Universities--medium programs,1438,78.7,1593,55,950,15,11244,35,3655,12,41,47,55.3,50,37.9,51,62.6,19,20,8,217
155566,Neosho County Community College,Chanute,Kansas,2-year,Public,Associates--Public Rural-serving Medium,2667,35,1635,24,NULL,NULL,3379,27,2594,83,16.2,75,22.4,58,30.6,21,47.6,11,30.7,45,290
155593,North Central Kansas Technical College,Beloit,Kansas,2-year,Public,Associates--Public Rural-serving Small,844,63.4,672,6,NULL,NULL,4036,53,NULL,NULL,62.2,100,62.2,99,49,68,91.5,100,69.1,95,225
155618,Northwest Kansas Technical College,Goodland,Kansas,2-year,Public,Associates--Public Rural-serving Small,626,62.6,541,4,NULL,NULL,4999,82,1861,74,60.3,99,62.2,99,37.3,39,66.2,83,50.9,86,209
155627,Ottawa University,Ottawa,Kansas,4-year,Private not-for-profit,Baccalaureate Colleges--Diverse Fields,538,97,535,20,1020,36,17611,70,5926,20,21.7,16,33.5,13,57.4,84,61.7,17,94.4,94,161
155681,Pittsburg State University,Pittsburg,Kansas,4-year,Public,Masters Colleges and Universities--larger programs,6236,90.2,6041,49,1010,43,4336,10,10809,80,24.4,57,48.6,55,40.3,57,74.3,51,75.3,76,958
155715,Pratt Community College,Pratt,Kansas,2-year,Public,Associates--Public Rural-serving Small,1541,48.1,1130,13,NULL,NULL,3789,42,3078,87,36.5,96,39.8,94,30.6,21,55.8,41,86,98,299
155812,University of Saint Mary,Leavenworth,Kansas,4-year,Private not-for-profit,Masters Colleges and Universities--medium programs,890,63.6,736,27,988,25,11665,37,11456,37,43.9,52,53,46,32.3,39,72.4,42,26,14,66
155830,Salina Area Technical College,Salina,Kansas,2-year,Public,Associates--Public Rural-serving Small,447,60.4,412,3,NULL,NULL,4325,62,400,35,60.8,100,61.5,99,35.2,33,79.8,99,61.9,94,148
155858,Seward County Community College/Area Technical School,Liberal,Kansas,2-year,Public,Associates--Public Rural-serving Small,1857,44.3,1326,18,NULL,NULL,5286,86,2941,86,25.7,91,32.3,86,22.5,8,65.7,82,48.9,83,331
155900,Southwestern College (Kan.),Winfield,Kansas,4-year,Private not-for-profit,Masters Colleges and Universities--medium programs,1358,40.7,1276,46,1036,43,9901,28,14161,43,42,49,52.9,45,36,48,65.5,24,12.9,4,138
155937,Sterling College (Kan.),Sterling,Kansas,4-year,Private not-for-profit,Baccalaureate Colleges--Diverse Fields,690,86.2,600,23,1015,34,11966,39,26174,61,30.3,29,42.4,25,43,62,66.2,25,100,95,165
155973,Tabor College,Hillsboro,Kansas,4-year,Private not-for-profit,Baccalaureate Colleges--Diverse Fields,725,77.9,683,25,1017,34,13058,45,10922,36,44.9,54,54.2,48,36.3,48,61.4,17,37,28,118
156082,Washburn University,Topeka,Kansas,4-year,Public,Masters Colleges and Universities--medium programs,6179,65.9,4786,39,NULL,NULL,5317,34,27531,93,17.4,36,36.6,26,37.4,46,64.5,20,51.8,31,637
156107,Wichita Area Technical College,Wichita,Kansas,2-year,Public,Associates--Public Urban-serving Multicampus,2934,37,2220,35,NULL,NULL,2918,15,405,36,45.7,98,48.7,97,80,99,58.4,53,27,32,199
156125,Wichita State University,Wichita,Kansas,4-year,Public,Research Universities--high research activity,11670,75.5,9961,67,1089,72,4668,17,17845,88,21.5,49,46.2,50,36,42,74.5,52,100,99,1142
156189,Alice Lloyd College,Pippa Passes,Kentucky,4-year,Private not-for-profit,Baccalaureate Colleges--Diverse Fields,631,96,569,22,990,26,8328,21,55979,80,21.5,15,31.6,11,58.4,85,62.8,19,71.8,76,177
156213,Asbury College,Wilmore,Kentucky,4-year,Private not-for-profit,Baccalaureate Colleges--Diverse Fields,1547,85.7,1415,50,1110,68,12797,44,23245,57,56.3,72,64.3,69,39,54,79.8,63,50.5,47,311
156231,Ashland Community and Technical College,Ashland,Kentucky,2-year,Public,Associates--Public Rural-serving Medium,3359,54.3,2482,39,NULL,NULL,6424,94,NULL,NULL,10.1,53,19.5,47,46,61,48.1,13,54.2,89,517
156286,Bellarmine University,Louisville,Kentucky,4-year,Private not-for-profit,Masters Colleges and Universities--larger programs,2593,91.7,2684,79,1116,69,22152,86,13239,41,53.1,67,66.5,72,22.6,19,79.7,63,43.9,38,567
156295,Berea College,Berea,Kentucky,4-year,Private not-for-profit,Baccalaureate Colleges--Arts & Sciences,1623,97.8,1623,57,1113,69,26776,93,623784,99,46.9,57,61.7,63,82.9,97,81.1,67,88.4,90,420
156338,Bowling Green Technical College,Bowling Green,Kentucky,2-year,Public,Associates--Public Rural-serving Medium,4758,36.7,2794,44,NULL,NULL,6707,95,NULL,NULL,8.3,44,20.4,51,38.9,43,57.1,47,34.8,57,363
156356,Brescia University,Owensboro,Kentucky,4-year,Private not-for-profit,Baccalaureate Colleges--Diverse Fields,928,74.1,673,25,NULL,NULL,10402,31,16159,48,16,8,29.8,9,50.1,77,57.1,11,43,36,94
156365,Campbellsville University,Campbellsville,Kentucky,4-year,Private not-for-profit,Masters Colleges and Universities--medium programs,3048,65,2485,75,985,24,19973,78,4092,14,28.3,25,40.8,23,38,52,68.8,32,61.1,62,346
156392,Central Kentucky Technical College (see 1438),Lexington,Kentucky,2-year,Public,Associates--Public Rural-serving Large,12365,44,8560,85,NULL,NULL,6590,94,NULL,NULL,8.5,46,18.5,43,45.8,60,52.5,27,27.9,34,1715
156408,Centre College,Danville,Kentucky,4-year,Private not-for-profit,Baccalaureate Colleges--Arts & Sciences,1381,99.8,1350,48,1268,89,21379,84,171292,93,80.4,93,82,90,15.6,7,90,87,92.5,93,316
156417,Clear Creek Baptist Bible College,Pineville,Kentucky,4-year,Private not-for-profit,Theological seminaries- Bible colleges- and other faith-related institutions,152,67.8,123,3,NULL,NULL,5307,10,118745,89,30,28,60,60,75.9,94,80,64,75,78,10
156471,Galen College of Nursing at Louisville,Louisville,Kentucky,2-year,Private for-profit,Associates--Private For-profit,847,57.9,994,80,NULL,NULL,3381,11,NULL,NULL,46.1,58,62.2,53,61.8,33,63.7,38,54.2,68,267
156541,University of the Cumberlands,Williamsburg,Kentucky,4-year,Private not-for-profit,Masters Colleges and Universities--medium programs,2096,72.2,1550,54,1019,35,14138,53,19906,53,23.9,19,43.5,28,44.4,65,51.6,8,55.4,54,481
156620,Eastern Kentucky University,Richmond,Kentucky,4-year,Public,Masters Colleges and Universities--larger programs,13891,79,12093,73,1009,42,6183,54,4256,50,17.5,37,39.2,32,42.8,66,71.5,42,82.8,89,2365
156648,Elizabethtown Community and Technical College,Elizabethtown,Kentucky,2-year,Public,Associates--Public Rural-serving Medium,6929,44.1,3762,55,NULL,NULL,6270,93,NULL,NULL,11.9,61,23.4,61,49,68,53.3,31,46.7,80,1045
156745,Georgetown College,Georgetown,Kentucky,4-year,Private not-for-profit,Baccalaureate Colleges--Arts & Sciences,1043,95.9,1133,41,1085,60,22850,87,30992,66,49.2,60,56.6,53,34.3,43,75.5,51,73.8,77,366
156790,Hazard Community and Technical College,Hazard,Kentucky,2-year,Public,Associates--Public Rural-serving Medium,3790,47.6,2087,32,NULL,NULL,6226,93,NULL,NULL,14.7,71,27.6,75,48.7,67,61.4,67,52.9,88,551
156851,Henderson Community College,Henderson,Kentucky,2-year,Public,Associates--Public Rural-serving Medium,2036,26.4,1300,17,NULL,NULL,6277,93,NULL,NULL,6.2,32,21.2,54,42.3,50,44.8,7,31.2,46,160
156860,Hopkinsville Community College,Hopkinsville,Kentucky,2-year,Public,Associates--Public Rural-serving Medium,3609,45.1,2269,36,NULL,NULL,6048,92,NULL,NULL,4.9,22,19.4,47,61.9,90,52,25,46.9,81,346
156903,Daymar College - Paducah,Paducah,Kentucky,4-year,Private for-profit,Associates--Private For-profit,86,77.9,126,3,NULL,NULL,4364,50,NULL,NULL,NULL,NULL,NULL,NULL,67.3,44,NULL,NULL,21.7,58,NULL
156921,Jefferson Community and Technical College,Louisville,Kentucky,2-year,Public,Associates--Public Urban-serving Multicampus,13498,34.4,7950,82,NULL,NULL,5992,91,NULL,NULL,3.7,13,11.2,14,46.4,62,48.5,14,41.5,71,1122
157021,National College Lexington,Lexington,Kentucky,4-year,Private for-profit,Associates--Private For-profit 4-year Primarily Associates,1282,61.9,1491,82,NULL,NULL,5352,81,NULL,NULL,0,0,0,0,86.5,97,NULL,NULL,20.6,55,1
157058,Kentucky State University,Frankfort,Kentucky,4-year,Public,Baccalaureate Colleges--Arts & Sciences,2370,76.5,1971,16,860,4,6983,70,6393,65,7.5,7,18.4,4,59.5,93,51.7,3,80.4,85,522
157076,Kentucky Wesleyan College,Owensboro,Kentucky,4-year,Private not-for-profit,Baccalaureate Colleges--Diverse Fields,657,94.5,633,24,1019,35,13978,51,47948,77,24.6,20,37.9,18,47.2,71,65,23,50,47,280
157085,University of Kentucky,Lexington,Kentucky,4-year,Public,Research Universities--very high research activity,21441,92.7,20078,88,1140,82,7440,77,41004,97,33.7,74,60.4,78,24.8,14,82.5,77,83.7,90,3786
157100,Kentucky Christian University,Grayson,Kentucky,4-year,Private not-for-profit,Baccalaureate Colleges--Diverse Fields,559,88.4,566,22,976,22,10116,29,9542,32,18.4,11,38.7,20,49.5,75,53.3,9,59.7,59,163
157216,Lindsey Wilson College,Columbia,Kentucky,4-year,Private not-for-profit,Masters Colleges and Universities--medium programs,2200,95.5,2026,67,NULL,NULL,15021,57,6512,22,15.1,8,28.7,8,63.8,89,57.4,12,50,47,352
157270,Sullivan College of Technology and Design,Louisville,Kentucky,4-year,Private for-profit,Schools of art- music- and design,381,62.5,378,26,NULL,NULL,3841,23,NULL,NULL,NULL,NULL,NULL,NULL,71.3,59,NULL,NULL,46.4,89,NULL
157289,University of Louisville,Louisville,Kentucky,4-year,Public,Research Universities--very high research activity,15954,77.9,13750,77,1142,83,8076,83,41605,97,25.1,59,53.5,66,30,25,77.9,63,74.5,74,2523
157304,Madisonville Community College,Madisonville,Kentucky,2-year,Public,Associates--Public Rural-serving Medium,4522,32.2,2082,32,NULL,NULL,6186,92,NULL,NULL,17.9,80,30.5,83,32.6,27,64.5,79,45.4,78,364
157331,Maysville Community and Technical College,Maysville,Kentucky,2-year,Public,Associates--Public Rural-serving Medium,3595,45.6,2969,46,NULL,NULL,7278,98,NULL,NULL,18.8,82,29.7,81,45.8,60,61.4,67,35.8,59,451
157359,Mid-Continent University,Mayfield,Kentucky,4-year,Private not-for-profit,Baccalaureate Colleges--Diverse Fields,2154,84.6,1628,57,923,9,15363,58,NULL,NULL,5.4,2,15.4,3,56.3,83,62.1,18,20.7,8,130
157377,Midway College,Midway,Kentucky,4-year,Private not-for-profit,Baccalaureate Colleges--Diverse Fields,1247,58.6,1187,42,1032,41,7085,17,19224,52,33.6,35,47.6,36,51.3,78,82.8,72,31.2,20,143
157386,Morehead State University,Morehead,Kentucky,4-year,Public,Masters Colleges and Universities--larger programs,10076,61.6,6632,52,1028,50,7119,72,5148,58,22.1,51,44.6,46,38.3,49,69.2,35,76.7,78,1164
157401,Murray State University,Murray,Kentucky,4-year,Public,Masters Colleges and Universities--larger programs,9172,78,7711,56,1029,51,7305,75,6788,67,28.6,66,53.1,64,35.2,40,73,46,73.2,72,1388
157438,Gateway Community and Technical College,Florence,Kentucky,2-year,Public,Associates--Public Suburban-serving Multicampus,4646,31.6,2422,39,NULL,NULL,7633,99,NULL,NULL,17.3,78,33.6,88,50.7,71,65.2,81,24.3,23,336
157447,Northern Kentucky University,Highland Heights,Kentucky,4-year,Public,Masters Colleges and Universities--larger programs,12794,76.1,10741,70,1024,49,6029,49,6511,66,13.6,24,37.7,29,33.7,35,67.4,27,56.6,39,1855
157465,Daymar College - Owensboro,Owensboro,Kentucky,4-year,Private for-profit,Associates--Private For-profit,122,61.5,233,10,NULL,NULL,4043,34,NULL,NULL,NULL,NULL,NULL,NULL,65.6,40,NULL,NULL,17.5,47,NULL
157483,West Kentucky Community and Technical College,Paducah,Kentucky,2-year,Public,Associates--Public Rural-serving Large,7104,34.9,4107,58,NULL,NULL,4894,79,NULL,NULL,19.8,84,38.1,93,40.4,46,66,83,33.9,53,666
157535,Pikeville College,Pikeville,Kentucky,4-year,Private not-for-profit,Baccalaureate Colleges--Arts & Sciences,1738,73.8,1198,43,909,7,15764,61,11474,37,16.4,9,28.6,8,47.6,72,52.2,8,74.4,78,213
157553,Big Sandy Community and Technical College,Prestonsburg,Kentucky,2-year,Public,Associates--Public Rural-serving Medium,4715,51.4,2660,42,NULL,NULL,4673,73,NULL,NULL,6.9,35,16,33,44.5,57,55.7,41,53.3,88,524
157599,Brown Mackie College-Louisville,Louisville,Kentucky,4-year,Private for-profit,Associates--Private For-profit,1420,100,1637,85,NULL,NULL,4011,32,NULL,NULL,NULL,NULL,NULL,NULL,83.6,94,0,0,15.4,42,NULL
157632,St. Catharine College,Saint Catharine,Kentucky,4-year,Private not-for-profit,Baccalaureate/Associates Colleges,748,76.2,726,26,NULL,NULL,17592,70,539,2,18.2,11,27.3,7,47.4,71,61.9,18,58.3,58,11
157696,Brown Mackie College North Kentucky,Fort Mitchell,Kentucky,4-year,Private for-profit,Associates--Private For-profit,443,100,541,44,NULL,NULL,3823,22,NULL,NULL,NULL,NULL,NULL,NULL,81.4,89,33.3,8,10.3,24,NULL
157711,Somerset Community College,Somerset,Kentucky,2-year,Public,Associates--Public Rural-serving Large,7504,45.9,4698,64,NULL,NULL,7180,97,NULL,NULL,10.7,56,24.9,67,61.2,89,62.7,72,49.7,84,1125
157739,Southeast Kentucky Community and Technical College,Cumberland,Kentucky,2-year,Public,Associates--Public Rural-serving Medium,5221,37.7,2196,34,NULL,NULL,4319,62,NULL,NULL,11.4,59,25.1,67,37,38,58.6,54,54.9,90,394
157757,Spalding University,Louisville,Kentucky,4-year,Private not-for-profit,Doctoral/Research Universities,1371,69.6,1053,38,952,16,16874,67,6601,22,17.8,11,40.2,22,47.3,71,73.1,44,52.6,50,107
157766,Spencerian College at Louisville,Louisville,Kentucky,2-year,Private for-profit,Associates--Private For-profit,533,79.9,718,67,NULL,NULL,4326,52,NULL,NULL,20.7,22,38.7,16,53.2,23,36.7,6,44.3,57,266
157793,Sullivan University,Louisville,Kentucky,4-year,Private for-profit,Masters Colleges and Universities--medium programs,3687,60.4,4405,94,NULL,NULL,4680,62,NULL,NULL,NULL,NULL,NULL,NULL,50.3,14,NULL,NULL,45.1,88,NULL
157809,Thomas More College,Crestview Hills,Kentucky,4-year,Private not-for-profit,Masters Colleges and Universities--smaller programs,1502,75.9,1331,47,1033,41,19414,77,11307,37,41.8,48,56.6,53,26.1,26,59.8,15,50.3,47,249
157818,Transylvania University,Lexington,Kentucky,4-year,Private not-for-profit,Baccalaureate Colleges--Arts & Sciences,1082,98.6,1272,45,1213,85,19347,76,115910,89,67.5,84,72.2,80,27.1,28,87.3,82,83.6,86,335
157863,Union College (Ky.),Barbourville,Kentucky,4-year,Private not-for-profit,Masters Colleges and Universities--larger programs,818,89.1,743,27,1007,31,13929,51,19422,53,15.8,8,34.2,14,58,85,56.1,11,65.9,69,158
157951,Western Kentucky University,Bowling Green,Kentucky,4-year,Public,Masters Colleges and Universities--larger programs,17509,76.4,15115,79,1009,42,6072,49,945,10,25.3,60,50.3,58,39.3,54,71.8,43,63.2,51,2410
158088,Central Louisiana Technical College Alexandria Campus,Alexandria,Louisiana,2-year,Public,Associates--Public Rural-serving Small,2242,48.1,1957,30,NULL,NULL,2810,12,147,13,47.7,98,60,98,36.7,37,74,96,46.8,81,430
158352,Capital Area Technical College Baton Rouge Campus,Baton Rouge,Louisiana,2-year,Public,Associates--Public Urban-serving Multicampus,2324,35.8,1969,31,NULL,NULL,1221,0,NULL,NULL,34.6,95,40.8,94,14.2,2,46.6,9,NULL,NULL,289
158431,Bossier Parish Community College,Bossier City,Louisiana,2-year,Public,Associates--Public Rural-serving Medium,8464,58.8,6209,75,NULL,NULL,4356,63,16,3,4.9,22,11.5,14,70.7,96,51.4,22,47.2,81,1221
158440,Cameron College,New Orleans,Louisiana,2-year,Private for-profit,Associates--Private For-profit,23,100,128,5,NULL,NULL,6848,93,NULL,NULL,63.2,80,63.2,57,87.7,87,61.4,31,0,0,38
158477,Centenary College of Louisiana,Shreveport,Louisiana,4-year,Private not-for-profit,Baccalaureate Colleges--Arts & Sciences,586,97.4,698,25,1131,73,25800,91,163053,92,48.5,60,59,58,35.4,46,75.9,52,56.2,55,200
158662,Delgado Community College,New Orleans,Louisiana,2-year,Public,Associates--Public Urban-serving Multicampus,18698,42.3,12843,93,NULL,NULL,4942,80,165,15,6.2,32,10,10,72.7,97,56.5,45,48.6,83,2559
158723,Delta School of Business & Technology,Lake Charles,Louisiana,2-year,Private for-profit,Associates--Private For-profit,199,100,336,33,NULL,NULL,5662,84,NULL,NULL,30.6,37,58.2,42,96.2,97,64.6,41,50,63,294
158802,Dillard University,New Orleans,Louisiana,4-year,Private not-for-profit,Baccalaureate Colleges--Arts & Sciences,1183,95.4,1300,46,884,5,19187,76,44901,75,5.2,2,45.7,33,76.8,94,59.2,14,42.6,36,173
158884,Nunez Community College,Chalmette,Louisiana,2-year,Public,Associates--Public Suburban-serving Single Campus,2506,36.6,1390,18,NULL,NULL,4417,65,960,56,2.4,6,11.4,14,63.8,92,43.5,6,49.4,84,166
159009,Grambling State University,Grambling,Louisiana,4-year,Public,Masters Colleges and Universities--medium programs,4155,92.9,4191,35,863,4,13767,98,2220,29,7.1,7,30.9,18,73.5,98,68.9,34,89,96,1170
159197,ITI Technical College,Baton Rouge,Louisiana,2-year,Private for-profit,Associates--Private For-profit,630,100,798,71,NULL,NULL,4280,49,NULL,NULL,77.3,93,81.5,91,49.1,19,67.8,49,27.6,31,238
159382,Louisiana State University at Alexandria,Alexandria,Louisiana,4-year,Public,Baccalaureate Colleges--Arts & Sciences,2211,56.9,1696,12,950,19,4571,15,8162,72,7.2,7,20.1,5,40.9,59,53.6,5,62.5,49,139
159391,Louisiana State University at Baton Rouge,Baton Rouge,Louisiana,4-year,Public,Research Universities--very high research activity,24923,91.5,23306,93,1162,87,8280,84,16082,87,37.9,80,66.9,86,19.8,5,82.5,77,90.5,96,4585
159407,Louisiana State University at Eunice,Eunice,Louisiana,2-year,Public,Associates--Public 2-year colleges under 4-year universities,2673,48,1739,26,NULL,NULL,3984,51,1081,59,5,24,10,10,42.6,52,50.7,20,59.8,93,677
159416,Louisiana State University at Shreveport,Shreveport,Louisiana,4-year,Public,Masters Colleges and Universities--medium programs,3674,57.1,2891,24,1030,51,6119,51,5688,61,14.7,28,32.6,20,30,25,66.2,23,71.7,70,341
159443,Acadiana Technical College Lafayette Campus,Lafayette,Louisiana,2-year,Public,Associates--Public Rural-serving Small,2832,46.2,2378,38,NULL,NULL,3152,20,28,3,18,80,33.5,87,43.8,55,61.3,67,NULL,NULL,639
159568,Louisiana College,Pineville,Louisiana,4-year,Private not-for-profit,Baccalaureate Colleges--Diverse Fields,1116,92.7,1070,38,968,19,9179,25,23979,58,29.1,27,42.5,26,45.4,68,53.1,9,69.3,72,247
159647,Louisiana Tech University,Ruston,Louisiana,4-year,Public,Research Universities--high research activity,9245,71.2,7530,55,1089,72,6745,65,8196,73,29.4,67,49.9,57,22.2,8,78.6,66,80.7,85,1469
159656,Loyola University New Orleans,New Orleans,Louisiana,4-year,Private not-for-profit,Masters Colleges and Universities--larger programs,2946,93,3258,85,1143,75,27238,93,59950,81,43.9,52,54.9,49,29.7,33,80.4,65,75.2,79,494
159717,McNeese State University,Lake Charles,Louisiana,4-year,Public,Masters Colleges and Universities--larger programs,7575,78.9,6942,53,1030,51,5349,35,2199,28,13.3,23,37.4,29,36.4,44,69.1,34,65.5,56,1222
159939,University of New Orleans,New Orleans,Louisiana,4-year,Public,Research Universities--high research activity,7144,75.3,6594,52,1072,68,6242,55,2521,33,13,21,32.1,19,32,30,67.5,28,70.5,67,1030
159966,Nicholls State University,Thibodaux,Louisiana,4-year,Public,Masters Colleges and Universities--medium programs,5888,80.3,5492,44,1030,51,5881,45,1322,15,18.8,40,42,38,39.3,54,68.1,30,85.5,91,1044
159993,University of Louisiana at Monroe,Monroe,Louisiana,4-year,Public,Masters Colleges and Universities--larger programs,7276,67.3,5873,48,NULL,NULL,7196,73,3373,41,18.7,40,40.3,34,37.3,45,67.2,26,79.5,83,1393
160010,Northwest Louisiana Technical College - Minden,Minden,Louisiana,2-year,Public,Associates--Public Rural-serving Small,2694,37.5,1737,26,NULL,NULL,4219,59,NULL,NULL,44.3,97,48.1,96,51.1,73,65.5,82,64.7,95,341
160038,Northwestern State University,Natchitoches,Louisiana,4-year,Public,Masters Colleges and Universities--larger programs,7836,64,7008,53,1007,41,6644,63,1610,19,18.8,40,38.4,31,40.2,57,71.8,43,69.2,64,1184
160065,Our Lady of Holy Cross College,New Orleans,Louisiana,4-year,Private not-for-profit,Masters Colleges and Universities--smaller programs,878,59.3,879,32,NULL,NULL,4780,8,31309,66,4.9,2,28,8,45.7,68,71.2,38,41.8,34,82
160074,Our Lady of the Lake College,Baton Rouge,Louisiana,4-year,Private not-for-profit,Other health professions schools,1486,58.7,1210,44,1010,32,10706,32,6665,22,14.3,7,28.6,8,37,50,59.8,15,50.9,48,14
160409,Saint Joseph Seminary College,St. Benedict,Louisiana,4-year,Private not-for-profit,Theological seminaries- Bible colleges- and other faith-related institutions,133,97,83,1,NULL,NULL,4738,8,27760,63,75,90,75,83,23.1,20,100,99,64,66,8
160481,L.E. Fletcher Technical Community College,Schriever,Louisiana,2-year,Public,Associates--Public Urban-serving Multicampus,1968,64,1558,23,NULL,NULL,3295,25,145,12,7,36,15,28,39.6,45,53.5,31,53.3,88,301
160524,Remington College-Lafayette Campus,Lafayette,Louisiana,2-year,Private not-for-profit,Associates--Private For-profit,326,100,566,75,NULL,NULL,3782,33,NULL,NULL,45.9,46,57.6,54,71.4,69,57.5,42,61.5,65,399
160579,Sowela Technical Community College,Lake Charles,Louisiana,2-year,Public,Associates--Public Rural-serving Small,3225,52.8,2160,34,NULL,NULL,3550,33,NULL,NULL,7.3,38,33,86,42.4,51,45.6,8,51.5,86,509
160612,Southeastern Louisiana University,Hammond,Louisiana,4-year,Public,Masters Colleges and Universities--larger programs,13730,72.8,11825,73,1030,51,6100,51,1020,11,13.4,23,35.6,24,33.3,33,63.3,17,78.1,80,2515
160621,Southern University and A&M College,Baton Rouge,Louisiana,4-year,Public,Masters Colleges and Universities--larger programs,5746,81.9,5113,42,NULL,NULL,5537,39,1437,17,8.1,9,31.8,19,62.8,95,67.4,27,62.6,49,1178
160630,Southern University at New Orleans,New Orleans,Louisiana,4-year,Public,Masters Colleges and Universities--medium programs,1809,67.6,976,5,808,0,3269,1,4688,55,3.6,1,10.5,1,62.7,94,52.3,4,68.6,61,276
160649,Southern University at Shreveport-Louisiana,Shreveport,Louisiana,2-year,Public,Associates--Public 2-year colleges under 4-year universities,3018,70.3,2277,37,NULL,NULL,3962,51,264,26,15.5,73,15.5,30,61.4,90,43.2,6,40.5,69,329
160658,University of Louisiana at Lafayette,Lafayette,Louisiana,4-year,Public,Research Universities--high research activity,15053,81.7,13352,76,NULL,NULL,5831,44,8535,74,13.4,23,44.8,46,34,36,74.3,51,80.5,85,2691
160667,Northshore Technical College Sullivan Campus,Bogalusa,Louisiana,2-year,Public,Associates--Public Urban-serving Multicampus,3151,34.2,1673,24,NULL,NULL,2095,3,NULL,NULL,16.3,75,40.9,94,35.7,34,48.9,15,47,81,264
160755,Tulane University,New Orleans,Louisiana,4-year,Private not-for-profit,Research Universities--very high research activity,8290,78.3,8390,97,1341,93,23449,88,81125,85,62.3,79,76,84,16.2,8,90.5,88,70.8,74,1322
160904,Xavier University of Louisiana,New Orleans,Louisiana,4-year,Private not-for-profit,Baccalaureate Colleges--Arts & Sciences,2504,94.8,2382,74,1048,47,11562,36,46059,76,27.2,23,46.1,33,57.4,84,71.8,40,89.3,91,464
160913,South Central Louisiana Technical College Young Memorial Campus,Morgan City,Louisiana,2-year,Public,Associates--Public Suburban-serving Multicampus,2410,24.9,1563,23,NULL,NULL,3475,30,NULL,NULL,50.5,98,53.8,98,20.3,6,59.8,59,58.3,92,208
160940,"Kaplan University at Portland, Maine",S Portland,Maine,4-year,Private for-profit,Associates--Private For-profit,988,45.9,1524,83,NULL,NULL,5117,75,NULL,NULL,NULL,NULL,NULL,NULL,72.4,63,33.3,8,26.2,69,NULL
160959,College of the Atlantic,Bar Harbor,Maine,4-year,Private not-for-profit,Baccalaureate Colleges--Arts & Sciences,362,95,314,12,NULL,NULL,28450,94,116238,89,56,71,69,76,30.1,33,80.6,66,100,95,84
160977,Bates College,Lewiston,Maine,4-year,Private not-for-profit,Baccalaureate Colleges--Arts & Sciences,1791,100,1746,60,NULL,NULL,35562,98,133908,91,88,98,93,97,11.1,1,91.6,90,84.7,87,442
160995,Beal College,Bangor,Maine,2-year,Private for-profit,Associates--Private For-profit,464,78.2,487,51,NULL,NULL,2698,4,NULL,NULL,9,10,36.7,14,76,64,60.5,28,32.1,37,166
161004,Bowdoin College,Brunswick,Maine,4-year,Private not-for-profit,Baccalaureate Colleges--Arts & Sciences,1795,99.8,1809,62,1423,97,33797,98,574151,98,87.6,98,93.3,98,13.8,4,96.5,96,85.7,87,475
161022,Central Maine Medical Center College of Nursing and Health Professions,Lewiston,Maine,2-year,Private not-for-profit,Associates--Private Not-for-profit,225,26.2,166,27,1010,67,1184,3,36127,92,0,0,0,0,45.2,33,100,92,84.2,81,1
161077,Central Maine Community College,Auburn,Maine,2-year,Public,Associates--Public Rural-serving Medium,3109,46.5,1922,30,NULL,NULL,4430,66,294,29,8.1,43,23.5,61,51.3,74,64.1,78,14.8,3,544
161086,Colby College,Waterville,Maine,4-year,Private not-for-profit,Baccalaureate Colleges--Arts & Sciences,1820,100,1955,65,1343,93,34071,98,332477,96,89.3,99,92.5,97,10.8,1,93.1,92,82.6,85,467
161138,Eastern Maine Community College,Bangor,Maine,2-year,Public,Associates--Public Rural-serving Medium,2558,53,1718,26,NULL,NULL,4392,65,390,35,11.2,58,29.2,79,53.6,79,60.2,61,16,4,322
161165,Husson University,Bangor,Maine,4-year,Private not-for-profit,Masters Colleges and Universities--medium programs,2350,79.5,2149,70,962,18,15472,59,3673,13,25.4,21,45.2,32,28,29,71.6,39,40,32,460
161192,Kennebec Valley Community College,Fairfield,Maine,2-year,Public,Associates--Public Rural-serving Medium,2263,29.3,1466,20,NULL,NULL,3906,48,1905,75,23.9,89,41.6,94,51.9,76,68.3,87,17.9,7,209
161217,University of Maine at Augusta,Augusta,Maine,4-year,Public,Baccalaureate/Associates Colleges,4770,36.2,3204,27,NULL,NULL,4876,23,1997,25,3.1,1,12.3,1,56.7,90,52.9,5,34.8,10,163
161226,University of Maine at Farmington,Farmington,Maine,4-year,Public,Baccalaureate Colleges--Diverse Fields,1901,93.8,1968,16,NULL,NULL,6034,49,5883,62,37.8,80,55.1,69,46,74,71.1,40,67.2,58,479
161235,University of Maine at Fort Kent,Fort Kent,Maine,4-year,Public,Baccalaureate Colleges--Diverse Fields,1209,49.1,835,3,908,10,5084,28,3659,45,36,78,44,44,32.2,30,59.2,9,37.9,13,100
161244,University of Maine at Machias,Machias,Maine,4-year,Public,Baccalaureate Colleges--Arts & Sciences,892,49.2,613,1,937,15,8021,82,2765,37,13.6,24,30.9,18,40.9,59,65.9,23,41.6,16,110
161253,University of Maine,Orono,Maine,4-year,Public,Research Universities--high research activity,9182,86.3,7892,57,1085,71,7632,79,27762,94,35.7,77,55.6,70,37.2,45,80.7,71,63.7,52,1816
161299,Maine Maritime Academy,Castine,Maine,4-year,Public,Baccalaureate Colleges--Diverse Fields,994,98.5,991,5,1026,49,6405,59,15340,87,52.8,92,73.6,92,28.8,22,75.4,56,67,58,250
161341,University of Maine at Presque Isle,Presque Isle,Maine,4-year,Public,Baccalaureate Colleges--Diverse Fields,1263,56.8,1020,5,NULL,NULL,5842,44,1123,12,15.2,30,29.9,15,36.4,44,59.5,10,47.9,24,184
161457,University of New England,Biddeford,Maine,4-year,Private not-for-profit,Masters Colleges and Universities--larger programs,2653,81.3,2808,80,1057,51,16994,68,5499,19,49.3,61,58.3,57,22.8,20,74.2,47,52.7,50,511
161484,Northern Maine Community College,Presque Isle,Maine,2-year,Public,Associates--Public Rural-serving Small,1086,51.7,739,7,NULL,NULL,4847,77,2694,84,24.1,89,30.2,82,53,77,55.8,41,47.5,82,162
161509,Maine College of Art,Portland,Maine,4-year,Private not-for-profit,Schools of art- music- and design,378,95.5,346,14,NULL,NULL,14047,52,12687,40,41.2,47,45,31,43.1,63,63.4,20,18.5,7,80
161518,Saint Joseph's College of Maine,Standish,Maine,4-year,Private not-for-profit,Masters Colleges and Universities--medium programs,1276,70.1,1389,49,960,18,12988,44,8124,27,49.1,60,55.4,50,24.3,22,71.7,40,28.8,17,350
161545,Southern Maine Community College,South Portland,Maine,2-year,Public,Associates--Public Rural-serving Medium,7157,42.5,4666,63,NULL,NULL,6367,93,181,18,2.9,9,12.9,21,48.8,67,55.2,38,23.1,19,1105
161554,University of Southern Maine,Portland,Maine,4-year,Public,Masters Colleges and Universities--larger programs,7098,60.3,5407,44,1003,39,5337,34,4567,54,9.7,14,33.6,22,36.4,44,67,26,47.2,22,900
161563,Thomas College (Me.),Waterville,Maine,4-year,Private not-for-profit,Baccalaureate Colleges--Diverse Fields,1339,58.3,812,29,895,6,13053,45,9500,32,35.4,38,44.5,30,33.3,40,65.4,24,42.5,36,209
161572,Unity College,Unity,Maine,4-year,Private not-for-profit,Baccalaureate Colleges--Diverse Fields,553,98.9,550,21,NULL,NULL,10980,34,25610,60,45.2,55,51.4,43,44.1,65,76.7,54,52.8,50,177
161581,Washington County Community College,Calais,Maine,2-year,Public,Associates--Public Rural-serving Small,463,62.9,340,2,NULL,NULL,6983,97,1418,67,24.3,89,35.1,90,69.7,95,47.7,12,64.7,95,148
161688,Allegany College of Maryland,Cumberland,Maryland,2-year,Public,Associates--Public Rural-serving Medium,3191,53.9,2407,38,NULL,NULL,3578,34,4307,92,6.6,33,18.1,41,45.6,60,50.9,21,40.1,69,714
161767,Anne Arundel Community College,Arnold,Maryland,2-year,Public,Associates--Public Suburban-serving Single Campus,16463,30,10501,89,NULL,NULL,2834,13,583,43,5,24,15.6,31,26.3,14,68.5,88,19.4,9,2010
161776,"TESST College of Technology (Towson, Md.)",Towson,Maryland,2-year,Private for-profit,Associates--Private For-profit,360,100,511,52,NULL,NULL,3659,18,NULL,NULL,0,0,62.7,55,61.4,31,63.5,37,12.5,9,300
161864,Baltimore City Community College,Baltimore,Maryland,2-year,Public,Associates--Public Urban-serving Multicampus,5394,32.9,3560,52,NULL,NULL,3708,39,375,34,1.4,2,5.1,1,53.6,79,45.7,9,24.1,23,554
161873,University of Baltimore,Baltimore,Maryland,4-year,Public,Masters Colleges and Universities--larger programs,3526,58.5,2480,21,NULL,NULL,4549,14,8075,72,23.4,54,37.6,29,42.6,65,67.4,27,46.7,21,141
162007,Bowie State University,Bowie,Maryland,4-year,Public,Doctoral/Research Universities,4358,80.8,3848,33,886,6,6887,68,1371,16,12.9,21,35.2,24,48.7,81,70.2,38,49.9,28,820
162061,Capitol College,Laurel,Maryland,4-year,Private not-for-profit,Schools of engineering,442,74.7,384,15,1042,45,14718,55,5105,17,19,13,42.9,26,35.6,46,81.5,69,19.2,8,42
162104,Cecil College,North East,Maryland,2-year,Public,Associates--Public Suburban-serving Single Campus,2604,39.9,1558,23,NULL,NULL,2760,11,3267,88,0,0,10.9,13,31.2,23,53.1,29,17.2,6,258
162122,College of Southern Maryland,La Plata,Maryland,2-year,Public,Associates--Public Suburban-serving Multicampus,8781,37.8,5775,73,NULL,NULL,4494,68,592,43,3.7,13,14.1,26,23.8,10,60.5,63,20.1,11,860
162168,Chesapeake College,Wye Mills,Maryland,2-year,Public,Associates--Public Rural-serving Medium,2563,33.3,1549,22,NULL,NULL,3160,20,2010,77,3.2,10,12.5,18,38.1,41,52.3,26,39.4,68,431
162210,Washington Adventist University,Takoma Park,Maryland,4-year,Private not-for-profit,Baccalaureate Colleges--Diverse Fields,1011,79.7,1026,37,NULL,NULL,10342,30,6403,22,17.5,10,35.7,15,53.9,81,71,38,35.8,26,126
162283,Coppin State University,Baltimore,Maryland,4-year,Public,Masters Colleges and Universities--smaller programs,2920,77.1,2648,22,880,6,6077,50,269,4,4.1,2,13.9,2,59.6,93,61.2,14,47.4,22,555
162557,Frederick Community College,Frederick,Maryland,2-year,Public,Associates--Public Suburban-serving Single Campus,6050,37.5,3798,56,NULL,NULL,3857,45,2803,85,8.7,47,21.3,54,22.2,8,63.1,74,17.6,7,907
162584,Frostburg State University,Frostburg,Maryland,4-year,Public,Masters Colleges and Universities--larger programs,4703,89.1,4407,37,963,23,6343,58,3542,44,22,50,46.5,52,35,39,76.8,59,64.3,53,1057
162609,Garrett College,McHenry,Maryland,2-year,Public,Associates--Public Rural-serving Small,769,77.6,680,6,NULL,NULL,6815,96,3573,89,13.5,67,25.8,70,58.6,86,47.9,12,22.3,17,252
162654,Goucher College,Baltimore,Maryland,4-year,Private not-for-profit,Baccalaureate Colleges--Arts & Sciences,1449,98.3,1441,51,NULL,NULL,22276,86,103891,87,59.1,75,67.9,74,24,22,85.4,78,67.5,71,399
162681,Kaplan University at Hagerstown,Hagerstown,Maryland,4-year,Private for-profit,Associates--Private For-profit 4-year Primarily Associates,845,27.2,1250,79,NULL,NULL,5012,73,NULL,NULL,22.2,54,22.2,41,74.3,71,NULL,NULL,22.2,60,9
162690,Hagerstown Community College,Hagerstown,Maryland,2-year,Public,Associates--Public Rural-serving Medium,4905,25.2,3220,49,NULL,NULL,3419,29,2313,81,11.5,59,21.8,55,37.9,41,54.2,33,26.5,30,514
162706,Harford Community College,Bel Air,Maryland,2-year,Public,Associates--Public Suburban-serving Single Campus,6992,37.2,4530,62,NULL,NULL,2844,13,1135,60,7,36,18.7,44,28.3,17,65.1,81,20.7,13,1075
162760,Hood College,Frederick,Maryland,4-year,Private not-for-profit,Masters Colleges and Universities--medium programs,1388,91.2,1313,47,1030,39,20027,79,39225,72,55.3,70,66.4,72,34.2,43,77.7,57,38.6,30,295
162779,Howard Community College,Columbia,Maryland,2-year,Public,Associates--Public Suburban-serving Single Campus,9969,37,6528,76,NULL,NULL,4523,69,1006,58,4.9,22,15,28,24.9,12,68.8,89,19.6,10,1153
162928,Johns Hopkins University,Baltimore,Maryland,4-year,Private not-for-profit,Research Universities--very high research activity,6117,95.9,6708,95,1418,97,30220,96,138661,91,86.9,97,92.5,97,13.1,3,97,97,92.5,93,1260
163028,Lincoln College of Technology at Columbia,Columbia,Maryland,2-year,Private for-profit,Associates--Private For-profit,693,76.9,725,68,NULL,NULL,3882,29,NULL,NULL,26.2,31,60.5,49,58.4,29,75,70,73.2,85,880
163046,Loyola University Maryland,Baltimore,Maryland,4-year,Private not-for-profit,Masters Colleges and Universities--larger programs,4004,98.7,3932,88,1194,83,24716,89,33559,68,79.4,92,84.4,92,14.1,4,87.3,82,61.4,62,979
163204,University of Maryland University College,Adelphi,Maryland,4-year,Public,Masters Colleges and Universities--larger programs,26740,22.1,17160,83,NULL,NULL,8364,85,523,6,1,0,2.9,0,23.9,12,35.7,0,8.2,0,105
163268,University of Maryland-Baltimore County,Baltimore,Maryland,4-year,Public,Research Universities--high research activity,11136,85.4,9738,66,1209,92,7762,81,6274,64,36.8,78,64.6,82,27,19,87.3,88,68.6,61,1423
163286,University of Maryland at College Park,College Park,Maryland,4-year,Public,Research Universities--very high research activity,26658,92,26275,95,1310,99,8152,83,12068,82,65.7,97,84.1,98,19.1,4,94.7,98,75.8,77,4218
163295,Maryland Institute College of Art,Baltimore,Maryland,4-year,Private not-for-profit,Schools of art- music- and design,1896,92.8,1934,65,1175,81,15454,59,32802,67,66.7,84,72.7,80,24.3,22,82.6,72,35.8,26,396
163338,University of Maryland-Eastern Shore,Princess Anne,Maryland,4-year,Public,Masters Colleges and Universities--smaller programs,3530,89.8,3658,32,871,5,9271,91,5200,58,13.4,23,32.5,20,55.1,89,67.8,30,59.7,43,875
163426,Montgomery College Rockville Campus,Rockville,Maryland,2-year,Public,Associates--Public Suburban-serving Multicampus,26155,35.3,17999,97,NULL,NULL,3537,32,1082,60,5.9,30,16.4,35,30.8,22,68.2,87,29.7,41,2244
163453,Morgan State University,Baltimore,Maryland,4-year,Public,Doctoral/Research Universities,6252,88,6227,50,893,8,7073,71,3328,40,11.1,17,33.7,22,61.5,94,72.1,45,84.7,90,1286
163462,Mount St. Mary's University (Md.),Emmitsburg,Maryland,4-year,Private not-for-profit,Masters Colleges and Universities--medium programs,1741,94.8,1849,63,1060,52,18465,73,19251,52,61.4,78,65.6,71,22.7,19,77.9,57,50.9,48,448
163532,Ner Israel Rabbinical College,Baltimore,Maryland,4-year,Private not-for-profit,Theological seminaries- Bible colleges- and other faith-related institutions,340,100,356,14,NULL,NULL,10234,30,82747,85,16.3,9,30.6,10,19.8,14,79.4,62,100,95,49
163578,College of Notre Dame of Maryland,Baltimore,Maryland,4-year,Private not-for-profit,Masters Colleges and Universities--larger programs,1234,42.5,957,35,1036,43,12926,44,17107,49,45.3,55,52.8,45,30.2,34,71.9,41,37.8,29,106
163657,Prince George's Community College,Largo,Maryland,2-year,Public,Associates--Public Suburban-serving Single Campus,13825,29.6,8537,85,NULL,NULL,3707,39,327,32,1.7,3,6.3,2,36.2,36,62.2,70,14.2,2,1170
163736,"TESST College of Technology (Baltimore, Md.)",Baltimore,Maryland,2-year,Private for-profit,Associates--Private For-profit,683,100,1011,81,NULL,NULL,3502,14,NULL,NULL,0,0,61.8,52,41.4,11,64.6,41,5.9,1,395
163851,Salisbury University,Salisbury,Maryland,4-year,Public,Masters Colleges and Universities--larger programs,8004,92.1,7923,57,1145,83,4660,17,5455,60,46.7,88,66.8,85,22.1,8,80.5,71,61.9,48,1142
163912,St. Mary's College of Maryland,St. Mary's City,Maryland,4-year,Public,Baccalaureate Colleges--Arts & Sciences,1819,96.9,1922,15,1221,93,8605,87,14712,86,71.3,99,79.3,94,15.2,1,90,92,75.4,76,464
163921,Sojourner-Douglass College,Baltimore,Maryland,4-year,Private not-for-profit,Baccalaureate Colleges--Diverse Fields,1037,51.1,1326,47,NULL,NULL,14564,55,NULL,NULL,10.4,5,16.7,3,70.8,92,43.5,3,36.7,28,48
163976,St. John's College (Md.),Annapolis,Maryland,4-year,Private not-for-profit,Baccalaureate Colleges--Arts & Sciences,443,99.3,506,19,NULL,NULL,28451,94,142620,92,55.6,71,63.4,67,23.8,21,89,86,79.7,82,142
164058,"TESST College of Technology (Beltsville, Md.)",Beltsville,Maryland,2-year,Private for-profit,Associates--Private For-profit,462,100,686,66,NULL,NULL,3202,8,NULL,NULL,0,0,62,53,37.1,8,76.1,73,6.5,2,295
164076,Towson University,Towson,Maryland,4-year,Public,Masters Colleges and Universities--larger programs,18779,88.3,17360,83,1078,69,7031,70,2990,39,40.4,83,65.5,82,25,14,86,85,52.6,33,2649
164173,Stevenson University,Stevenson,Maryland,4-year,Private not-for-profit,Masters Colleges and Universities--smaller programs,3965,82.9,3542,86,990,26,12719,43,16880,49,42.1,49,56.1,52,30.3,34,74.8,48,32.8,22,604
164216,Washington College,Chestertown,Maryland,4-year,Private not-for-profit,Baccalaureate Colleges--Arts & Sciences,1483,97.1,1626,57,1168,80,21049,82,109212,88,64.8,81,68.2,75,14.9,6,80.9,66,62.2,63,324
164270,McDaniel College,Westminster,Maryland,4-year,Private not-for-profit,Baccalaureate Colleges--Arts & Sciences,1692,98.1,1729,60,1105,66,22661,87,39288,72,63.6,81,71.8,79,30.7,35,84.2,75,33.9,23,439
164313,Wor-Wic Community College,Salisbury,Maryland,2-year,Public,Associates--Public Rural-serving Medium,3416,31.9,2256,36,NULL,NULL,3210,22,1114,60,5.7,29,15.8,32,50.7,71,46.6,9,28.5,36,437
164447,American International College,Springfield,Massachusetts,4-year,Private not-for-profit,Masters Colleges and Universities--larger programs,1513,92.3,1643,58,885,6,19593,77,2819,10,28.5,26,44.9,31,50.3,77,64.8,23,17.2,6,390
164465,Amherst College,Amherst,Massachusetts,4-year,Private not-for-profit,Baccalaureate Colleges--Arts & Sciences,1785,100,1961,66,1434,97,41580,100,930009,99,89.5,99,95.8,99,20,14,97.6,98,91.1,92,474
164492,Anna Maria College,Paxton,Massachusetts,4-year,Private not-for-profit,Masters Colleges and Universities--medium programs,1143,73.9,925,33,NULL,NULL,14873,56,2744,9,43.4,51,46.9,34,36.5,48,68.7,31,26,14,258
164562,Assumption College,Worcester,Massachusetts,4-year,Private not-for-profit,Masters Colleges and Universities--medium programs,2240,90.3,2169,70,NULL,NULL,18315,73,33993,68,70.2,86,72.7,80,23,20,83.4,74,54.5,52,594
164580,Babson College,Wellesley,Massachusetts,4-year,Private not-for-profit,Schools of business and management,2106,100,2144,70,1258,89,29942,95,85300,85,84.3,96,90.7,96,16.1,8,94.9,94,72.2,76,453
164614,Boston Baptist College,Boston,Massachusetts,4-year,Private not-for-profit,Theological seminaries- Bible colleges- and other faith-related institutions,96,76,76,1,NULL,NULL,13429,48,NULL,NULL,23.8,18,33.3,12,50,76,73.7,46,21.4,9,21
164632,Bay Path College,Longmeadow,Massachusetts,4-year,Private not-for-profit,Baccalaureate Colleges--Arts & Sciences,1458,80.9,1384,49,964,18,10427,31,16957,49,46.1,56,55.5,50,52.9,80,72.3,42,17.9,6,191
164641,Bay State College,Boston,Massachusetts,4-year,Private for-profit,Associates--Private For-profit 4-year Primarily Associates,1204,64.3,1009,71,NULL,NULL,6103,90,NULL,NULL,8.3,16,14.6,18,51.4,15,80,83,21.8,58,48
164720,Becker College at Worcester,Worcester,Massachusetts,4-year,Private not-for-profit,Baccalaureate Colleges--Diverse Fields,1902,76.2,1590,55,1006,30,13456,48,2496,8,16.1,9,24.4,6,38.9,54,64.1,21,26.5,15,316
164739,Bentley University,Waltham,Massachusetts,4-year,Private not-for-profit,Masters Colleges and Universities--larger programs,4247,97.5,4041,88,1234,87,24519,89,43423,74,81.1,93,87.3,94,15.5,7,93.5,92,60.6,61,927
164748,Berklee College of Music,Boston,Massachusetts,4-year,Private not-for-profit,Schools of art- music- and design,4402,89.7,4618,91,NULL,NULL,13816,50,61497,82,36,40,49.6,40,18.9,12,79.9,63,41.3,34,669
164775,Berkshire Community College,Pittsfield,Massachusetts,2-year,Public,Associates--Public Rural-serving Medium,2400,34.2,1483,21,NULL,NULL,3054,18,35,5,13.8,68,24.7,66,58.2,85,59.2,57,29.1,39,348
164872,Boston Architectural College,Boston,Massachusetts,4-year,Private not-for-profit,Schools of art- music- and design,578,71.5,254,10,NULL,NULL,5452,11,18293,51,2.6,1,6.6,1,44.2,65,75,49,7.4,2,76
164924,Boston College,Chestnut Hill,Massachusetts,4-year,Private not-for-profit,Research Universities--high research activity,9698,96.8,9480,98,1375,95,29881,95,137445,91,88.5,98,91.3,96,13.7,4,94.8,94,60.7,61,2287
164933,Boston Conservatory,Boston,Massachusetts,4-year,Private not-for-profit,Schools of art- music- and design,545,99.1,318,13,NULL,NULL,16215,64,27416,62,66.4,83,67.2,73,19.6,13,80.3,65,47.2,43,134
164988,Boston University,Boston,Massachusetts,4-year,Private not-for-profit,Research Universities--very high research activity,18165,91.3,21070,100,1279,90,26219,92,43924,75,79.6,92,84.5,92,14.9,6,92.8,91,71,75,4157
165015,Brandeis University,Waltham,Massachusetts,4-year,Private not-for-profit,Research Universities--very high research activity,3614,99.6,4110,89,1347,93,29520,95,109992,88,86.2,96,89.6,95,17.8,10,93,91,71.8,76,701
165024,Bridgewater State College,Bridgewater,Massachusetts,4-year,Public,Masters Colleges and Universities--larger programs,9615,83.6,8770,61,991,35,4805,21,2933,38,28.7,66,57.5,74,23.7,11,81.4,73,41.8,17,1551
165033,Bristol Community College,Fall River,Massachusetts,2-year,Public,Associates--Public Urban-serving Multicampus,9335,47.4,5707,72,NULL,NULL,3321,25,766,50,16.7,76,17.3,38,42.6,52,61.5,68,17.2,6,1553
165112,Bunker Hill Community College,Boston,Massachusetts,2-year,Public,Associates--Public Urban-serving Multicampus,14023,33.2,8814,85,NULL,NULL,3498,31,247,25,2.3,5,10.8,13,50.6,71,59.2,57,22.9,18,1095
165167,Cambridge College (Mass.),Cambridge,Massachusetts,4-year,Private not-for-profit,Masters Colleges and Universities--larger programs,1050,22.3,751,28,NULL,NULL,3505,3,4666,16,2.5,1,2.5,0,38.6,53,70.8,37,7,1,163
165194,Cape Cod Community College,West Barnstable,Massachusetts,2-year,Public,Associates--Public Rural-serving Medium,4051,32.4,2491,40,NULL,NULL,3305,25,1880,74,5.6,28,14.3,26,36,36,54.7,35,21.5,15,468
165264,Laboure College,Milton,Massachusetts,4-year,Private not-for-profit,Associates--Private Not-for-profit,698,14.3,554,21,NULL,NULL,3060,2,4415,15,NULL,NULL,NULL,NULL,37.3,50,NULL,NULL,31.1,20,NULL
165334,Clark University,Worcester,Massachusetts,4-year,Private not-for-profit,Research Universities--high research activity,2380,95.4,2470,75,NULL,NULL,20228,80,96250,87,75.5,90,80.9,89,20.7,15,88.6,85,58.6,58,572
165529,Curry College,Milton,Massachusetts,4-year,Private not-for-profit,Masters Colleges and Universities--medium programs,2849,72.6,2550,77,931,11,13670,49,29310,65,35,37,45,31,25.5,24,70.2,36,25.8,14,642
165574,Dean College,Franklin,Massachusetts,4-year,Private not-for-profit,Associates--Private Not-for-profit 4-year Primarily Associates,1300,82.8,1124,40,845,3,19221,76,28194,64,61.8,79,61.8,63,29.2,31,59.1,14,26.9,15,34
165644,Eastern Nazarene College,Quincy,Massachusetts,4-year,Private not-for-profit,Baccalaureate Colleges--Arts & Sciences,1321,98.6,1175,42,954,16,14515,55,10706,35,40.8,47,57.8,56,49.3,75,71.6,39,22.6,10,147
165662,Emerson College,Boston,Massachusetts,4-year,Private not-for-profit,Masters Colleges and Universities--larger programs,3758,97.6,3959,88,1240,87,16738,66,27474,62,79.7,92,81.5,89,17,9,88.1,84,43.6,38,842
165671,Emmanuel College (Mass.),Boston,Massachusetts,4-year,Private not-for-profit,Masters Colleges and Universities--smaller programs,2176,85.3,2116,69,1090,62,16762,66,31821,67,51.4,64,58.1,56,23.4,21,81,67,44.7,39,582
165699,Endicott College,Beverly,Massachusetts,4-year,Private not-for-profit,Masters Colleges and Universities--medium programs,2724,89.2,2528,76,1070,55,11704,37,13758,43,65,82,70.3,78,15.8,8,80.7,66,27.4,15,512
165802,Fisher College,Boston,Massachusetts,4-year,Private not-for-profit,Baccalaureate/Associates Colleges,1930,63.7,1601,56,NULL,NULL,14768,56,NULL,NULL,3.5,1,40.4,23,57.5,84,56,11,17.7,6,57
165820,Fitchburg State College,Fitchburg,Massachusetts,4-year,Public,Masters Colleges and Universities--larger programs,4245,81,3622,31,987,32,5198,31,2349,31,20.3,44,50.3,58,34.2,36,78.1,64,54.9,36,698
165866,Framingham State College,Framingham,Massachusetts,4-year,Public,Masters Colleges and Universities--larger programs,4584,84.7,4331,36,1040,57,4262,9,4663,55,33.5,74,50.6,59,28.3,21,73.1,47,57.2,40,633
165884,Benjamin Franklin Institute of Technology,Boston,Massachusetts,4-year,Private not-for-profit,Other technology-related schools,482,85.5,559,21,NULL,NULL,7417,18,6775,23,NULL,NULL,NULL,NULL,64.6,89,NULL,NULL,55,53,NULL
165936,Gordon College (Mass.),Wenham,Massachusetts,4-year,Private not-for-profit,Baccalaureate Colleges--Arts & Sciences,1710,97.5,1629,57,1156,77,15259,58,20675,54,58.1,74,70.7,78,22.1,18,82.6,72,49.5,46,454
165981,Greenfield Community College,Greenfield,Massachusetts,2-year,Public,Associates--Public Suburban-serving Single Campus,2240,36.4,1463,20,NULL,NULL,3169,21,NULL,NULL,9.6,51,24.2,64,51.1,73,60.2,61,33.5,52,314
166018,Hampshire College,Amherst,Massachusetts,4-year,Private not-for-profit,Baccalaureate Colleges--Arts & Sciences,1492,100,1430,50,NULL,NULL,24604,89,27750,63,55.6,71,66.1,71,21.7,17,81.2,68,100,95,392
166027,Harvard University,Cambridge,Massachusetts,4-year,Private not-for-profit,Research Universities--very high research activity,10534,68.7,9504,98,1501,100,38381,99,1392761,100,86.5,97,97.5,99,10.2,1,97.1,97,89.9,91,1657
166124,College of the Holy Cross,Worcester,Massachusetts,4-year,Private not-for-profit,Baccalaureate Colleges--Arts & Sciences,2912,98.8,3125,84,NULL,NULL,30123,95,203172,94,89,99,91.4,96,16.3,8,95.2,94,86.5,89,718
166133,Holyoke Community College,Holyoke,Massachusetts,2-year,Public,Associates--Public Suburban-serving Single Campus,6740,48.5,4911,66,NULL,NULL,3472,30,933,56,5.4,27,15.9,32,51.6,75,58.3,52,23.6,22,1250
166391,Lasell College,Newton,Massachusetts,4-year,Private not-for-profit,Baccalaureate Colleges--Diverse Fields,1687,97.7,1633,57,974,21,17991,72,17222,49,47.1,58,52.9,45,31.9,38,74.3,47,32.2,21,425
166407,Lawrence Memorial/Regis College,Medford,Massachusetts,2-year,Private not-for-profit,Associates--Private Not-for-profit,302,88.1,141,19,NULL,NULL,2915,12,NULL,NULL,100,97,100,97,33.2,6,NULL,NULL,67.3,68,1
166452,Lesley University,Cambridge,Massachusetts,4-year,Private not-for-profit,Masters Colleges and Universities--larger programs,1948,74.9,1637,58,1065,54,12595,42,39431,72,34.7,37,46,33,26.2,26,78.7,60,82.2,85,352
166513,University of Massachusetts at Lowell,Lowell,Massachusetts,4-year,Public,Research Universities--high research activity,12734,70.9,10499,68,1132,81,6944,69,4819,56,28.4,65,54.3,68,29.9,24,83.9,80,55.3,36,1220
166601,Marian Court College,Swampscott,Massachusetts,4-year,Private not-for-profit,Associates--Private Not-for-profit,266,48.9,245,9,NULL,NULL,3231,2,NULL,NULL,NULL,NULL,NULL,NULL,45.4,68,77.2,56,33.3,22,NULL
166629,University of Massachusetts at Amherst,Amherst,Massachusetts,4-year,Public,Research Universities--very high research activity,22134,92.6,22938,92,1209,92,8237,84,9733,77,58.7,95,72.9,92,25.1,14,89.3,92,82,88,4265
166638,University of Massachusetts at Boston,Boston,Massachusetts,4-year,Public,Research Universities--high research activity,12366,70.8,10329,68,1015,46,8028,83,5242,58,15.2,30,43.6,44,38.3,49,77.5,62,51.3,30,949
166647,Massachusetts Bay Community College,Wellesley Hills,Massachusetts,2-year,Public,Associates--Public Suburban-serving Multicampus,5377,36.5,3636,54,NULL,NULL,4813,76,618,45,6.9,35,13.9,25,30.3,21,57.6,49,21.2,14,727
166656,Massachusetts College of Pharmacy and Health Sciences,Boston,Massachusetts,4-year,Private not-for-profit,Other health professions schools,3897,95.5,3675,87,1094,63,9491,26,55811,80,47.3,58,61.7,63,30.1,33,88.9,86,98.8,95,298
166674,Massachusetts College of Art and Design,Boston,Massachusetts,4-year,Public,Schools of art- music- and design,2120,79.1,1785,14,1081,70,7675,80,7580,70,48.4,89,73.8,93,25.7,15,84.4,82,29.1,6,275
166683,Massachusetts Institute of Technology,Cambridge,Massachusetts,4-year,Private not-for-profit,Research Universities--very high research activity,4528,99.4,4488,91,1503,100,33030,97,980404,99,83.5,95,93.1,98,18.3,11,97.9,98,89.8,91,1068
166692,Massachusetts Maritime Academy,Buzzards Bay,Massachusetts,4-year,Public,Baccalaureate Colleges--Diverse Fields,1376,96.9,1594,11,1051,61,5796,43,6277,65,49.2,89,67.2,86,18.6,4,85,83,64.6,54,262
166823,Massasoit Community College,Brockton,Massachusetts,2-year,Public,Associates--Public Rural-serving Large,8272,43.7,5442,70,NULL,NULL,3471,30,276,27,3.8,14,15.2,29,40.7,47,61.5,68,19.6,10,1145
166850,Merrimack College,North Andover,Massachusetts,4-year,Private not-for-profit,Baccalaureate Colleges--Diverse Fields,2758,94.4,2478,75,NULL,NULL,16458,65,14432,44,53.6,68,60,60,22.3,18,81.2,68,47.4,43,422
166887,Middlesex Community College,Bedford,Massachusetts,2-year,Public,Associates--Public Suburban-serving Multicampus,9702,37.3,6040,74,NULL,NULL,3227,23,NULL,NULL,3.1,10,12.7,20,34.5,31,63,74,23.3,20,1396
166911,Montserrat College of Art,Beverly,Massachusetts,4-year,Private not-for-profit,Schools of art- music- and design,392,96.7,391,15,NULL,NULL,11443,35,1612,6,51.9,65,59.7,59,37.9,51,70.1,35,29.9,19,77
166939,Mount Holyoke College,South Hadley,Massachusetts,4-year,Private not-for-profit,Baccalaureate Colleges--Arts & Sciences,2183,98.5,2536,76,NULL,NULL,28207,93,248174,94,75.6,90,81.9,90,20.3,15,88.9,86,93.9,93,513
166948,Mount Ida College,Newton,Massachusetts,4-year,Private not-for-profit,Baccalaureate Colleges--Diverse Fields,1268,92,1306,47,880,5,12413,41,9579,32,29.1,27,39.2,21,39.3,55,51.9,8,38.1,30,395
166957,Mount Wachusett Community College,Gardner,Massachusetts,2-year,Public,Associates--Public Rural-serving Medium,4734,42.2,3143,48,NULL,NULL,4541,69,1297,64,5.2,25,14.6,28,48.8,67,55,38,17.3,6,686
166984,School of the Museum of Fine Arts at Boston,Boston,Massachusetts,4-year,Private not-for-profit,Schools of art- music- and design,484,83.5,471,18,NULL,NULL,12591,42,35452,69,51.9,65,63.9,68,27.3,28,72,41,34.1,24,108
167057,New England Conservatory of Music,Boston,Massachusetts,4-year,Private not-for-profit,Schools of art- music- and design,431,91.9,409,16,NULL,NULL,17393,69,143201,92,66.7,84,84.5,92,15.6,7,93.9,93,23.3,11,84
167251,Newbury College,Brookline,Massachusetts,4-year,Private not-for-profit,Baccalaureate Colleges--Diverse Fields,962,88.5,924,33,850,3,14409,54,1732,6,23.8,18,30.2,10,50.4,77,56,11,28.9,17,281
167260,Nichols College,Dudley,Massachusetts,4-year,Private not-for-profit,Baccalaureate Colleges--Diverse Fields,1281,85.9,1195,43,940,13,16389,64,5331,18,42.2,49,46.6,34,35,45,69.4,33,45.4,40,436
167288,Massachusetts College of Liberal Arts,North Adams,Massachusetts,4-year,Public,Baccalaureate Colleges--Arts & Sciences,1538,88,1493,10,1032,56,5872,45,4700,55,38.3,81,56.6,72,45.1,71,78.6,66,52.1,31,334
167312,North Shore Community College,Danvers,Massachusetts,2-year,Public,Associates--Public Suburban-serving Multicampus,7750,38.9,5195,69,NULL,NULL,3677,38,NULL,NULL,4.8,21,16.7,35,43.5,55,64.2,78,24.4,24,1109
167321,New England Institute of Art,Brookline,Massachusetts,4-year,Private for-profit,Schools of art- music- and design,779,91.4,1196,77,NULL,NULL,5824,88,NULL,NULL,27.2,66,34.6,69,49.3,13,51.1,45,38.8,84,335
167358,Northeastern University,Boston,Massachusetts,4-year,Private not-for-profit,Research Universities--high research activity,13223,99.9,18155,99,1394,96,18306,73,23979,58,0,0,82.6,91,14.2,5,95.5,94,73.9,77,2867
167376,Northern Essex Community College,Haverhill,Massachusetts,2-year,Public,Associates--Public Suburban-serving Multicampus,7352,33.2,4737,64,NULL,NULL,6065,92,907,55,5.1,24,17.8,40,51,73,62.4,71,18.9,8,863
167394,Elms College,Chicopee,Massachusetts,4-year,Private not-for-profit,Baccalaureate Colleges--Diverse Fields,1347,74.7,1123,40,928,10,15679,60,5787,20,57,73,67.9,74,39.7,56,79.9,63,28.6,17,165
167455,Pine Manor College,Chestnut Hill,Massachusetts,4-year,Private not-for-profit,Baccalaureate Colleges--Arts & Sciences,313,97.4,310,12,NULL,NULL,17417,69,19818,53,27.5,24,31.7,11,65.6,90,62.3,19,43.5,37,167
167525,Quincy College,Quincy,Massachusetts,2-year,Public,Associates--Public Suburban-serving Multicampus,4576,37.5,3184,49,NULL,NULL,3866,46,NULL,NULL,5.1,24,17.2,37,36.1,36,63,74,16.6,5,355
167534,Quinsigamond Community College,Worcester,Massachusetts,2-year,Public,Associates--Public Urban-serving Single Campus,8582,40.1,5877,74,NULL,NULL,3715,39,582,42,6.4,32,15.9,32,44.6,58,55.9,42,23.4,21,1291
167598,Regis College,Weston,Massachusetts,4-year,Private not-for-profit,Other health professions schools,1188,79.8,1030,37,954,16,20693,81,9925,33,38.4,43,48.7,38,35.8,47,77.2,56,100,95,263
167631,Roxbury Community College,Roxbury Crossing,Massachusetts,2-year,Public,Associates--Public Suburban-serving Multicampus,2437,32.5,1765,27,NULL,NULL,3831,44,1970,76,3.7,13,12.4,18,53.1,78,47.7,12,38.9,67,322
167729,Salem State University,Salem,Massachusetts,4-year,Public,Masters Colleges and Universities--larger programs,7664,76.1,6870,53,986,31,5249,32,2122,28,22,50,45.6,49,33.4,34,78.1,64,45.5,20,1064
167738,Salter College,West Boylston,Massachusetts,2-year,Private for-profit,Associates--Private For-profit,699,75.8,375,37,NULL,NULL,4162,42,NULL,NULL,36.4,46,44.2,21,75.1,63,62,33,18.6,14,767
167783,Simmons College,Boston,Massachusetts,4-year,Private not-for-profit,Masters Colleges and Universities--larger programs,1732,91.1,1835,63,1149,76,17941,72,34745,69,66.1,83,71.2,79,25.7,24,86.2,79,33.8,23,469
167792,Bard College at Simon's Rock,Great Barrington,Massachusetts,4-year,Private not-for-profit,Baccalaureate/Associates Colleges,350,97.4,360,14,NULL,NULL,25952,91,36777,70,NULL,NULL,NULL,NULL,30.5,34,67.6,29,80.6,83,NULL
167835,Smith College,Northampton,Massachusetts,4-year,Private not-for-profit,Baccalaureate Colleges--Arts & Sciences,2606,99.2,2691,79,NULL,NULL,33307,97,462144,98,82.3,94,86.1,94,22.6,19,93.7,92,82.5,85,656
167899,Springfield College (Mass.),Springfield,Massachusetts,4-year,Private not-for-profit,Masters Colleges and Universities--larger programs,2182,97.5,2240,71,1029,39,15821,62,16906,49,58.3,74,68.6,76,21.9,18,84.3,75,49.7,46,547
167905,Springfield Technical Community College,Springfield,Massachusetts,2-year,Public,Associates--Public Urban-serving Single Campus,6792,47.3,4750,65,NULL,NULL,3653,36,NULL,NULL,8.2,44,20.6,52,55.4,81,60.9,66,30.1,42,850
167987,University of Massachusetts at Dartmouth,North Dartmouth,Massachusetts,4-year,Public,Masters Colleges and Universities--larger programs,7437,85.7,6783,52,1061,63,7372,75,5411,60,30.2,69,49,56,38,48,76.1,57,60.4,45,1901
167996,Stonehill College,Easton,Massachusetts,4-year,Private not-for-profit,Baccalaureate Colleges--Arts & Sciences,2481,99.1,2563,77,1133,73,17688,71,66806,83,81.8,94,84.8,92,14.4,5,86.7,80,63.2,65,659
168005,Suffolk University,Boston,Massachusetts,4-year,Private not-for-profit,Masters Colleges and Universities--larger programs,5658,92.5,5798,94,1014,33,15746,61,19361,52,40.6,46,54.8,49,29.2,31,75.5,51,45.9,41,1308
168148,Tufts University,Medford,Massachusetts,4-year,Private not-for-profit,Research Universities--very high research activity,5180,99.2,4703,92,1428,97,29766,95,130838,91,87.2,98,92.2,97,11.3,2,96.4,96,64.4,67,1370
168218,Wellesley College,Wellesley,Massachusetts,4-year,Private not-for-profit,Baccalaureate Colleges--Arts & Sciences,2474,94.7,2658,78,1399,96,36972,99,593054,98,84.2,95,90.7,96,19.2,13,96.6,97,75.6,79,590
168227,Wentworth Institute of Technology,Boston,Massachusetts,4-year,Private not-for-profit,Baccalaureate Colleges--Diverse Fields,4012,90.6,4252,90,1109,67,10669,32,18536,51,49.8,61,61.5,63,28.2,30,78.8,60,40.6,32,859
168254,Western New England University,Springfield,Massachusetts,4-year,Private not-for-profit,Masters Colleges and Universities--medium programs,2667,93.7,2581,77,1077,58,13446,48,14958,45,52.2,65,59.6,59,25,23,75.3,50,60.9,62,713
168263,Westfield State University,Westfield,Massachusetts,4-year,Public,Masters Colleges and Universities--medium programs,5692,87.8,5088,41,995,37,4767,20,934,10,43.9,86,58.5,75,26.1,16,79.1,68,46.3,21,947
168281,Wheaton College (Mass.),Norton,Massachusetts,4-year,Private not-for-profit,Baccalaureate Colleges--Arts & Sciences,1654,99.5,1638,58,NULL,NULL,25982,91,107486,88,71.1,87,75.6,84,21.7,17,85.8,79,69.3,72,418
168290,Wheelock College,Boston,Massachusetts,4-year,Private not-for-profit,Masters Colleges and Universities--medium programs,880,91.9,1001,36,996,27,15940,62,31112,66,46,56,54.5,49,34.7,44,66.2,25,37.8,29,224
168342,Williams College,Williamstown,Massachusetts,4-year,Private not-for-profit,Baccalaureate Colleges--Arts & Sciences,2096,98.5,2074,69,1439,98,38309,99,888422,99,89.6,99,95.4,99,19,12,98,98,79.4,82,539
168421,Worcester Polytechnic Institute,Worcester,Massachusetts,4-year,Private not-for-profit,Doctoral/Research Universities,4134,95.8,3231,85,NULL,NULL,20014,79,99061,87,70.2,86,81.2,89,15.1,7,95.9,95,73.7,77,805
168430,Worcester State College,Worcester,Massachusetts,4-year,Public,Masters Colleges and Universities--medium programs,5556,74.1,4686,38,1016,46,4441,12,2073,27,34.2,75,48.8,55,27.1,19,80.3,70,49.6,27,678
168528,Adrian College,Adrian,Michigan,4-year,Private not-for-profit,Baccalaureate Colleges--Diverse Fields,1649,95.9,1695,59,1007,31,18966,75,16118,47,38.5,43,54.2,48,43.7,64,58.1,13,46.8,42,483
168546,Albion College,Albion,Michigan,4-year,Private not-for-profit,Baccalaureate Colleges--Arts & Sciences,1307,97.3,1420,50,1143,75,20576,81,121935,90,64.4,81,73.6,81,23.7,21,80.6,66,78.4,82,500
168591,Alma College,Alma,Michigan,4-year,Private not-for-profit,Baccalaureate Colleges--Arts & Sciences,1419,97.1,1387,49,1100,65,21196,83,74030,84,42.8,50,61.2,62,30.6,35,78.9,61,57.9,57,425
168607,Alpena Community College,Alpena,Michigan,2-year,Public,Associates--Public Rural-serving Medium,1712,50.8,1317,17,NULL,NULL,3800,42,2723,84,17.6,79,27.2,74,52.2,76,57.8,50,34.2,54,404
168740,Andrews University,Berrien Springs,Michigan,4-year,Private not-for-profit,Doctoral/Research Universities,1905,84.9,1831,63,1070,55,13631,49,13019,41,28.5,26,60.4,61,31.6,37,78.6,59,71.3,75,333
168786,Aquinas College (Mich.),Grand Rapids,Michigan,4-year,Private not-for-profit,Masters Colleges and Universities--medium programs,1863,87.7,1866,64,1090,62,13690,50,14687,44,30.4,30,59.1,58,33.6,42,75.8,52,38.2,30,408
168838,Baker College of Owosso,Owosso,Michigan,4-year,Private not-for-profit,Baccalaureate/Associates Colleges,2815,60.8,2073,68,NULL,NULL,5142,10,8524,28,1.8,0,8.8,1,66.2,90,58.3,13,7,1,57
168847,Baker College of Flint,Flint,Michigan,4-year,Private not-for-profit,Baccalaureate/Associates Colleges,4948,55.4,3853,87,NULL,NULL,4998,9,9151,31,0,0,9.1,1,71.7,92,51.5,7,12.1,3,55
168883,Bay De Noc Community College,Escanaba,Michigan,2-year,Public,Associates--Public Rural-serving Medium,2305,49.8,1503,22,NULL,NULL,4902,79,5122,95,10.1,53,20.7,52,50.7,71,60.8,65,30.7,45,426
169080,Calvin College,Grand Rapids,Michigan,4-year,Private not-for-profit,Baccalaureate Colleges--Arts & Sciences,3959,96.3,4047,88,1183,82,12575,42,27736,63,57.1,73,72.7,80,23.3,20,87.4,82,73.1,77,1034
169248,Central Michigan University,Mount Pleasant,Michigan,4-year,Public,Doctoral/Research Universities,20534,87.1,18746,86,1029,51,6148,52,4019,49,20.9,47,59.3,76,34.9,39,76.7,59,67.6,59,3768
169275,Mott Community College,Flint,Michigan,2-year,Public,Associates--Public Rural-serving Large,9683,30,7394,81,NULL,NULL,7671,99,5072,95,2.9,9,9,7,53.1,78,56.6,45,28.7,37,310
169327,Cleary University,Ann Arbor,Michigan,4-year,Private not-for-profit,Schools of business and management,457,56.7,358,14,976,22,4143,5,2574,8,27.8,24,36.1,15,49.8,76,43.3,3,4,1,36
169363,Concordia University (Mich.),Ann Arbor,Michigan,4-year,Private not-for-profit,Baccalaureate Colleges--Diverse Fields,584,86.6,466,18,1010,32,13026,45,15091,45,13.8,6,37.2,16,42.7,62,61.8,17,33.3,22,94
169442,College for Creative Studies,Detroit,Michigan,4-year,Private not-for-profit,Schools of art- music- and design,1363,79.4,1175,42,NULL,NULL,11856,38,46810,76,26.7,23,55.8,51,37,50,78.1,58,16.4,5,240
169479,"Davenport University (Grand Rapids, Mich.)",Grand Rapids,Michigan,4-year,Private not-for-profit,Masters Colleges and Universities--medium programs,7356,35.1,5810,94,NULL,NULL,13421,48,2572,8,8.1,4,42.1,25,52.8,80,78.9,61,26.2,14,271
169521,Delta College,University Center,Michigan,2-year,Public,Associates--Public Rural-serving Large,10272,37.8,7480,81,NULL,NULL,4470,67,2031,77,8.3,44,15.6,31,46.1,61,74.7,96,37.8,64,931
169716,University of Detroit Mercy,Detroit,Michigan,4-year,Private not-for-profit,Masters Colleges and Universities--larger programs,2888,76,2590,77,1142,74,19441,77,6804,23,34.7,37,56.8,53,28.7,31,82.5,71,44.6,39,528
169798,Eastern Michigan University,Ypsilanti,Michigan,4-year,Public,Masters Colleges and Universities--larger programs,19189,70.6,15871,81,1011,45,5708,42,3155,39,12.4,20,38.4,31,44.7,71,73.8,49,55.4,37,2365
169910,Ferris State University,Big Rapids,Michigan,4-year,Public,Masters Colleges and Universities--larger programs,13477,68.7,10929,71,1010,43,6641,63,3364,41,23.1,53,48.9,56,41.2,60,76.7,59,61.1,46,788
169974,Glen Oaks Community College,Centreville,Michigan,2-year,Public,Associates--Public Rural-serving Small,1221,43.5,956,10,NULL,NULL,3944,50,2897,86,11.2,58,18.1,41,46.9,63,57.6,49,52.3,87,160
169983,Kettering University,Flint,Michigan,4-year,Private not-for-profit,Masters Colleges and Universities--medium programs,1684,94.4,1625,57,1198,84,14749,56,38197,71,11.4,5,60.8,61,25.2,23,91.9,90,100,95,385
169992,Gogebic Community College,Ironwood,Michigan,2-year,Public,Associates--Public Rural-serving Small,1099,58.9,832,8,NULL,NULL,4068,54,3794,91,18.1,80,30.4,83,54.6,80,64.2,78,84.2,98,270
170000,Grace Bible College,Wyoming,Michigan,4-year,Private not-for-profit,Baccalaureate Colleges--Diverse Fields,579,75.6,371,15,NULL,NULL,6602,15,1874,7,17.1,10,41.5,24,63.4,89,65.7,24,11.2,3,41
170037,Cornerstone University,Grand Rapids,Michigan,4-year,Private not-for-profit,Masters Colleges and Universities--larger programs,2200,73.2,2079,69,1084,60,10956,34,2801,9,30.2,29,47.6,36,43.5,64,76.1,53,98.6,95,252
170055,Grand Rapids Community College,Grand Rapids,Michigan,2-year,Public,Associates--Public Urban-serving Single Campus,16590,34.2,11296,91,NULL,NULL,3444,29,3027,86,4.8,21,12.5,18,43.2,54,56.9,47,26.8,31,2354
170082,Grand Valley State University,Allendale,Michigan,4-year,Public,Masters Colleges and Universities--larger programs,21235,88,19755,88,1090,72,5001,26,3933,48,33,74,69.5,88,36.3,43,81.6,74,65.9,56,3446
170091,Great Lakes Christian College,Lansing,Michigan,4-year,Private not-for-profit,Theological seminaries- Bible colleges- and other faith-related institutions,194,73.7,145,4,NULL,NULL,3421,3,3551,12,6.2,3,18.8,4,76,94,38.7,2,39.1,31,48
170240,Henry Ford Community College,Dearborn,Michigan,2-year,Public,Associates--Public Suburban-serving Multicampus,13836,36.2,12610,93,NULL,NULL,4069,54,297,29,2.1,4,5.5,1,55.3,80,41.9,4,20.5,12,2464
170301,Hope College,Holland,Michigan,4-year,Private not-for-profit,Baccalaureate Colleges--Arts & Sciences,3388,95.5,3535,86,1204,84,12763,43,46375,76,67.6,84,78.1,86,20.4,15,88.4,85,70.5,74,819
170417,"ITT Technical Institute (Grand Rapids, Mich.)",Wyoming,Michigan,4-year,Private for-profit,Other technology-related schools,343,78.7,360,23,NULL,NULL,3566,10,NULL,NULL,NULL,NULL,NULL,NULL,71.8,60,NULL,NULL,3.8,3,NULL
170444,Jackson Community College,Jackson,Michigan,2-year,Public,Associates--Public Rural-serving Large,5665,42.2,4258,60,NULL,NULL,7281,98,2190,79,7.4,38,13.1,22,56,82,56.8,46,22.1,16,1127
170532,Kalamazoo College,Kalamazoo,Michigan,4-year,Private not-for-profit,Baccalaureate Colleges--Arts & Sciences,1458,99.2,1446,51,1240,87,22194,86,132984,91,72.5,88,77.4,86,18.6,12,91.9,90,81.1,84,363
170541,Kalamazoo Valley Community College,Kalamazoo,Michigan,2-year,Public,Associates--Public Rural-serving Large,10192,38.1,7369,80,NULL,NULL,7255,97,1730,72,2.3,5,10.6,12,46.6,63,56.4,45,25.7,28,1331
170550,Kellogg Community College,Battle Creek,Michigan,2-year,Public,Associates--Public Rural-serving Large,6123,28.5,4078,58,NULL,NULL,7831,100,NULL,NULL,10.5,55,15.2,29,24.1,10,54.2,33,22.6,18,505
170587,Kirtland Community College,Roscommon,Michigan,2-year,Public,Associates--Public Rural-serving Medium,1805,38.4,1133,13,NULL,NULL,3538,32,1765,73,2,3,15.8,32,58.3,86,53.4,31,26.2,29,152
170620,Lake Michigan College,Benton Harbor,Michigan,2-year,Public,Associates--Public Rural-serving Medium,4230,30.8,2341,38,NULL,NULL,4614,71,3228,87,7.7,39,17.6,39,45.9,61,51.2,22,17.8,7,522
170639,Lake Superior State University,Sault Ste Marie,Michigan,4-year,Public,Baccalaureate Colleges--Diverse Fields,2429,81,2235,18,1050,59,6871,67,7292,69,16.8,35,42.2,39,41.5,61,74.8,53,64.4,53,393
170657,Lansing Community College,Lansing,Michigan,2-year,Public,Associates--Public Rural-serving Large,17562,37.5,12822,93,NULL,NULL,4122,56,771,50,3.2,10,8,5,43.9,55,58.8,55,10.2,1,2515
170675,Lawrence Technological University,Southfield,Michigan,4-year,Private not-for-profit,Masters Colleges and Universities--larger programs,3033,50.6,1847,63,1145,75,11400,35,11860,38,16.1,9,49.1,39,18.5,11,81.8,69,28.6,17,330
170790,Macomb Community College,Warren,Michigan,2-year,Public,Associates--Public Suburban-serving Multicampus,23446,32,15669,96,NULL,NULL,3995,52,1106,60,4.7,20,12.3,17,23,9,62,70,19.7,10,786
170806,Madonna University,Livonia,Michigan,4-year,Private not-for-profit,Masters Colleges and Universities--medium programs,3352,50.1,2516,76,1034,42,5109,9,9934,33,30.6,30,40,22,35.7,47,81.8,69,100,95,160
170842,Marygrove College,Detroit,Michigan,4-year,Private not-for-profit,Masters Colleges and Universities--larger programs,1041,76.9,811,29,780,1,10459,31,985,4,8,3,29.2,9,70.4,92,66.9,27,24.9,13,113
170967,Rochester College,Rochester Hills,Michigan,4-year,Private not-for-profit,Baccalaureate Colleges--Diverse Fields,1117,63.7,893,32,NULL,NULL,8363,22,1332,5,18.8,12,43.5,28,38.8,54,57.5,12,24.4,12,85
170976,University of Michigan at Ann Arbor,Ann Arbor,Michigan,4-year,Public,Research Universities--very high research activity,28283,96.6,27881,96,1352,99,13992,98,185879,100,75.8,99,90,99,15.7,2,96.9,99,80.3,84,5955
171100,Michigan State University,East Lansing,Michigan,4-year,Public,Research Universities--very high research activity,37985,91.7,35802,99,1158,86,8979,89,45391,97,50.4,90,77.6,94,23.9,12,90.5,93,87.5,95,7268
171128,Michigan Technological University,Houghton,Michigan,4-year,Public,Research Universities--high research activity,5617,92.5,5171,42,1206,91,9648,92,13615,85,23.6,55,65.8,83,26.7,17,82.2,76,81.5,87,1165
171137,University of Michigan at Dearborn,Dearborn,Michigan,4-year,Public,Masters Colleges and Universities--larger programs,7144,67.4,5890,48,NULL,NULL,5524,38,4275,51,14.9,29,51.8,63,43,66,84,80,57,39,859
171146,University of Michigan at Flint,Flint,Michigan,4-year,Public,Masters Colleges and Universities--larger programs,7143,62.9,5610,45,993,35,6891,68,11913,82,9.4,13,37.5,29,45.2,71,79.9,69,53.3,34,594
171155,Mid Michigan Community College,Harrison,Michigan,2-year,Public,Associates--Public Rural-serving Medium,4552,36.7,3653,54,NULL,NULL,6700,95,177,17,5.8,30,9.6,9,51.6,75,53.6,31,22,16,727
171225,Monroe County Community College,Monroe,Michigan,2-year,Public,Associates--Public Suburban-serving Single Campus,3777,34.8,2553,41,NULL,NULL,2407,6,931,56,3.8,14,12.5,18,37.4,39,50.6,20,25.9,28,393
171234,Montcalm Community College,Sidney,Michigan,2-year,Public,Associates--Public Rural-serving Medium,1944,33.6,1257,16,NULL,NULL,2504,7,7560,98,5.1,24,10.2,11,67.8,95,52.5,27,19.3,9,137
171298,Baker College of Muskegon,Muskegon,Michigan,4-year,Private not-for-profit,Baccalaureate/Associates Colleges,4005,64.5,3282,85,NULL,NULL,4601,7,8753,29,0,0,16.7,3,67.4,90,53.1,9,13.4,4,30
171304,Muskegon Community College,Muskegon,Michigan,2-year,Public,Associates--Public Urban-serving Single Campus,4879,34.9,3310,50,NULL,NULL,3442,29,112,11,10.4,54,17.6,39,43.3,54,59.9,60,26.5,30,461
171395,North Central Michigan College,Petoskey,Michigan,2-year,Public,Associates--Public Rural-serving Medium,2790,32.2,1524,22,NULL,NULL,3474,30,1992,76,4.4,19,12.2,17,60.2,88,62.8,73,50,85,295
171456,Northern Michigan University,Marquette,Michigan,4-year,Public,Masters Colleges and Universities--medium programs,8221,89.4,7912,57,1030,51,6086,50,1682,21,20.7,46,48.5,54,38.5,50,72.2,45,68.6,61,1355
171483,Northwestern Michigan College,Traverse City,Michigan,4-year,Public,Associates--Public Rural-serving Medium,4724,41.3,3276,28,NULL,NULL,3971,6,3126,39,NULL,NULL,NULL,NULL,41.3,61,NULL,NULL,31.8,7,NULL
171492,Northwood University (Mich.),Midland,Michigan,4-year,Private not-for-profit,Schools of business and management,2964,62.7,2552,77,1029,39,10418,31,7586,26,24.8,20,53.5,47,33.5,41,83.3,74,10.6,3,447
171535,Oakland Community College,Bloomfield Hills,Michigan,2-year,Public,Associates--Public Suburban-serving Multicampus,26405,30.5,18956,98,NULL,NULL,4746,75,NULL,NULL,4.4,19,10.6,12,36.3,36,47.8,12,16.7,5,1777
171571,Oakland University,Rochester Hills,Michigan,4-year,Public,Doctoral/Research Universities,16594,73.8,14268,78,1070,65,6383,59,3707,45,14.6,27,42.9,41,20.3,6,78.1,64,52.2,32,2219
171599,Olivet College,Olivet,Michigan,4-year,Private not-for-profit,Baccalaureate Colleges--Diverse Fields,1119,87.8,1034,37,927,10,11466,36,12979,41,26.4,22,43.4,28,45.7,68,64,21,48.9,45,182
171881,Kuyper College,Grand Rapids,Michigan,4-year,Private not-for-profit,Baccalaureate Colleges--Diverse Fields,288,85.8,279,11,1008,31,8000,20,27624,63,36.9,41,38.5,19,59.5,86,78.8,60,37.8,29,65
172033,Sacred Heart Major Seminary/College and Theologate,Detroit,Michigan,4-year,Private not-for-profit,Theological seminaries- Bible colleges- and other faith-related institutions,264,20.5,113,3,NULL,NULL,5423,10,42169,74,50,62,50,40,12.9,3,100,99,37.7,29,2
172051,Saginaw Valley State University,University Center,Michigan,4-year,Public,Masters Colleges and Universities--larger programs,9163,83.2,8153,59,990,33,5534,39,6705,66,10.1,16,38.7,31,40.8,59,70.5,39,42.1,17,1533
172200,Schoolcraft College,Livonia,Michigan,2-year,Public,Associates--Public Suburban-serving Single Campus,12385,35.4,10867,90,NULL,NULL,4130,57,638,46,6.7,34,17.1,37,37.9,41,58.1,51,20.4,12,1233
172264,Siena Heights University,Adrian,Michigan,4-year,Private not-for-profit,Masters Colleges and Universities--medium programs,2424,51,1793,61,990,26,8159,21,4399,15,21.3,15,43.1,27,43.4,63,59.1,14,32.1,21,174
172291,St. Clair County Community College,Port Huron,Michigan,2-year,Public,Associates--Public Suburban-serving Single Campus,4324,40.8,3057,47,NULL,NULL,3895,47,2345,81,4.9,22,15.8,32,40,46,59.3,58,28.8,38,607
172307,Southwestern Michigan College,Dowagiac,Michigan,2-year,Public,Associates--Public Rural-serving Medium,2802,50.3,1834,29,NULL,NULL,3683,38,5223,95,8.4,45,17.4,38,53.3,78,55.7,41,27.2,33,610
172334,Spring Arbor University,Spring Arbor,Michigan,4-year,Private not-for-profit,Masters Colleges and Universities--larger programs,2968,67.6,2617,78,1069,54,9290,26,3188,11,30.4,30,57.2,55,44.9,66,75.7,51,22.9,10,339
172440,Finlandia University,Hancock,Michigan,4-year,Private not-for-profit,Baccalaureate Colleges--Diverse Fields,525,88.4,526,20,NULL,NULL,14202,53,8076,27,30.8,30,38.5,19,64.6,89,57.5,12,55.9,55,65
172617,Washtenaw Community College,Ann Arbor,Michigan,2-year,Public,Associates--Public Urban-serving Single Campus,12327,30.5,8452,84,NULL,NULL,3688,38,1330,66,5.3,26,15.6,31,37.4,39,63.7,77,22.9,18,1049
172635,Wayne County Community College District,Detroit,Michigan,2-year,Public,Associates--Public Urban-serving Multicampus,18119,21.3,10554,89,NULL,NULL,3704,39,NULL,NULL,6.6,33,13.3,22,65.4,93,40.8,3,8.2,0,1444
172644,Wayne State University,Detroit,Michigan,4-year,Public,Research Universities--very high research activity,18602,65.7,15500,80,1050,59,6725,65,11158,80,11.2,18,32.3,20,48,79,76.9,60,68.4,60,2810
172671,West Shore Community College,Scottville,Michigan,2-year,Public,Associates--Public Rural-serving Small,1487,34.5,984,10,NULL,NULL,6413,94,421,36,4.3,18,12.4,18,50.6,71,70.3,91,23.6,22,161
172699,Western Michigan University,Kalamazoo,Michigan,4-year,Public,Research Universities--high research activity,19198,82.7,17592,84,1030,51,6217,55,12566,84,24.2,56,54.9,69,39.7,55,73.7,49,60.9,45,3473
172866,Academy College,Minneapolis,Minnesota,4-year,Private for-profit,Baccalaureate/Associates Colleges,149,72.5,124,3,NULL,NULL,4712,63,NULL,NULL,100,98,100,97,59.2,27,NULL,NULL,0,0,1
172918,Alexandria Technical and Community College,Alexandria,Minnesota,2-year,Public,Associates--Public Rural-serving Medium,2845,51.8,2324,38,NULL,NULL,3947,50,NULL,NULL,50.8,99,54.9,98,31,23,75.8,97,44.6,76,563
172954,Anoka Technical College,Anoka,Minnesota,2-year,Public,Associates--Public Suburban-serving Multicampus,2249,45.4,1602,24,NULL,NULL,3720,39,NULL,NULL,16.2,75,25,67,48.9,68,48.1,13,42.4,72,204
172963,Anoka-Ramsey Community College,Coon Rapids,Minnesota,2-year,Public,Associates--Public Suburban-serving Multicampus,9320,33.9,5918,74,NULL,NULL,3250,23,NULL,NULL,7.3,38,13.1,22,33.5,29,52.5,27,46,79,1201
173045,Augsburg College,Minneapolis,Minnesota,4-year,Private not-for-profit,Masters Colleges and Universities--larger programs,2716,75,2306,72,1053,49,16328,64,10458,35,46.9,57,63.6,67,43.4,63,81.6,69,94.4,94,409
173063,Riverland Community College,Austin,Minnesota,2-year,Public,Associates--Public Rural-serving Medium,3308,40.3,2321,37,NULL,NULL,3645,36,NULL,NULL,24,89,31.3,84,37.6,40,59.4,58,42.1,71,501
173115,Northwest Technical College,Bemidji,Minnesota,2-year,Public,Associates--Public Rural-serving Small,1216,35.4,783,7,NULL,NULL,4599,71,NULL,NULL,23.4,88,29.1,79,45.9,61,55.6,40,53.3,88,141
173124,Bemidji State University,Bemidji,Minnesota,4-year,Public,Masters Colleges and Universities--smaller programs,4727,74.4,4160,35,990,33,5246,32,3542,44,26.1,61,46.4,51,35.6,41,67.2,26,59.8,44,744
173142,Bethany Lutheran College,Mankato,Minnesota,4-year,Private not-for-profit,Baccalaureate Colleges--Arts & Sciences,579,95.3,617,23,NULL,NULL,13178,46,64663,82,38.1,42,49.4,39,40.6,57,72.1,41,56.6,56,176
173160,Bethel University (Minn.),Saint Paul,Minnesota,4-year,Private not-for-profit,Masters Colleges and Universities--larger programs,3280,79.7,3415,86,1144,75,13899,50,6617,22,62.6,79,71,79,27,28,85,77,44.6,39,597
173203,Central Lakes College,Brainerd,Minnesota,2-year,Public,Associates--Public Rural-serving Medium,4350,50.1,3371,51,NULL,NULL,4103,56,NULL,NULL,27.3,92,34.8,89,35.4,33,58.3,52,63.6,94,695
173258,Carleton College,Northfield,Minnesota,4-year,Private not-for-profit,Baccalaureate Colleges--Arts & Sciences,2045,99,1996,66,1406,97,26829,93,350972,97,89.6,99,92.1,97,12.3,2,96,95,84.5,86,509
173300,Concordia College at Moorhead,Moorhead,Minnesota,4-year,Private not-for-profit,Baccalaureate Colleges--Arts & Sciences,2531,98.3,2749,80,1144,75,17426,69,33370,67,61.7,79,71,79,24.3,22,84.5,76,76.9,80,828
173328,Concordia University at St. Paul,Saint Paul,Minnesota,4-year,Private not-for-profit,Masters Colleges and Universities--larger programs,2206,55.1,1624,57,991,26,14850,56,9275,31,30.3,29,46.3,34,35.4,46,72.8,43,21.5,9,201
173416,Dakota County Technical College,Rosemount,Minnesota,2-year,Public,Associates--Public Suburban-serving Single Campus,3128,47.8,2478,39,NULL,NULL,3749,41,NULL,NULL,28,92,37.5,92,34.7,32,64.4,79,39.4,68,368
173452,Martin Luther College,New Ulm,Minnesota,4-year,Private not-for-profit,Baccalaureate Colleges--Diverse Fields,763,92,847,30,1125,72,5716,12,10726,35,52,65,76.8,85,35.2,45,84.9,76,84.3,86,177
173461,Lake Superior College,Duluth,Minnesota,2-year,Public,Associates--Public Rural-serving Large,5394,39.7,3768,55,NULL,NULL,3548,33,NULL,NULL,16.3,75,29.1,79,39.2,44,53.4,31,37.6,63,460
173489,Duluth Business University,Dultuh,Minnesota,4-year,Private for-profit,Associates--Private For-profit,201,55.2,194,6,NULL,NULL,3769,18,NULL,NULL,NULL,NULL,NULL,NULL,69.6,52,100,91,31,76,NULL
173559,Minnesota State Community and Technical College at Fergus Falls,Fergus Falls,Minnesota,2-year,Public,Associates--Public Rural-serving Large,6464,48.5,4863,66,NULL,NULL,3886,47,615,45,21,86,31.8,84,42.5,51,56,42,46.3,79,941
173629,Globe University,Woodbury,Minnesota,4-year,Private for-profit,Baccalaureate/Associates Colleges,898,65.8,886,68,NULL,NULL,6103,90,NULL,NULL,12.5,28,25,48,58.6,26,30,6,22.4,60,8
173638,Minnesota West Community and Technical College,Granite Falls,Minnesota,2-year,Public,Associates--Public Rural-serving Medium,3231,40.7,2225,35,NULL,NULL,3642,36,NULL,NULL,35.7,96,46.5,96,37.6,40,64.6,79,42.7,73,443
173647,Gustavus Adolphus College,Saint Peter,Minnesota,4-year,Private not-for-profit,Baccalaureate Colleges--Arts & Sciences,2449,98.9,2496,76,1224,86,21587,84,48686,78,81.4,93,82.3,91,24.8,23,92.1,90,80.2,83,666
173665,Hamline University,Saint Paul,Minnesota,4-year,Private not-for-profit,Masters Colleges and Universities--larger programs,2164,96.4,2334,73,1106,67,19725,78,19020,52,59.6,76,66.4,72,38.5,53,81.3,68,44.9,39,455
173708,Hennepin Technical College,Brooklyn Park,Minnesota,2-year,Public,Associates--Public Suburban-serving Multicampus,6402,35.6,4515,62,NULL,NULL,3427,29,NULL,NULL,19.6,83,28.6,77,44.9,58,70.7,91,42.3,72,448
173735,"Hibbing Community College, A Technical and Community College",Hibbing,Minnesota,2-year,Public,Associates--Public Rural-serving Small,1376,61.4,1129,13,NULL,NULL,4652,72,NULL,NULL,26,91,32.2,85,58.8,87,52.3,26,60.2,93,292
173799,Inver Hills Community College,Inver Grove Heights,Minnesota,2-year,Public,Associates--Public Suburban-serving Single Campus,5944,35.4,4049,57,NULL,NULL,3262,24,NULL,NULL,4.4,19,14,26,34.4,31,59.2,57,48.1,82,614
173805,Itasca Community College,Grand Rapids,Minnesota,2-year,Public,Associates--Public Rural-serving Small,1248,71,1028,11,NULL,NULL,4455,67,NULL,NULL,25.1,90,31.1,83,49.4,69,58.9,56,42.7,73,315
173887,Art Institutes International Minnesota,Minneapolis,Minnesota,4-year,Private for-profit,Schools of art- music- and design,1161,76.1,1385,81,NULL,NULL,5402,82,NULL,NULL,23.6,57,35.2,70,54.5,19,47,35,35.2,81,199
173902,Macalester College,Saint Paul,Minnesota,4-year,Private not-for-profit,Baccalaureate Colleges--Arts & Sciences,2039,98.6,2038,67,1350,94,29861,95,340683,96,84.7,96,87.4,94,17.2,9,95.1,94,77.7,81,485
173911,South Central College,North Mankato,Minnesota,2-year,Public,Associates--Public Rural-serving Medium,3410,49.5,2726,43,NULL,NULL,3445,30,NULL,NULL,14.8,71,21.6,55,41.4,49,60.4,62,26.5,30,533
173920,Minnesota State University at Mankato,Mankato,Minnesota,4-year,Public,Masters Colleges and Universities--larger programs,13467,84.8,12671,75,1030,51,4909,23,2555,33,20.6,45,48.6,55,29.1,23,73.6,48,58.3,41,2345
173984,Argosy University/Twin Cities,Eagan,Minnesota,4-year,Private for-profit,Masters Colleges and Universities--smaller programs,1122,20.9,927,70,NULL,NULL,3394,8,NULL,NULL,0,0,0,0,45.7,10,33.3,8,18.3,49,3
173993,Mesabi Range Community & Technical College,Virginia,Minnesota,2-year,Public,Associates--Public Rural-serving Small,1425,59,1086,12,NULL,NULL,4887,79,NULL,NULL,31.1,94,37.7,92,43.3,54,63.5,76,50.8,85,244
174020,Metropolitan State University,Saint Paul,Minnesota,4-year,Public,Masters Colleges and Universities--medium programs,7647,37.3,5620,46,NULL,NULL,3703,3,390,5,9.7,14,33.9,23,41.6,62,61.2,14,21.3,1,62
174066,University of Minnesota-Twin Cities,Minneapolis,Minnesota,4-year,Public,Research Universities--very high research activity,34449,84,35185,99,1270,97,6966,69,48052,97,54.5,93,75.4,93,21.7,7,90.2,93,77.2,79,5256
174075,University of Minnesota at Crookston,Crookston,Minnesota,4-year,Public,Baccalaureate Colleges--Diverse Fields,2839,46,1934,15,1004,39,7681,80,7068,68,33.6,74,44.2,45,23.9,12,69.1,34,78.7,81,217
174118,Minneapolis Business College,Roseville,Minnesota,2-year,Private for-profit,Associates--Private For-profit,235,100,167,9,NULL,NULL,5451,82,NULL,NULL,83.1,97,85.1,94,93.2,96,84,90,54.5,69,308
174127,Minneapolis College of Art and Design,Minneapolis,Minnesota,4-year,Private not-for-profit,Schools of art- music- and design,688,96.7,635,24,1073,57,15018,57,59201,81,47.3,58,59.6,59,39.1,55,70.1,35,33.5,23,146
174136,Minneapolis Community and Technical College,Minneapolis,Minnesota,2-year,Public,Associates--Public Urban-serving Single Campus,9691,35.2,6726,78,NULL,NULL,3568,34,NULL,NULL,4.9,22,13.7,24,57.2,84,52.1,25,39.5,68,839
174154,Herzing University at Minneapolis,Minneapolis,Minnesota,4-year,Private for-profit,Other health professions schools,262,48.9,412,30,NULL,NULL,5303,79,NULL,NULL,NULL,NULL,NULL,NULL,62.1,33,33.3,8,36.2,82,NULL
174206,Crossroads College,Rochester,Minnesota,4-year,Private not-for-profit,Theological seminaries- Bible colleges- and other faith-related institutions,101,87.1,138,3,NULL,NULL,7386,18,1199,5,16.7,9,27.8,8,68.2,91,61.9,18,21.2,9,18
174233,University of Minnesota at Duluth,Duluth,Minnesota,4-year,Public,Masters Colleges and Universities--medium programs,10079,89.2,9848,66,1109,77,6470,60,11757,82,29.6,67,58.8,75,24.3,13,75.1,54,77,78,2196
174251,University of Minnesota at Morris,Morris,Minnesota,4-year,Public,Baccalaureate Colleges--Arts & Sciences,1946,93.3,1852,14,1168,87,8249,84,6067,63,50.3,90,63.4,80,29.3,23,87.1,87,78,80,358
174279,Minnesota School of Business at Richfield,Richfield,Minnesota,4-year,Private for-profit,Masters Colleges and Universities--smaller programs,947,61,979,71,NULL,NULL,5965,88,NULL,NULL,12.5,28,12.5,14,55.6,21,61.5,61,17.5,47,16
174358,Minnesota State University Moorhead,Moorhead,Minnesota,4-year,Public,Masters Colleges and Universities--medium programs,6163,82.9,5740,46,1049,58,4375,11,1655,20,21.8,49,45.7,49,33.1,33,67.7,29,61.6,47,1185
174376,North Hennepin Community College,Brooklyn Park,Minnesota,2-year,Public,Associates--Public Suburban-serving Single Campus,7562,28.1,4943,66,NULL,NULL,3271,24,NULL,NULL,6.7,34,15.6,31,44.3,57,57.4,48,42.8,73,608
174385,National American University at Roseville,Roseville,Minnesota,4-year,Private for-profit,Baccalaureate/Associates Colleges,371,5.9,358,23,NULL,NULL,3043,4,NULL,NULL,0,0,0,0,76.9,78,50,38,3.7,3,1
174394,Brown College,Mendota Heights,Minnesota,4-year,Private for-profit,Baccalaureate/Associates Colleges,237,51.9,457,34,NULL,NULL,5676,85,NULL,NULL,44.8,88,48.3,85,61.6,32,33.3,8,20.4,55,174
174428,Normandale Community College,Bloomington,Minnesota,2-year,Public,Associates--Public Suburban-serving Single Campus,9508,42,7048,79,NULL,NULL,3724,40,NULL,NULL,5.2,25,15.7,32,36,36,55.4,39,49.4,84,1137
174437,North Central University,Minneapolis,Minnesota,4-year,Private not-for-profit,Baccalaureate Colleges--Diverse Fields,1301,83.6,1281,46,1044,45,7894,20,2207,8,17.3,10,43.8,28,39.8,56,72.9,44,33.1,22,226
174473,Northland Community and Technical College,Thief River Falls,Minnesota,2-year,Public,Associates--Public Rural-serving Medium,3792,45.2,2717,43,NULL,NULL,3699,38,NULL,NULL,20.4,85,28.3,76,35.7,34,54.2,33,49.4,84,456
174491,Northwestern College (Minn.),Saint Paul,Minnesota,4-year,Private not-for-profit,Baccalaureate Colleges--Diverse Fields,3149,62.2,2549,76,1126,72,12341,41,5534,19,50.9,63,66.7,72,27.9,29,78.9,61,46.2,41,519
174507,Northwestern Health Sciences University,Bloomington,Minnesota,4-year,Private not-for-profit,Other health professions schools,113,44.2,149,4,NULL,NULL,2608,1,892,3,NULL,NULL,NULL,NULL,30.1,33,NULL,NULL,52.3,50,NULL
174525,Oak Hills Christian College,Bemidji,Minnesota,4-year,Private not-for-profit,Theological seminaries- Bible colleges- and other faith-related institutions,143,85.3,71,1,930,11,9117,25,7527,25,25,20,50,40,61.5,87,63,20,100,95,16
174570,Pine Technical College,Pine City,Minnesota,2-year,Public,Associates--Public Rural-serving Small,1098,31.4,667,6,NULL,NULL,3953,50,NULL,NULL,15.8,74,22.4,58,50.3,71,42.6,5,50.9,86,76
174604,Rainy River Community College,International Falls,Minnesota,2-year,Public,Associates--Public Rural-serving Small,315,76.2,318,2,NULL,NULL,5488,87,NULL,NULL,29.2,93,30.3,82,30.7,22,48.8,14,42.1,71,89
174738,Rochester Community and Technical College,Rochester,Minnesota,2-year,Public,Associates--Public Rural-serving Medium,6057,45,4444,61,NULL,NULL,3635,36,NULL,NULL,10.4,54,19.4,47,39.2,44,54.3,34,49.1,84,984
174747,College of Saint Benedict,Saint Joseph,Minnesota,4-year,Private not-for-profit,Baccalaureate Colleges--Arts & Sciences,2051,98.2,2025,67,1157,78,20709,81,24444,59,74.5,89,81.6,89,23.9,21,88.8,85,85.9,88,538
174756,Saint Cloud Technical and Community College,Saint Cloud,Minnesota,2-year,Public,Associates--Public Rural-serving Medium,4946,46.2,3493,52,NULL,NULL,3737,40,NULL,NULL,19.7,83,28,75,47.5,65,58.8,55,39.8,69,651
174783,St. Cloud State University,Saint Cloud,Minnesota,4-year,Public,Masters Colleges and Universities--larger programs,15134,65.2,11667,72,1010,43,4842,22,1366,16,19.1,42,47.1,52,30.7,26,70.7,39,63.1,50,2270
174792,Saint John's University (Minn.),Collegeville,Minnesota,4-year,Private not-for-profit,Baccalaureate Colleges--Arts & Sciences,1871,98.9,1847,63,1155,77,20169,79,79129,84,70.5,86,79.5,88,19.5,13,85.5,78,86.5,89,516
174817,Saint Mary's University of Minnesota,Winona,Minnesota,4-year,Private not-for-profit,Doctoral/Research Universities,1932,67.7,1702,59,1068,54,13786,50,10096,34,42.6,49,55.2,50,31.5,36,79,61,17.5,6,397
174844,St. Olaf College,Northfield,Minnesota,4-year,Private not-for-profit,Baccalaureate Colleges--Arts & Sciences,3125,98.6,3144,84,1290,91,22957,87,120923,90,83.1,95,87.1,94,14.9,6,93.5,92,70.5,74,751
174862,Crown College (Minn.),Saint Bonifacius,Minnesota,4-year,Private not-for-profit,Baccalaureate Colleges--Diverse Fields,1139,82.1,951,34,983,24,10325,30,6510,22,35.8,39,51.5,43,48.8,74,69.6,34,24.8,12,134
174899,College of Saint Scholastica,Duluth,Minnesota,4-year,Private not-for-profit,Masters Colleges and Universities--medium programs,2917,83.1,3018,82,1085,60,15320,58,13459,42,59.1,75,68.4,75,30.6,35,83.6,75,47.8,44,487
174914,University of Saint Thomas (Minn.),Saint Paul,Minnesota,4-year,Private not-for-profit,Doctoral/Research Universities,6321,96,6546,95,1165,79,22861,87,37771,71,62.6,79,75.1,83,20.2,14,87.6,83,52.1,49,1313
175005,St. Catherine University,Saint Paul,Minnesota,4-year,Private not-for-profit,Masters Colleges and Universities--larger programs,3559,61.5,2923,82,1051,49,18995,75,16608,48,37.6,42,61.2,62,41.5,59,78.6,59,53.4,51,348
175014,Rasmussen College-St. Cloud,St. Cloud,Minnesota,4-year,Private for-profit,Associates--Private For-profit 4-year Primarily Associates,5485,50.8,4575,95,NULL,NULL,3876,24,NULL,NULL,36.8,81,36.8,75,55.2,20,64.7,66,23.6,63,19
175041,"Saint Paul College, A Community & Technical College",Saint Paul,Minnesota,2-year,Public,Associates--Public Urban-serving Single Campus,6740,40.7,4778,65,NULL,NULL,3658,37,NULL,NULL,14.6,70,20.3,51,61,89,51,21,44.9,77,622
175078,Southwest Minnesota State University,Marshall,Minnesota,4-year,Public,Masters Colleges and Universities--medium programs,6467,32.8,3418,29,NULL,NULL,4838,22,776,8,21.7,49,42.8,41,15.9,2,67.4,27,48.9,26,502
175157,Vermilion Community College,Ely,Minnesota,2-year,Public,Associates--Public Rural-serving Small,711,69.8,646,6,NULL,NULL,4283,61,NULL,NULL,16.1,75,31.8,84,35.2,33,48.9,15,57.6,91,211
175227,Dunwoody College of Technology,Minneapolis,Minnesota,4-year,Private not-for-profit,Associates--Private Not-for-profit 4-year Primarily Associates,1071,79.8,995,36,NULL,NULL,5567,11,20048,54,NULL,NULL,NULL,NULL,58.4,85,50,6,54.5,52,NULL
175236,Ridgewater College,Willmar,Minnesota,2-year,Public,Associates--Public Rural-serving Medium,3766,60.9,3288,50,NULL,NULL,4104,56,NULL,NULL,33.5,95,42.8,95,42.5,51,62.8,73,48.4,82,755
175263,Minnesota State College-Southeast Technical,Winona,Minnesota,2-year,Public,Associates--Public Rural-serving Medium,2207,51.4,1701,25,NULL,NULL,3761,41,NULL,NULL,18.2,81,28.9,78,50.4,71,56.3,44,64.9,95,329
175272,Winona State University,Winona,Minnesota,4-year,Public,Masters Colleges and Universities--medium programs,8253,89.1,8088,59,NULL,NULL,4626,15,2081,27,29.8,68,56.1,71,26.9,18,78.3,65,62,48,1718
175315,Century College,White Bear Lake,Minnesota,2-year,Public,Associates--Public Suburban-serving Single Campus,10073,39.6,7393,80,NULL,NULL,3495,31,160,14,5.3,26,12.6,19,48.5,66,48.9,15,46.3,79,1122
175342,Alcorn State University,Alcorn State,Mississippi,4-year,Public,Masters Colleges and Universities--medium programs,3157,86.5,2990,26,851,3,7507,77,3387,42,18.4,39,34.2,23,79.2,99,68.4,31,77,78,511
175421,Belhaven University,Jackson,Mississippi,4-year,Private not-for-profit,Masters Colleges and Universities--medium programs,2749,45.2,2371,73,1033,41,9498,27,1616,6,24.9,20,36.9,16,51.1,78,60,15,46.9,42,241
175430,Blue Mountain College,Blue Mountain,Mississippi,4-year,Private not-for-profit,Baccalaureate Colleges--Diverse Fields,520,87.1,504,19,1007,31,6810,16,24141,58,36.8,40,50.9,42,53,81,70,35,73.9,77,57
175519,Coahoma Community College,Clarksdale,Mississippi,2-year,Public,Associates--Public Rural-serving Small,2073,89.4,2284,37,NULL,NULL,5086,83,NULL,NULL,16,74,25.7,69,91.9,100,49.8,18,58.6,92,693
175528,Antonelli College at Jackson,Jackson,Mississippi,2-year,Private for-profit,Associates--Private For-profit,485,77.3,623,62,NULL,NULL,4225,46,NULL,NULL,13.1,14,14.3,2,76.3,66,57.9,25,29.1,34,84
175573,Copiah-Lincoln Community College,Wesson,Mississippi,2-year,Public,Associates--Public Rural-serving Medium,3157,79.5,2532,40,NULL,NULL,4499,68,2674,84,16.6,76,27.1,73,58.8,87,58.2,52,63.1,94,812
175616,Delta State University,Cleveland,Mississippi,4-year,Public,Masters Colleges and Universities--larger programs,2638,82.1,2276,19,950,19,5689,42,6083,63,16.4,33,35.4,24,49.3,82,66.1,23,63.8,53,477
175643,East Central Community College,Decatur,Mississippi,2-year,Public,Associates--Public Rural-serving Medium,2572,76.7,2380,38,NULL,NULL,4203,58,915,55,17.2,78,24.2,64,60.6,89,62,70,57.3,91,814
175652,East Mississippi Community College,Scooba,Mississippi,2-year,Public,Associates--Public Rural-serving Medium,4364,61.8,5180,68,NULL,NULL,4256,60,28,3,22.4,87,27.4,74,67.3,94,71.1,92,46.6,80,898
175786,Hinds Community College,Raymond,Mississippi,2-year,Public,Associates--Public Rural-serving Large,11893,71.2,9115,86,NULL,NULL,5582,88,5,1,8,42,12.9,21,63.8,92,51.6,23,54.5,90,3131
175810,Holmes Community College,Goodman,Mississippi,2-year,Public,Associates--Public Rural-serving Large,5911,68.5,5352,70,NULL,NULL,3667,37,476,39,12.9,65,25.5,69,59.6,88,54.6,35,34.6,56,1272
175829,Itawamba Community College,Fulton,Mississippi,2-year,Public,Associates--Public Rural-serving Medium,5693,73.7,5489,71,NULL,NULL,3987,51,980,57,16.8,77,25.9,70,62.9,91,68.7,88,46.2,79,1900
175856,Jackson State University,Jackson,Mississippi,4-year,Public,Research Universities--high research activity,6903,84.2,6193,50,910,10,6853,67,2037,26,16.6,34,38.5,31,64.8,96,75.5,56,72.3,71,919
175883,Jones County Junior College,Ellisville,Mississippi,2-year,Public,Associates--Public Rural-serving Medium,4443,80.4,3942,56,NULL,NULL,4998,82,1723,71,16.3,75,27,73,51.1,73,60.1,61,77.5,97,1365
175935,Meridian Community College,Meridian,Mississippi,2-year,Public,Associates--Public Rural-serving Medium,3713,66.8,2750,43,NULL,NULL,4542,69,3595,89,35.2,96,35.2,90,54.8,80,55.9,42,80,97,1215
175980,Millsaps College,Jackson,Mississippi,4-year,Private not-for-profit,Baccalaureate Colleges--Arts & Sciences,744,98.1,911,33,1159,78,20324,80,112710,88,59.1,75,63.2,66,21.8,17,75.2,50,86,88,296
176008,Mississippi Delta Community College,Moorhead,Mississippi,2-year,Public,Associates--Public Rural-serving Medium,2950,78.1,2100,33,NULL,NULL,4141,57,5,1,14.3,70,21.1,53,72.6,97,57.8,50,53.8,89,824
176017,University of Mississippi,University,Mississippi,4-year,Public,Research Universities--high research activity,16677,93.7,15968,81,1100,75,7124,72,27882,94,36.4,78,58,74,29.8,24,85.6,84,82.2,88,2434
176035,Mississippi University for Women,Columbus,Mississippi,4-year,Public,Masters Colleges and Universities--smaller programs,2429,80.1,2409,19,995,37,5350,35,1444,17,21.7,49,39.2,32,49.3,82,79.1,68,62.8,50,212
176044,Mississippi Valley State University,Itta Bena,Mississippi,4-year,Public,Masters Colleges and Universities--medium programs,1926,83.1,2032,17,825,1,7058,71,838,9,10.5,16,26,10,69,97,53,5,85.1,91,485
176053,Mississippi College,Clinton,Mississippi,4-year,Private not-for-profit,Masters Colleges and Universities--larger programs,2905,89.1,2832,81,1098,64,8605,23,14482,44,34.6,37,53,46,36.5,48,68.4,30,46.5,42,541
176071,Mississippi Gulf Coast Community College Perkinston Campus,Perkinston,Mississippi,2-year,Public,Associates--Public Rural-serving Large,10106,68.7,8320,84,NULL,NULL,5560,88,493,39,14,69,25.4,69,50.2,70,62.2,70,58.8,92,1964
176080,Mississippi State University,Mississippi State,Mississippi,4-year,Public,Research Universities--very high research activity,16399,91.8,15593,80,1106,77,6487,60,20934,91,30.9,70,61.1,78,34.1,36,78.5,66,86.4,93,2262
176169,Northeast Mississippi Community College,Booneville,Mississippi,2-year,Public,Associates--Public Rural-serving Medium,3271,82.8,3024,46,NULL,NULL,5754,90,1029,59,14.7,71,26.7,72,64.8,93,64,78,78.3,97,1241
176178,Northwest Mississippi Community College,Senatobia,Mississippi,2-year,Public,Associates--Public Rural-serving Large,7871,75.7,6607,77,NULL,NULL,4739,74,871,54,8.3,44,18.1,41,57.5,85,60,60,57.2,91,1977
176239,Pearl River Community College,Poplarville,Mississippi,2-year,Public,Associates--Public Rural-serving Medium,5170,68.8,3074,47,970,86,5336,86,10,2,19.4,83,32.2,85,57.1,83,56.9,47,72.3,96,1912
176318,Rust College,Holly Springs,Mississippi,4-year,Private not-for-profit,Baccalaureate Colleges--Arts & Sciences,922,92.6,945,34,666,0,11812,38,26319,61,12.2,6,19.2,4,87.6,98,62.7,19,92.2,92,312
176354,Southwest Mississippi Community College,Summit,Mississippi,2-year,Public,Associates--Public Rural-serving Small,2021,87.4,1443,20,NULL,NULL,4847,77,964,56,19.9,84,26.9,73,63.5,92,56.8,46,82.4,98,643
176372,University of Southern Mississippi,Hattiesburg,Mississippi,4-year,Public,Research Universities--high research activity,12475,86.9,12055,73,1082,70,5435,36,5069,57,20.7,46,45.1,47,46.4,75,71.6,42,75.5,77,1376
176406,Tougaloo College,Tougaloo,Mississippi,4-year,Private not-for-profit,Baccalaureate Colleges--Arts & Sciences,878,96.7,983,35,864,4,6293,14,10712,35,26.5,22,49.5,40,85,98,70,35,76.8,80,200
176479,William Carey University,Hattiesburg,Mississippi,4-year,Private not-for-profit,Masters Colleges and Universities--larger programs,2257,83.6,2395,74,1105,66,4035,5,2958,10,46,56,62,64,66,90,77.5,57,54.3,52,163
176549,Anthem College at Maryland Heights,Maryland Heights,Missouri,2-year,Private for-profit,Associates--Private For-profit,277,100,429,43,NULL,NULL,4178,42,NULL,NULL,63.8,81,78.3,86,74.4,61,73.6,67,33.3,39,69
176628,Avila University,Kansas City,Missouri,4-year,Private not-for-profit,Masters Colleges and Universities--medium programs,1401,80.2,1265,45,1028,38,12646,42,5216,18,26.3,22,49.1,39,43.3,63,70,35,30.9,20,114
176637,"ITT Technical Institute (Earth City, Mo.)",Earth City,Missouri,4-year,Private for-profit,Other technology-related schools,602,79.9,633,55,NULL,NULL,4531,57,NULL,NULL,4,9,12,13,71.3,59,NULL,NULL,18.3,49,25
176664,Baptist Bible College,Springfield,Missouri,4-year,Private not-for-profit,Theological seminaries- Bible colleges- and other faith-related institutions,305,87.9,294,12,NULL,NULL,8915,24,482,2,20,14,35.7,15,49.8,76,64.7,22,28.2,16,115
176770,Cox College,Springfield,Missouri,4-year,Private not-for-profit,Other health professions schools,832,52,353,14,863,4,4519,7,15617,46,61.3,78,61.3,62,49.4,75,89.1,86,100,95,31
176789,Calvary Bible College and Theological Seminary,Kansas City,Missouri,4-year,Private not-for-profit,Theological seminaries- Bible colleges- and other faith-related institutions,272,64,204,8,1033,41,3946,4,868,3,35.7,39,42.9,26,45.5,68,65.6,24,33.3,22,28
176910,Central Christian College of the Bible,Moberly,Missouri,4-year,Private not-for-profit,Theological seminaries- Bible colleges- and other faith-related institutions,302,78.5,305,12,NULL,NULL,12221,40,3076,10,22.4,16,37.8,17,54.4,82,70.2,36,47.6,44,98
176947,Central Methodist University - College of Liberal Arts & Sciences,Fayette,Missouri,4-year,Private not-for-profit,Baccalaureate Colleges--Diverse Fields,1107,92.5,1102,40,1006,30,16754,66,23821,58,25.7,21,43.7,28,43.9,64,57.3,12,58.6,58,268
176965,University of Central Missouri,Warrensburg,Missouri,4-year,Public,Masters Colleges and Universities--larger programs,9974,83.1,8560,60,990,33,5339,35,3423,43,30,69,53.6,66,38.1,48,68.8,33,84,90,1426
177038,Cleveland Chiropractic College of Kansas City,Overland Park,Kansas,4-year,Private not-for-profit,Other health professions schools,66,81.8,145,4,NULL,NULL,3380,2,24593,59,0,0,0,0,44.3,65,100,99,72,76,1
177065,Columbia College (Mo.),Columbia,Missouri,4-year,Private not-for-profit,Masters Colleges and Universities--medium programs,15998,59,13383,99,NULL,NULL,4629,7,7758,26,26.1,22,39.7,22,52.8,80,53.1,9,8.4,2,184
177083,Conception Seminary College,Conception,Missouri,4-year,Private not-for-profit,Theological seminaries- Bible colleges- and other faith-related institutions,99,90.9,95,2,1165,79,23576,88,45122,75,61.1,78,61.1,62,30,33,64.3,22,85.7,87,18
177117,Cottey College,Nevada,Missouri,4-year,Private not-for-profit,Associates--Private Not-for-profit,277,99.3,298,12,1021,36,14185,53,293416,95,NULL,NULL,NULL,NULL,38.7,53,78.7,60,84.6,87,NULL
177135,Crowder College,Neosho,Missouri,2-year,Public,Associates--Public Rural-serving Medium,5845,43.8,3675,54,NULL,NULL,4835,77,152,13,2.3,5,22.2,57,46.7,63,56.2,43,21,14,844
177144,Culver-Stockton College,Canton,Missouri,4-year,Private not-for-profit,Baccalaureate Colleges--Diverse Fields,830,93,735,27,972,21,16650,65,28545,64,37.6,42,44.6,30,47.9,72,66.7,26,66.2,69,202
177214,Drury University,Springfield,Missouri,4-year,Private not-for-profit,Masters Colleges and Universities--medium programs,4231,71.1,3585,87,1146,76,8357,22,17838,50,32.1,33,54.2,48,92.6,99,84.4,76,28.6,17,520
177250,East Central College,Union,Missouri,2-year,Public,Associates--Public Suburban-serving Multicampus,3900,47.5,2810,44,NULL,NULL,3629,35,1409,67,6.5,33,17.1,37,47,63,62.1,70,29.6,41,742
177302,Pinnacle Career Institute - South Kansas City,Kansas City,Missouri,2-year,Private for-profit,Associates--Private For-profit,555,100,1694,94,NULL,NULL,4548,59,NULL,NULL,72.3,88,72.3,77,52,22,69.6,54,36.8,46,520
177339,Evangel University,Springfield,Missouri,4-year,Private not-for-profit,Baccalaureate Colleges--Diverse Fields,2077,90.9,1886,64,1046,46,9437,26,4603,15,34.9,37,51.2,42,46.6,70,72.7,43,52.8,50,344
177418,Fontbonne University,Saint Louis,Missouri,4-year,Private not-for-profit,Masters Colleges and Universities--larger programs,1328,72,1130,41,1070,55,9185,25,12189,40,2.6,1,40.9,23,38.5,53,79.4,62,27.7,16,193
177472,Ozarks Technical Community College,Springfield,Missouri,2-year,Public,Associates--Public Rural-serving Large,14798,47.6,10356,89,NULL,NULL,4341,63,166,15,7.4,38,19.6,48,57.2,84,59.1,56,25.1,25,2638
177542,Hannibal-La Grange University,Hannibal,Missouri,4-year,Private not-for-profit,Baccalaureate Colleges--Diverse Fields,1198,73,1036,37,1029,39,10240,30,5977,21,46.3,56,61.2,62,38.2,52,62.3,19,52.6,50,121
177551,Harris-Stowe State University,Saint Louis,Missouri,4-year,Public,Baccalaureate Colleges--Diverse Fields,1298,75.8,1155,6,NULL,NULL,4687,18,969,10,2.1,1,10.4,1,75.5,99,43.1,1,27.5,5,376
177579,Hickey College,Saint Louis,Missouri,4-year,Private for-profit,Baccalaureate/Associates Colleges,372,85.5,652,56,NULL,NULL,4166,39,NULL,NULL,NULL,NULL,NULL,NULL,58.6,26,NULL,NULL,54.1,91,NULL
177676,Jefferson College,Hillsboro,Missouri,2-year,Public,Associates--Public Suburban-serving Multicampus,5194,52.3,3975,57,NULL,NULL,3541,32,176,17,12,62,24.1,64,47.1,64,58.7,54,28.8,38,1214
177746,Kansas City Art Institute,Kansas City,Missouri,4-year,Private not-for-profit,Schools of art- music- and design,739,99.5,780,28,1073,57,18204,73,61681,82,56.6,72,57.9,56,40.1,57,73.8,46,52.3,50,152
177940,Lincoln University (Mo.),Jefferson City,Missouri,4-year,Public,Masters Colleges and Universities--smaller programs,2892,64.8,2235,18,NULL,NULL,4839,22,2946,38,6.3,6,21.6,6,54.1,87,52.7,4,64.7,54,458
177968,Lindenwood University,Saint Charles,Missouri,4-year,Private not-for-profit,Masters Colleges and Universities--larger programs,8453,88.7,7755,96,1045,45,7306,17,10988,36,24.5,19,44.8,31,35.2,45,70.7,37,16.9,5,881
177977,Linn State Technical College,Linn,Missouri,2-year,Public,Associates--Public Rural-serving Small,1294,85.6,1270,16,NULL,NULL,6037,92,78,8,54.3,99,58.9,98,41.7,50,78.5,99,100,99,433
177995,Metropolitan Community College Longview,Kansas City,Missouri,2-year,Public,Associates--Public Urban-serving Multicampus,19234,40.2,12834,93,NULL,NULL,3204,22,336,32,6.4,32,14.5,27,35.7,34,54.7,35,15.9,4,2835
178059,Maryville University of Saint Louis,Saint Louis,Missouri,4-year,Private not-for-profit,Doctoral/Research Universities,2829,63.1,2466,75,1142,74,10812,33,11048,36,50.7,63,67.3,73,33.8,42,86.8,81,23.3,11,294
178110,Metro Business College at Cape Girardeau,Cape Girardeau,Missouri,2-year,Private for-profit,Associates--Private For-profit,137,90.5,159,8,NULL,NULL,6036,88,NULL,NULL,41,53,51.3,30,91,94,21.7,1,50,63,39
178183,Midwest Institute at Kirkwood,Fenton,Missouri,2-year,Private for-profit,Associates--Private For-profit,179,100,95,2,NULL,NULL,4399,54,NULL,NULL,85.1,97,85.1,94,50,19,87.9,96,15.8,11,201
178208,Midwestern Baptist Theological Seminary,Kansas City,Missouri,4-year,Private not-for-profit,Theological seminaries- Bible colleges- and other faith-related institutions,261,58.6,191,7,1021,36,4445,6,5209,18,0,0,13,2,47.8,72,64,21,88.9,90,23
178217,Mineral Area College,Park Hills,Missouri,2-year,Public,Associates--Public Rural-serving Medium,4508,63.6,2837,45,NULL,NULL,3865,46,1344,66,17.1,77,26.7,72,53.6,79,67.8,86,23.1,19,829
178226,Westwood College O'Hare Airport,Chicago,Illinois,4-year,Private for-profit,Baccalaureate Colleges--Diverse Fields,298,77.2,599,51,NULL,NULL,3605,12,NULL,NULL,31.4,73,31.4,62,77.1,79,29.4,5,19,51,105
178244,Missouri Baptist University,Saint Louis,Missouri,4-year,Private not-for-profit,Masters Colleges and Universities--larger programs,3950,35.9,1999,66,1001,29,10812,33,1144,4,26.6,22,42.9,26,21.6,17,60.1,15,24,12,177
178305,Missouri College,Brentwood,Missouri,4-year,Private for-profit,Baccalaureate/Associates Colleges,553,96,644,55,NULL,NULL,5227,78,NULL,NULL,36.4,80,36.4,73,79.5,85,NULL,NULL,19.5,52,11
178341,Missouri Southern State University,Joplin,Missouri,4-year,Public,Baccalaureate Colleges--Diverse Fields,5587,73.8,4423,37,990,33,4578,15,7231,69,15,29,36.1,26,60.7,94,66.1,23,63.5,51,735
178350,Missouri Tech,Saint Charles,Missouri,4-year,Private for-profit,Other technology-related schools,108,19.4,90,1,NULL,NULL,4172,40,NULL,NULL,0,0,50,86,32.5,3,100,91,37.5,83,2
178369,Missouri Valley College,Marshall,Missouri,4-year,Private not-for-profit,Baccalaureate Colleges--Diverse Fields,1656,82.4,1496,53,920,9,12641,42,3316,11,14.5,7,24.9,6,46.4,70,43.6,3,57.3,56,441
178387,Missouri Western State University,Saint Joseph,Missouri,4-year,Public,Baccalaureate Colleges--Diverse Fields,5616,70.2,4452,37,NULL,NULL,5783,43,5765,61,13.5,24,32.8,21,42.5,65,60.4,12,50.1,28,935
178396,University of Missouri at Columbia,Columbia,Missouri,4-year,Public,Research Universities--very high research activity,26928,93.8,25094,94,1165,87,6968,69,22448,92,47.1,88,70.1,90,21.6,7,83.5,79,71.4,69,4897
178402,University of Missouri at Kansas City,Kansas City,Missouri,4-year,Public,Research Universities--high research activity,10227,66.6,8292,59,NULL,NULL,6162,53,16139,87,20.5,45,50.7,60,32.1,30,73.3,47,62,48,916
178411,Missouri University of Science and Technology,Rolla,Missouri,4-year,Public,Research Universities--high research activity,6145,89,5273,43,1263,96,7379,76,23753,92,25.2,60,62.6,79,25.9,16,82.6,78,77.4,79,1018
178420,University of Missouri at St. Louis,Saint Louis,Missouri,4-year,Public,Research Universities--high research activity,13569,44.5,8375,59,NULL,NULL,6556,61,5875,62,20.3,44,45.7,49,30.4,25,75,54,53.1,34,462
178448,Moberly Area Community College,Moberly,Missouri,2-year,Public,Associates--Public Rural-serving Medium,5710,48.6,3977,57,NULL,NULL,3667,37,430,37,7,36,18.8,45,47.7,65,56.8,46,22.6,18,786
178615,Truman State University,Kirksville,Missouri,4-year,Public,Masters Colleges and Universities--medium programs,5898,91.1,5156,42,1243,95,6719,64,5971,63,53.8,92,71.7,91,19,4,87.4,89,86.2,93,1402
178624,Northwest Missouri State University,Maryville,Missouri,4-year,Public,Masters Colleges and Universities--larger programs,5542,90,5393,44,1050,59,5990,48,4359,52,26.7,62,48.4,54,35.6,41,65.8,22,83.2,89,1425
178679,Ozark Christian College,Joplin,Missouri,4-year,Private not-for-profit,Theological seminaries- Bible colleges- and other faith-related institutions,751,86.8,645,24,NULL,NULL,5759,12,4502,15,13.9,7,44.6,30,45.2,67,72.1,41,70.5,74,101
178697,College of the Ozarks,Point Lookout,Missouri,4-year,Private not-for-profit,Baccalaureate Colleges--Diverse Fields,1513,99,1514,53,1050,48,15878,62,248374,95,49.6,61,64.5,69,61.7,87,86,79,63.9,66,282
178721,Park University,Parkville,Missouri,4-year,Private not-for-profit,Masters Colleges and Universities--medium programs,10198,11.5,8620,97,NULL,NULL,5217,10,6392,21,27.4,24,43.5,28,32.1,38,64.9,23,10.9,3,168
178767,Stevens Institute of Business and Arts,Saint Louis,Missouri,4-year,Private for-profit,Baccalaureate Colleges--Diverse Fields,172,72.1,222,10,NULL,NULL,3829,22,NULL,NULL,NULL,NULL,NULL,NULL,73.7,68,NULL,NULL,41.2,86,NULL
178891,Ranken Technical College,Saint Louis,Missouri,4-year,Private not-for-profit,Associates--Private Not-for-profit 4-year Primarily Associates,2097,62.6,2134,69,NULL,NULL,3853,4,26394,61,43.8,52,43.8,28,69,91,74.3,47,48.7,45,32
179043,Rockhurst University,Kansas City,Missouri,4-year,Private not-for-profit,Masters Colleges and Universities--larger programs,2241,69,1720,60,1164,79,26425,92,15452,46,60.5,77,69.2,76,17.4,10,87.4,82,46,41,367
179070,Everest College at Springfield,Springfield,Missouri,4-year,Private for-profit,Baccalaureate/Associates Colleges,303,71,346,21,NULL,NULL,3954,29,NULL,NULL,0,0,0,0,86.9,98,NULL,NULL,47.1,89,1
179159,Saint Louis University,Saint Louis,Missouri,4-year,Private not-for-profit,Research Universities--high research activity,12567,57.4,9293,98,1237,87,18482,73,71318,83,60.7,77,69.7,77,14.1,4,86.8,81,69.7,73,1629
179256,Saint Louis Christian College,Florissant,Missouri,4-year,Private not-for-profit,Theological seminaries- Bible colleges- and other faith-related institutions,245,69.8,202,7,NULL,NULL,13544,49,5504,19,17.4,10,30.4,10,57.7,85,81.2,68,43.3,37,23
179308,St. Louis Community College-Forest Park,Saint Louis,Missouri,2-year,Public,Associates--Public Urban-serving Multicampus,24005,41.5,18019,97,NULL,NULL,3485,31,NULL,NULL,4,15,9.6,9,47.9,66,53.8,32,24.2,23,3480
179326,Southwest Baptist University,Bolivar,Missouri,4-year,Private not-for-profit,Masters Colleges and Universities--larger programs,2962,68.2,2318,73,1062,53,10189,29,7356,25,36.8,40,48.4,38,42.6,62,63.6,20,42.5,36,405
179344,Missouri State University-West Plains,West Plains,Missouri,2-year,Public,Associates--Public 2-year colleges under 4-year universities,2123,59.2,1484,21,NULL,NULL,1308,0,NULL,NULL,12.9,65,26.8,72,15.6,2,46.9,10,52.6,87,496
179511,Saint Louis College of Health Careers-South Taylor,Saint Louis,Missouri,2-year,Private for-profit,Associates--Private For-profit,295,96.9,326,32,NULL,NULL,3797,24,NULL,NULL,64,82,80,90,83.2,79,63.1,36,22.7,20,511
179539,State Fair Community College,Sedalia,Missouri,2-year,Public,Associates--Public Rural-serving Medium,5185,52.9,3581,53,NULL,NULL,5937,91,2827,85,10.5,55,20.9,53,55.8,81,59.7,59,18.1,8,894
179548,Stephens College,Columbia,Missouri,4-year,Private not-for-profit,Baccalaureate Colleges--Diverse Fields,647,80.5,721,26,1047,47,15908,62,46968,76,25.2,21,58.6,57,59.3,86,67.2,28,42.5,36,222
179557,Southeast Missouri State University,Cape Girardeau,Missouri,4-year,Public,Masters Colleges and Universities--larger programs,10605,75,8943,62,1049,58,5017,26,6578,66,26.5,61,48.5,54,35.6,41,72.6,46,100,99,1650
179566,Missouri State University,Springfield,Missouri,4-year,Public,Masters Colleges and Universities--larger programs,18027,76.6,14239,78,1090,72,5159,29,4100,50,30.5,70,53.4,65,32,30,75.2,55,64.2,53,2610
179645,Three Rivers Community College (Mo.),Poplar Bluff,Missouri,2-year,Public,Associates--Public Rural-serving Medium,4399,58.2,3360,51,NULL,NULL,6238,93,203,21,8.2,44,16.7,35,62.5,91,55.2,38,24.3,23,683
179715,North Central Missouri College,Trenton,Missouri,2-year,Public,Associates--Public Rural-serving Small,1774,52.2,1268,16,NULL,NULL,4061,54,596,43,14.6,70,29.9,81,42.4,51,64.6,79,34.9,58,328
179867,Washington University in St. Louis,Saint Louis,Missouri,4-year,Private not-for-profit,Research Universities--very high research activity,7336,89.8,7118,96,1474,99,25449,90,417948,97,88.2,98,94,98,6.2,0,96.4,96,83.4,86,1325
179894,Webster University,Saint Louis,Missouri,4-year,Private not-for-profit,Masters Colleges and Universities--larger programs,3528,73.1,3021,82,1107,67,12212,40,8984,30,46.4,56,59.4,59,35,45,80.8,66,14,4,483
179919,Wentworth Military Academy and Junior College,Lexington,Missouri,2-year,Private not-for-profit,Associates--Private Not-for-profit,851,39.6,463,66,NULL,NULL,9857,97,975,8,28.6,26,33.8,31,33.8,7,54,31,48.1,45,77
179946,Westminster College (Mo.),Fulton,Missouri,4-year,Private not-for-profit,Baccalaureate Colleges--Arts & Sciences,1026,99.2,1122,40,1090,62,14316,53,43586,75,51.6,65,69.1,76,28.4,30,78,58,62.4,64,223
179955,William Jewell College,Liberty,Missouri,4-year,Private not-for-profit,Baccalaureate Colleges--Arts & Sciences,1044,96.9,1076,39,1146,76,19794,78,59943,81,49.7,61,58.7,57,27.6,29,76.1,53,56.5,55,288
179964,William Woods University,Fulton,Missouri,4-year,Private not-for-profit,Masters Colleges and Universities--larger programs,1002,84.1,885,32,1047,47,19074,75,11097,36,44.6,53,56.5,52,34.1,43,74.4,47,20.1,8,177
180054,Blackfeet Community College,Browning,Montana,2-year,Private not-for-profit,Tribal Colleges,450,84.9,386,60,NULL,NULL,4662,51,2152,24,2.1,0,14.9,9,99.8,100,57,40,75.9,73,94
180081,Montana Tech College of Technology,Butte,Montana,2-year,Public,Associates--Public Rural-serving Small,913,57.9,613,5,NULL,NULL,4919,79,6694,97,20,84,28,75,47.8,66,51.9,25,NULL,NULL,100
180106,Carroll College (Mont.),Helena,Montana,4-year,Private not-for-profit,Baccalaureate Colleges--Diverse Fields,1431,94.3,1408,50,1112,68,15471,59,26941,62,54.3,69,67.4,73,21.7,17,81.5,69,60.4,61,328
180151,Dawson Community College,Glendive,Montana,2-year,Public,Associates--Public Rural-serving Small,372,61,271,2,NULL,NULL,5181,84,4767,94,27.6,92,35.2,90,38.1,41,53.1,29,64,94,145
180160,Chief Dull Knife College,Lame Deer,Montana,2-year,Public,Tribal Colleges,201,63.7,171,1,NULL,NULL,2039,2,5606,96,9.1,48,39.4,93,62.3,91,47.8,12,100,99,33
180179,Montana State University at Billings,Billings,Montana,4-year,Public,Masters Colleges and Universities--medium programs,4465,70.8,4001,34,NULL,NULL,4385,11,4257,51,12.3,20,26.7,11,39.2,53,59.2,9,48.2,25,487
180197,Flathead Valley Community College,Kalispell,Montana,2-year,Public,Associates--Public Rural-serving Medium,2216,48.8,1781,27,NULL,NULL,4102,56,3647,89,8.4,45,19.6,48,42.7,52,56.2,43,26.2,29,321
180203,Fort Belknap College,Harlem,Montana,2-year,Public,Tribal Colleges,139,87.1,173,1,NULL,NULL,3886,47,8381,98,13.2,66,42.1,95,97.4,100,54.4,34,76.9,97,38
180212,Fort Peck Community College,Poplar,Montana,2-year,Public,Tribal Colleges,405,56.3,278,2,NULL,NULL,3442,29,10052,99,6.2,32,6.2,2,35.8,35,44.4,7,59.1,93,81
180249,Montana State University - Great Falls College of Technology,Great Falls,Montana,2-year,Public,Associates--Public 2-year colleges under 4-year universities,1875,47.6,1398,19,NULL,NULL,4072,55,8,1,9.4,50,16.9,36,56.9,83,51.1,21,32.8,50,213
180258,University of Great Falls,Great Falls,Montana,4-year,Private not-for-profit,Baccalaureate Colleges--Diverse Fields,1046,63.6,869,31,NULL,NULL,10394,30,9626,32,16.9,10,29.2,9,42.1,60,68.9,32,40.8,33,130
180276,University of Montana Helena College of Technology,Helena,Montana,2-year,Public,Associates--Public 2-year colleges under 4-year universities,1430,46.9,1087,12,NULL,NULL,5513,88,70,8,19.6,83,30.2,82,48.5,66,52.5,27,25.8,28,245
180328,Little Big Horn College,Crow Agency,Montana,2-year,Public,Tribal Colleges,329,81.8,298,2,NULL,NULL,7343,98,10379,99,16.2,75,16.2,34,56,82,53.2,30,56.4,91,74
180373,Miles Community College,Miles City,Montana,2-year,Public,Associates--Public Rural-serving Small,422,59,390,3,NULL,NULL,4494,68,2007,77,23.1,88,39.6,93,43.8,55,59.4,58,32.8,50,134
180416,Montana Tech of the University of Montana,Butte,Montana,4-year,Public,Baccalaureate Colleges--Diverse Fields,1844,90.1,1769,13,1115,79,6362,58,12290,83,19.9,43,48.3,54,36,42,68.8,33,70.8,67,267
180461,Montana State University at Bozeman,Bozeman,Montana,4-year,Public,Research Universities--very high research activity,13174,83.6,11903,73,1115,79,4601,15,8171,73,20,43,49.4,56,31.6,28,75.8,57,63.3,51,1852
180489,University of Montana at Missoula,Missoula,Montana,4-year,Public,Research Universities--high research activity,12254,77.1,12466,74,1090,72,5112,29,10021,78,23.9,55,47.8,53,39.1,53,73.4,48,68.4,60,1637
180522,Montana State University-Northern,Havre,Montana,4-year,Public,Baccalaureate Colleges--Diverse Fields,1250,73.4,1087,6,925,13,4006,7,3270,40,14.5,27,29,14,49.1,81,59.2,9,67,58,131
180595,Rocky Mountain College,Billings,Montana,4-year,Private not-for-profit,Baccalaureate Colleges--Diverse Fields,988,95.9,986,36,1024,37,15055,57,20707,54,19.3,13,40.3,22,37.3,50,67.9,30,56.4,55,181
180647,Salish Kootenai College,Pablo,Montana,4-year,Private not-for-profit,Tribal Colleges,840,82.9,733,27,NULL,NULL,5872,12,13711,42,27.9,24,37.2,16,84.5,97,31.2,1,61.5,63,43
180692,University of Montana-Western,Dillon,Montana,4-year,Public,Baccalaureate Colleges--Diverse Fields,1455,82.2,1388,8,NULL,NULL,4783,20,2635,35,26.7,62,45.1,47,42.3,64,68.8,33,80.6,85,195
180814,Bellevue University,Bellevue,Nebraska,4-year,Private not-for-profit,Masters Colleges and Universities--larger programs,6202,83.5,4824,92,NULL,NULL,1606,0,6889,23,23.1,17,39.4,21,30,33,50,6,25.8,14,104
180832,Clarkson College,Omaha,Nebraska,4-year,Private not-for-profit,Other health professions schools,780,57.2,752,28,1110,68,4798,8,1824,7,0,0,46.4,34,37.8,51,68.6,31,76.4,80,28
180878,Bryan College of Health Sciences,Lincoln,Nebraska,4-year,Private not-for-profit,Other health professions schools,627,47.5,458,18,1070,55,2870,2,NULL,NULL,33.3,35,55.6,51,35.7,47,82.9,73,50.7,48,9
180902,Central Community College,Grand Island,Nebraska,2-year,Public,Associates--Public Rural-serving Large,6906,32.1,4214,59,NULL,NULL,3134,20,1297,64,14,69,24.9,67,29.5,20,62.8,73,44.4,76,852
180948,Chadron State College,Chadron,Nebraska,4-year,Public,Baccalaureate Colleges--Diverse Fields,2432,72.9,1984,16,NULL,NULL,5296,33,7436,69,16.6,34,33.3,21,33.4,34,67.3,27,59.1,43,409
180984,Concordia University (Neb.),Seward,Nebraska,4-year,Private not-for-profit,Masters Colleges and Universities--smaller programs,1508,75.2,1334,47,1091,63,15311,58,22578,57,42,49,63.6,67,22.4,19,75.7,51,30.8,19,264
181002,Creighton University,Omaha,Nebraska,4-year,Private not-for-profit,Masters Colleges and Universities--larger programs,4076,93.6,4411,90,1214,85,18166,72,41179,73,67.4,84,75.9,84,19.1,13,90.9,89,71.2,75,947
181020,Doane College,Crete,Nebraska,4-year,Private not-for-profit,Baccalaureate Colleges--Arts & Sciences,1113,99.4,1141,41,1077,58,14018,51,91376,86,51,64,60.2,61,33.9,42,78.3,58,62.6,64,259
181093,Grace University,Omaha,Nebraska,4-year,Private not-for-profit,Baccalaureate Colleges--Diverse Fields,410,83.2,338,13,995,27,14760,56,4927,17,23.2,17,47.6,36,49.1,75,71.8,40,36.2,27,82
181127,Hastings College,Hastings,Nebraska,4-year,Private not-for-profit,Baccalaureate Colleges--Diverse Fields,1118,94.8,1096,40,1083,59,15379,59,66487,83,43.4,51,57.6,55,31.2,36,66.1,25,70.8,74,302
181215,University of Nebraska at Kearney,Kearney,Nebraska,4-year,Public,Masters Colleges and Universities--larger programs,5502,86.8,5221,43,1049,58,6682,64,11,0,21.1,47,53.2,64,34.4,37,75.5,56,72.2,71,915
181242,"Kaplan University, Lincoln",Lincoln,Nebraska,4-year,Private for-profit,Associates--Private For-profit 4-year Primarily Associates,472,66.3,880,67,NULL,NULL,5154,76,NULL,NULL,50,90,50,86,74.3,71,NULL,NULL,18.8,50,2
181297,Nebraska Methodist College,Omaha,Nebraska,4-year,Private not-for-profit,Other health professions schools,742,62.4,717,26,1070,55,5139,10,7132,24,48,59,68,75,35,45,78.6,59,82.3,85,50
181303,Metropolitan Community College (Neb.),Omaha,Nebraska,2-year,Public,Associates--Public Urban-serving Multicampus,15752,37.9,12236,92,NULL,NULL,3703,38,170,16,4.2,17,12.5,18,33.2,28,50.4,19,20,11,1148
181312,Mid-Plains Community College,North Platte,Nebraska,2-year,Public,Associates--Public Rural-serving Medium,2491,38.5,1870,29,NULL,NULL,3722,40,2765,84,26.2,91,34.2,88,30.9,22,52.9,28,19.5,10,401
181330,Midland University,Fremont,Nebraska,4-year,Private not-for-profit,Baccalaureate Colleges--Diverse Fields,1192,97.7,1092,39,970,20,15555,60,7362,25,41.4,48,49.3,39,43.4,63,61.7,17,27.6,16,215
181376,Nebraska Christian College,Papillion,Nebraska,4-year,Private not-for-profit,Theological seminaries- Bible colleges- and other faith-related institutions,150,84,111,2,NULL,NULL,11539,36,6055,21,6.7,3,20,5,68.6,91,57.1,11,33.3,22,45
181394,University of Nebraska at Omaha,Omaha,Nebraska,4-year,Public,Doctoral/Research Universities,12335,77.1,10613,69,1070,65,6756,65,377,5,14.3,26,42.1,39,32.5,32,74.8,53,49.8,27,1596
181400,Kaplan University - Omaha,Omaha,Nebraska,4-year,Private for-profit,Associates--Private For-profit 4-year Primarily Associates,728,68,1290,79,NULL,NULL,5173,76,NULL,NULL,0,0,0,0,81.5,90,100,91,14.3,38,2
181419,Nebraska Indian Community College,Macy,Nebraska,2-year,Public,Tribal Colleges,199,53.3,111,0,NULL,NULL,2633,9,3444,88,13,66,13,21,65.3,93,42.9,5,83.3,98,23
181446,Nebraska Wesleyan University,Lincoln,Nebraska,4-year,Private not-for-profit,Baccalaureate Colleges--Arts & Sciences,1927,83.3,1932,65,1109,67,11920,39,24545,59,54.6,70,68.5,75,26.9,28,77.5,57,45.4,40,438
181464,University of Nebraska at Lincoln,Lincoln,Nebraska,4-year,Public,Research Universities--very high research activity,19376,93.4,17730,84,1147,84,6699,64,8271,73,32.3,72,66.8,85,19.8,5,83.6,80,92.8,98,4214
181491,Northeast Community College,Norfolk,Nebraska,2-year,Public,Associates--Public Rural-serving Medium,5145,42.8,3334,50,NULL,NULL,2568,8,NULL,NULL,32.8,95,43.2,95,28.8,18,68.4,88,41.3,70,862
181534,Peru State College,Peru,Nebraska,4-year,Public,Masters Colleges and Universities--larger programs,2158,55,1495,10,NULL,NULL,4201,9,4472,53,19.3,42,40.1,33,33,32,58.2,9,49.5,27,197
181604,College of Saint Mary,Omaha,Nebraska,4-year,Private not-for-profit,Masters Colleges and Universities--smaller programs,735,86.9,686,25,1070,55,13203,46,9994,33,26.9,23,41.9,25,42.7,62,79.1,62,100,95,93
181640,Southeast Community College (Neb.),Lincoln,Nebraska,2-year,Public,Associates--Public Rural-serving Large,9751,49.8,8838,86,NULL,NULL,3173,21,1787,73,18.8,82,27.1,73,42,50,57.4,48,45.4,78,1168
181738,Union College (Neb.),Lincoln,Nebraska,4-year,Private not-for-profit,Baccalaureate Colleges--Diverse Fields,821,86.8,719,26,NULL,NULL,9913,28,18228,51,24.8,20,37.9,18,35.6,46,68.3,30,55.8,54,153
181756,Vatterott College-Spring Valley Campus,Omaha,Nebraska,2-year,Private for-profit,Associates--Private For-profit,330,100,619,61,NULL,NULL,4240,46,NULL,NULL,38.1,49,38.1,15,31.5,3,42.3,8,37.5,47,244
181765,University of Nebraska - Nebraska College of Technical Agriculture,Curtis,Nebraska,2-year,Public,Associates--Public 2-year colleges under 4-year universities,300,71.3,300,2,NULL,NULL,4015,52,699,48,52.3,99,52.3,97,32.3,26,66.7,84,61.5,93,128
181783,Wayne State College,Wayne,Nebraska,4-year,Public,Masters Colleges and Universities--larger programs,2991,91.4,2766,23,NULL,NULL,4821,21,4753,56,24.8,58,45.6,49,39.7,55,61.9,15,61.8,47,654
181817,Western Nebraska Community College,Scottsbluff,Nebraska,2-year,Public,Associates--Public Rural-serving Large,1960,47.1,1664,24,NULL,NULL,5186,84,1697,71,23.1,88,23.1,60,35.5,34,48.5,14,34.6,56,402
181853,York College,York,Nebraska,4-year,Private not-for-profit,Baccalaureate Colleges--Diverse Fields,459,96.3,429,17,924,9,9379,26,23403,58,18,11,36,15,49.4,75,64.3,22,69,72,89
181941,Career College of Northern Nevada,Sparks,Nevada,2-year,Private for-profit,Associates--Private For-profit,556,100,965,78,NULL,NULL,3102,6,NULL,NULL,26.8,32,58,42,79.4,73,60.8,29,54.2,68,429
182005,College of Southern Nevada,Las Vegas,Nevada,4-year,Public,Associates--Public 4-year Primarily Associates,34177,26,18996,86,NULL,NULL,2872,1,283,4,NULL,NULL,NULL,NULL,29.9,24,NULL,NULL,37.1,12,NULL
182111,Art Institute of Las Vegas,Henderson,Nevada,4-year,Private for-profit,Schools of art- music- and design,1097,73.7,1081,73,NULL,NULL,4666,62,NULL,NULL,15.1,38,25.9,52,64.9,38,53,49,29.4,74,139
182148,Everest College at Henderson,Henderson,Nevada,2-year,Private for-profit,Associates--Private For-profit,915,78,1214,86,NULL,NULL,3924,30,NULL,NULL,54,69,63.1,56,72.7,57,69.7,55,64.5,79,493
182281,University of Nevada at Las Vegas,Las Vegas,Nevada,4-year,Public,Research Universities--high research activity,23097,71.5,18169,84,1003,39,4522,14,7827,71,14.6,27,42.9,41,33.5,34,77.3,61,59.7,43,2773
182290,University of Nevada at Reno,Reno,Nevada,4-year,Public,Research Universities--high research activity,15694,82.4,13324,76,1081,70,5318,34,14224,86,15.7,32,51.4,62,28.8,22,79.9,69,58.5,42,2226
182306,Great Basin College,Elko,Nevada,4-year,Public,Baccalaureate/Associates Colleges,3164,28.6,1754,13,NULL,NULL,4677,18,126,3,27.1,64,52.1,64,27.1,19,78.9,67,32.1,7,48
182430,Morrison University,Reno,Nevada,4-year,Private for-profit,Baccalaureate Colleges--Diverse Fields,374,100,539,44,NULL,NULL,4002,31,NULL,NULL,63.6,95,90.9,97,62.7,34,66.7,68,15.4,42,33
182458,Sierra Nevada College,Incline Village,Nevada,4-year,Private not-for-profit,Masters Colleges and Universities--medium programs,529,90,538,21,NULL,NULL,13453,48,5444,18,37.3,41,55.2,50,37.5,51,74.3,47,24.2,12,67
182500,Truckee Meadows Community College,Reno,Nevada,2-year,Public,Associates--Public Rural-serving Large,11204,25.9,6919,78,NULL,NULL,3122,20,1322,65,2.8,9,21,53,32.4,26,66.2,83,30.4,43,677
182564,Western Nevada College,Carson City,Nevada,4-year,Public,Associates--Public 4-year Primarily Associates,3975,30.9,2338,19,NULL,NULL,3403,2,99,2,NULL,NULL,NULL,NULL,41.1,60,NULL,NULL,20,1,NULL
182634,Colby-Sawyer College,New London,New Hampshire,4-year,Private not-for-profit,Baccalaureate Colleges--Diverse Fields,1409,98.4,1430,50,NULL,NULL,25949,91,23226,57,47.9,59,52.7,45,33.5,41,73.6,46,64.1,66,353
182661,Daniel Webster College,Nashua,New Hampshire,4-year,Private for-profit,Baccalaureate Colleges--Diverse Fields,632,88,684,57,962,33,10377,99,NULL,NULL,33.5,76,46.4,83,36.6,5,68.5,73,15.4,42,239
182670,Dartmouth College,Hanover,New Hampshire,4-year,Private not-for-profit,Research Universities--very high research activity,4276,98.2,4255,90,1446,98,37160,99,581104,98,86.5,97,94.7,99,13.6,4,97.9,98,78.9,82,1114
182795,Franklin Pierce University,Rindge,New Hampshire,4-year,Private not-for-profit,Masters Colleges and Universities--smaller programs,1671,87.7,1815,62,975,21,17850,71,2399,8,38.8,44,44.1,29,24.4,22,67.3,28,29.9,19,533
182865,Hesser College,Manchester,New Hampshire,4-year,Private for-profit,Baccalaureate/Associates Colleges,2284,63.6,2187,89,NULL,NULL,4091,36,NULL,NULL,0,0,11.5,11,59.8,28,62.5,62,7.7,13,26
182908,Lebanon College,Lebanon,New Hampshire,2-year,Private not-for-profit,Associates--Private Not-for-profit,87,33.3,71,6,NULL,NULL,3294,15,3621,32,28.6,26,28.6,18,25.4,3,63.6,48,0,0,14
182980,New England College,Henniker,New Hampshire,4-year,Private not-for-profit,Masters Colleges and Universities--medium programs,1478,95.8,1053,38,NULL,NULL,15760,61,5433,18,33.9,36,39.8,22,44.8,66,61.6,17,45.2,40,289
183026,Southern New Hampshire University,Manchester,New Hampshire,4-year,Private not-for-profit,Masters Colleges and Universities--larger programs,18083,52,11573,98,965,19,7185,17,1025,4,46.5,56,54.7,49,40.6,57,69.2,33,8.5,2,490
183044,University of New Hampshire,Durham,New Hampshire,4-year,Public,Research Universities--high research activity,12516,96.4,13825,77,NULL,NULL,10654,94,16309,88,63.7,96,79.9,95,22.4,9,86.4,85,60.4,45,2452
183062,Keene State College,Keene,New Hampshire,4-year,Public,Masters Colleges and Universities--smaller programs,4799,94.6,5010,40,975,29,6266,56,4033,49,51.5,91,63.2,80,23.9,12,76.4,58,49.8,27,1292
183071,University of New Hampshire at Manchester,Manchester,New Hampshire,4-year,Public,Baccalaureate Colleges--Arts & Sciences,833,71.9,760,2,NULL,NULL,10936,95,1799,23,29.6,67,66.7,85,24.7,13,66.7,25,27.5,5,27
183080,Plymouth State University,Plymouth,New Hampshire,4-year,Public,Masters Colleges and Universities--larger programs,4065,93.4,4031,34,965,24,7823,81,2123,28,41.2,83,56,71,27,19,71.6,42,39.9,15,1006
183099,New Hampshire Technical Institute-Concord's Community College,Concord,New Hampshire,2-year,Public,Associates--Public Rural-serving Medium,4288,44.2,2865,45,NULL,NULL,3499,32,201,21,7.8,40,20.3,51,37.3,39,56.7,46,20.6,13,989
183105,White Mountains Community College,Berlin,New Hampshire,2-year,Public,Associates--Public Rural-serving Small,937,28.6,575,5,NULL,NULL,3835,44,30,4,38,96,48.8,97,52.1,76,66.7,84,18.3,8,129
183114,River Valley Community College,Claremont,New Hampshire,2-year,Public,Associates--Public Rural-serving Small,987,24.2,657,6,NULL,NULL,3358,26,38,5,9.3,49,23.7,62,45.5,59,61.2,67,12.3,1,97
183123,Lakes Region Community College,Laconia,New Hampshire,2-year,Public,Associates--Public Rural-serving Small,1181,41.7,884,9,NULL,NULL,3887,47,77,8,20.8,85,27.5,75,44.3,57,61.7,69,20.3,12,265
183132,Manchester Community College (N.H.),Manchester,New Hampshire,2-year,Public,Associates--Public Rural-serving Medium,2898,30.7,1708,25,NULL,NULL,4227,59,54,7,10.2,53,17.5,39,35.7,34,61.4,67,19.4,9,343
183141,Nashua Community College,Nashua,New Hampshire,2-year,Public,Associates--Public Rural-serving Medium,2242,33.6,1401,19,NULL,NULL,3240,23,0,0,7.5,39,16.6,35,31,23,62.7,72,11,1,362
183150,Great Bay Community College,Portsmouth,New Hampshire,2-year,Public,Associates--Public Rural-serving Medium,2122,28.9,1203,15,NULL,NULL,3096,19,218,22,3,10,10.4,11,31.8,25,56.6,45,14.6,3,201
183211,Rivier College,Nashua,New Hampshire,4-year,Private not-for-profit,Masters Colleges and Universities--larger programs,1591,56,1297,46,932,12,9909,28,17682,50,42.8,50,59.1,58,27.6,29,76.6,54,92.3,92,215
183239,Saint Anselm College,Manchester,New Hampshire,4-year,Private not-for-profit,Baccalaureate Colleges--Arts & Sciences,1923,97.7,2059,68,1145,75,16990,68,51629,79,71.1,87,74.5,82,16.7,8,84.8,76,70.9,75,568
183248,St. Joseph School of Nursing,Nashua,New Hampshire,2-year,Private not-for-profit,Not applicable- not in Carnegie universe,131,64.9,144,21,NULL,NULL,5260,67,1167,16,38.5,38,53.8,46,35.8,16,100,92,45,42,13
183257,Granite State College,Concord,New Hampshire,4-year,Public,Baccalaureate Colleges--Arts & Sciences,1723,53.3,1531,10,NULL,NULL,3683,3,1215,14,9.1,13,9.1,1,49.4,82,60,11,3.2,0,11
183655,Atlantic Cape Community College,Mays Landing,New Jersey,2-year,Public,Associates--Public Rural-serving Large,7254,50.7,5392,70,NULL,NULL,4914,79,574,42,15.5,73,15.5,30,50.9,72,62.1,70,22.2,17,1396
183743,Bergen Community College,Paramus,New Jersey,2-year,Public,Associates--Public Suburban-serving Single Campus,15882,55.9,11826,92,NULL,NULL,4664,72,NULL,NULL,4,15,16.5,35,32.6,27,63.3,75,35.5,58,2786
183789,Berkeley College (N.J.),Woodland Park,New Jersey,4-year,Private for-profit,Schools of business and management,3671,80.5,2938,92,NULL,NULL,12774,100,NULL,NULL,25.2,62,31.5,63,68.8,49,63.7,65,35.9,82,429
183822,Bloomfield College,Bloomfield,New Jersey,4-year,Private not-for-profit,Baccalaureate Colleges--Arts & Sciences,1972,89.8,1953,65,835,2,16750,66,5474,18,14.4,7,36.4,15,64.2,89,63.5,20,33.2,22,313
183859,Brookdale Community College,Lincroft,New Jersey,2-year,Public,Associates--Public Suburban-serving Single Campus,14360,51.7,10879,90,NULL,NULL,4113,56,128,11,8.2,44,21.4,54,28,17,68.6,88,33.3,52,3056
183877,Burlington County College,Pemberton,New Jersey,2-year,Public,Associates--Public Suburban-serving Multicampus,9570,51.3,7928,82,NULL,NULL,3889,47,211,21,10.2,53,21.9,56,29.4,19,63.1,74,9.2,0,1891
183910,Caldwell College,Caldwell,New Jersey,4-year,Private not-for-profit,Masters Colleges and Universities--medium programs,1578,82.6,1320,47,949,15,15270,58,3643,12,35.2,38,53.4,47,42.9,62,73,44,41.5,34,290
183938,Camden County College,Blackwood,New Jersey,2-year,Public,Associates--Public Suburban-serving Multicampus,13301,53.3,9901,88,NULL,NULL,2816,12,59,7,3.9,15,13.8,24,40.1,46,60.4,62,16.9,5,2012
183974,Centenary College,Hackettstown,New Jersey,4-year,Private not-for-profit,Masters Colleges and Universities--medium programs,1708,94.3,1814,62,956,17,14697,55,NULL,NULL,56,71,56.7,53,27.4,28,70.9,38,32.3,21,275
184180,County College of Morris,Randolph,New Jersey,2-year,Public,Associates--Public Suburban-serving Single Campus,8447,53.9,6427,76,NULL,NULL,4672,73,602,43,22.3,87,22.3,57,26.6,15,71.7,93,30.4,43,1639
184205,Cumberland County College,Vineland,New Jersey,2-year,Public,Associates--Public Rural-serving Medium,3919,59.6,2898,45,NULL,NULL,3595,34,1312,65,20.9,86,20.9,53,54.5,80,65.1,81,15.4,3,820
184348,Drew University,Madison,New Jersey,4-year,Private not-for-profit,Baccalaureate Colleges--Arts & Sciences,1493,96,1750,60,1109,67,25398,90,78215,84,64.8,81,68.8,76,29.3,32,75.7,51,60.2,60,452
184481,Essex County College,Newark,New Jersey,2-year,Public,Associates--Public Urban-serving Multicampus,12175,52.5,9595,87,NULL,NULL,4923,80,NULL,NULL,1.1,1,7.8,5,58.7,86,58,51,15.7,4,2646
184603,Fairleigh Dickinson University,Teaneck,New Jersey,4-year,Private not-for-profit,Masters Colleges and Universities--larger programs,6108,44.6,3879,88,985,24,19747,78,4502,15,32,33,47.3,35,25.3,24,72.1,41,25.7,13,366
184612,Felician College,Lodi,New Jersey,4-year,Private not-for-profit,Masters Colleges and Universities--smaller programs,1621,82.7,1568,55,877,5,17553,70,2755,9,24.5,19,45.9,33,47,71,75.9,52,54.5,52,294
184694,"Fairleigh-Dickinson University, Florham-Madison Campus",Madison,New Jersey,4-year,Private not-for-profit,Masters Colleges and Universities--larger programs,2274,93.1,2312,72,1020,36,21683,85,7062,24,40.4,46,54,48,32.7,39,73.1,44,36.2,27,485
184773,Georgian Court University,Lakewood,New Jersey,4-year,Private not-for-profit,Masters Colleges and Universities--larger programs,1567,80.5,1352,48,900,7,15683,60,25173,60,25.2,21,51.3,42,42.7,62,71.2,38,44.2,38,226
184782,Rowan University,Glassboro,New Jersey,4-year,Public,Masters Colleges and Universities--larger programs,10951,85.4,9639,65,1120,80,5840,44,10331,78,45.8,87,69.8,89,30.1,25,84.1,81,39.5,14,1226
184791,Gloucester County College,Sewell,New Jersey,2-year,Public,Associates--Public Suburban-serving Single Campus,6720,60,5490,71,NULL,NULL,4206,58,379,34,10.9,57,22,56,34,30,63.7,77,21.3,14,1557
184959,Eastwick College,Ramsey,New Jersey,2-year,Private for-profit,Associates--Private For-profit,1034,45.9,1046,81,NULL,NULL,3655,18,NULL,NULL,42.6,55,58.4,43,50.1,19,75.2,71,30.3,35,296
184995,Hudson County Community College,Jersey City,New Jersey,2-year,Public,Associates--Public Urban-serving Single Campus,9036,67.1,6659,77,NULL,NULL,4514,68,NULL,NULL,2.6,7,8.9,7,62.8,91,51.8,24,12.7,2,2636
185129,New Jersey City University,Jersey City,New Jersey,4-year,Public,Masters Colleges and Universities--larger programs,6437,74.2,5702,46,916,11,7258,74,973,10,4.9,3,31.7,19,56.1,90,69.5,36,31.6,6,649
185262,Kean University,Union,New Jersey,4-year,Public,Masters Colleges and Universities--larger programs,12078,76.6,11076,71,905,10,6286,56,1059,12,18.9,41,46.2,50,40.9,59,73.6,48,26,4,1447
185509,Mercer County Community College,West Windsor,New Jersey,2-year,Public,Associates--Public Rural-serving Large,8501,36.4,5728,72,NULL,NULL,3285,24,1442,67,4.9,22,12.5,18,22.1,7,61.3,67,14.9,3,1423
185536,Middlesex County College,Edison,New Jersey,2-year,Public,Associates--Public Suburban-serving Single Campus,12602,52.8,9849,88,NULL,NULL,4953,80,1012,58,3.3,11,13.7,24,38.5,42,64.1,78,15.4,3,2121
185572,Monmouth University,West Long Branch,New Jersey,4-year,Private not-for-profit,Masters Colleges and Universities--larger programs,4607,93.4,4820,92,1063,53,23450,88,11156,37,41.6,48,60.8,61,26.6,27,79.5,63,46.8,42,944
185590,Montclair State University,Montclair,New Jersey,4-year,Public,Masters Colleges and Universities--larger programs,15431,86.6,13857,77,970,26,6094,50,2233,29,34.4,75,63.4,80,37.3,45,85.6,84,34.6,9,2068
185828,New Jersey Institute of Technology,Newark,New Jersey,4-year,Public,Research Universities--high research activity,7317,78,8038,58,1142,83,11615,96,7963,71,23.4,54,57.7,74,39,52,86,85,65.2,55,730
185873,Ocean County College,Toms River,New Jersey,2-year,Public,Associates--Public Suburban-serving Single Campus,9477,54.2,7471,81,NULL,NULL,4343,63,697,48,12.8,65,28.5,77,28.7,18,67.9,87,20,11,1931
186034,Passaic County Community College,Paterson,New Jersey,2-year,Public,Associates--Public Suburban-serving Single Campus,9129,36.9,6351,76,NULL,NULL,3454,30,12,2,2.3,5,11.1,13,55.9,81,60.4,62,18.5,8,784
186131,Princeton University,Princeton,New Jersey,4-year,Private not-for-profit,Research Universities--very high research activity,5323,98.5,5341,93,1495,99,37160,99,2320421,100,87.8,98,96.9,99,12.2,2,97.6,98,84.8,87,1243
186186,Rabbinical College of America,Morristown,New Jersey,4-year,Private not-for-profit,Theological seminaries- Bible colleges- and other faith-related institutions,239,100,231,9,NULL,NULL,8735,23,NULL,NULL,0,0,16,3,39,54,56,11,88.2,90,25
186201,Ramapo College of New Jersey,Mahwah,New Jersey,4-year,Public,Masters Colleges and Universities--medium programs,5614,88.9,5753,47,1096,74,9017,89,2215,29,58.7,95,72.8,92,25,14,86.7,86,48.5,25,898
186283,Rider University,Lawrenceville,New Jersey,4-year,Private not-for-profit,Masters Colleges and Universities--larger programs,4425,85.7,4213,90,1038,43,16727,66,11560,38,55.3,70,65.8,71,26.2,26,78.9,61,45.7,40,990
186371,Rutgers University at Camden,Camden,New Jersey,4-year,Public,Masters Colleges and Universities--medium programs,4842,81.4,4322,36,1035,56,8464,85,12564,84,26.7,62,55.5,70,43.3,67,77.3,61,50.1,28,375
186380,Rutgers University at New Brunswick,New Brunswick,New Jersey,4-year,Public,Research Universities--very high research activity,33901,93.7,33056,98,1210,92,10654,94,12376,83,57.1,94,79.4,95,31.1,27,90.9,94,60.5,45,5296
186399,Rutgers University at Newark,Newark,New Jersey,4-year,Public,Research Universities--high research activity,7217,80.7,7292,55,1059,63,9830,93,13352,85,32.3,72,67.5,87,46.4,75,74.2,51,58.3,41,978
186432,Saint Peter's College,Jersey City,New Jersey,4-year,Private not-for-profit,Masters Colleges and Universities--larger programs,2484,83.3,2133,69,913,8,21233,83,10939,36,33.6,35,53.3,47,52,79,74.4,47,43.4,37,557
186469,Salem Community College,Carneys Point,New Jersey,2-year,Public,Associates--Public Suburban-serving Single Campus,1240,58.5,1014,11,NULL,NULL,4244,59,1834,74,15,71,24.9,67,43.2,54,59.2,57,16.4,5,233
186584,Seton Hall University,South Orange,New Jersey,4-year,Private not-for-profit,Doctoral/Research Universities,5839,92.1,5418,93,1121,70,20074,79,27638,63,50.2,62,64.1,68,29.1,31,83.1,73,48.2,45,1256
186618,College of Saint Elizabeth,Morristown,New Jersey,4-year,Private not-for-profit,Masters Colleges and Universities--larger programs,987,56.1,741,27,855,3,26651,93,17060,49,41.2,47,55.6,51,37.7,51,67.8,29,33.2,22,160
186645,Raritan Valley Community College,Branchburg,New Jersey,2-year,Public,Associates--Public Suburban-serving Single Campus,8405,42.8,5735,73,NULL,NULL,3805,43,152,13,19.3,82,19.3,46,22.6,8,76.6,97,25.4,27,1300
186867,Stevens Institute of Technology,Hoboken,New Jersey,4-year,Private not-for-profit,Research Universities--high research activity,2691,98.9,2694,79,1305,91,22051,85,37693,70,44.5,53,78.6,87,21.7,17,96.3,96,63.7,65,519
186876,Richard Stockton College of New Jersey,Galloway,New Jersey,4-year,Public,Masters Colleges and Universities--medium programs,7539,92.2,7880,57,1068,64,7950,82,2730,36,42.2,85,65.5,82,35.6,41,86.8,87,48,24,794
187134,College of New Jersey,Ewing,New Jersey,4-year,Public,Masters Colleges and Universities--larger programs,6653,97,7020,54,1235,94,8127,83,3480,43,72.5,99,84.4,98,18,4,93.5,97,42.3,17,1297
187198,Union County College,Cranford,New Jersey,2-year,Public,Associates--Public Suburban-serving Multicampus,11969,47.7,9148,86,NULL,NULL,5200,84,1363,66,6.8,34,6.8,2,43.4,54,63,74,32,48,2181
187444,William Paterson University,Wayne,New Jersey,4-year,Public,Masters Colleges and Universities--larger programs,10027,82.5,9370,64,1010,43,7335,75,690,7,16.2,33,50.1,58,39.6,55,74.8,53,32.8,7,1299
187532,Central New Mexico Community College,Albuquerque,New Mexico,2-year,Public,Associates--Public Urban-serving Multicampus,28891,33,19398,98,NULL,NULL,4708,74,287,28,3.7,13,10.6,12,41.1,48,60.4,62,30.1,42,2277
187596,Navajo Technical College,Crownpoint,New Mexico,4-year,Public,Tribal Colleges,1956,65,1364,8,NULL,NULL,5293,33,299,5,NULL,NULL,NULL,NULL,65.7,96,44.4,1,38.4,13,NULL
187620,New Mexico State University Dona Ana Community College,Las Cruces,New Mexico,2-year,Public,Associates--Public 2-year colleges under 4-year universities,8837,47.5,5640,72,NULL,NULL,5248,85,64,7,10,52,12.2,17,54.5,80,57.4,48,27.7,34,1115
187639,Clovis Community College,Clovis,New Mexico,2-year,Public,Associates--Public Rural-serving Medium,3596,25.2,1715,25,NULL,NULL,3377,27,265,26,5,24,9,7,37.2,38,56.1,43,36.4,61,199
187648,Eastern New Mexico University,Portales,New Mexico,4-year,Public,Masters Colleges and Universities--smaller programs,4567,60.4,3694,32,932,14,5394,35,4320,51,12.3,20,28.6,13,41,60,58.1,9,51,30,546
187666,Eastern New Mexico University at Roswell,Roswell,New Mexico,2-year,Public,Associates--Public 2-year colleges under 4-year universities,3883,29.7,2212,35,NULL,NULL,3813,43,260,26,15.7,73,19.9,49,29.1,19,56.1,43,33.3,52,503
187745,Institute of American Indian and Alaska Native Culture and Arts Development,Santa Fe,New Mexico,4-year,Public,Tribal Colleges,392,41.6,251,0,NULL,NULL,8335,84,19406,89,0,0,27.3,12,39.4,54,69.2,35,33.9,8,11
187897,New Mexico Highlands University,Las Vegas,New Mexico,4-year,Public,Masters Colleges and Universities--larger programs,2396,68.7,1934,15,NULL,NULL,5181,30,962,10,8.6,11,18.4,4,56.5,90,47.2,2,52.1,31,347
187903,New Mexico Junior College,Hobbs,New Mexico,2-year,Public,Associates--Public Rural-serving Medium,2320,40.5,1753,26,NULL,NULL,2801,12,3559,89,18.4,81,18.4,43,19.2,5,68.9,89,40.9,70,244
187912,New Mexico Military Institute,Roswell,New Mexico,2-year,Public,Associates--Public Special Use,470,100,532,4,967,79,7279,98,812062,100,42.5,97,42.5,95,30.8,22,37.7,2,98.8,99,327
187958,University of New Mexico - Gallup,Gallup,New Mexico,2-year,Public,Associates--Public 2-year colleges under 4-year universities,2675,46.8,1878,29,NULL,NULL,5269,85,NULL,NULL,2.7,8,7.3,4,65.2,93,60.5,63,46,79,413
187967,New Mexico Institute of Mining and Technology,Socorro,New Mexico,4-year,Public,Masters Colleges and Universities--medium programs,1604,88.4,1439,9,1200,91,6834,66,16052,87,18.8,40,44.2,45,29.5,23,76.6,59,61.8,47,240
187976,University of New Mexico at Los Alamos,Los Alamos,New Mexico,2-year,Public,Associates--Public 2-year colleges under 4-year universities,744,25.7,365,3,NULL,NULL,3720,39,NULL,NULL,3.5,12,7.1,3,30,21,60,60,2.3,0,85
187985,University of New Mexico,Albuquerque,New Mexico,4-year,Public,Research Universities--very high research activity,22416,76.2,19337,87,1038,57,6034,49,15249,86,14.6,27,47.6,52,38.5,50,77.7,63,57.3,40,2850
187994,New Mexico State University at Alamogordo,Alamogordo,New Mexico,2-year,Public,Associates--Public 2-year colleges under 4-year universities,2458,35.6,1767,27,NULL,NULL,5010,82,99,10,1.2,1,9.2,8,52.6,77,50,19,36.4,61,251
188003,New Mexico State University at Carlsbad,Carlsbad,New Mexico,2-year,Public,Associates--Public 2-year colleges under 4-year universities,1861,28.7,1011,11,NULL,NULL,4658,72,141,12,0.5,0,3.5,0,36.6,37,47.6,11,45.8,78,199
188021,New Mexico State University at Grants,Grants,New Mexico,2-year,Public,Associates--Public 2-year colleges under 4-year universities,970,33.9,618,5,NULL,NULL,5273,85,171,16,6.2,32,15.9,32,57.1,83,49.5,17,25.4,27,113
188030,New Mexico State University at Las Cruces,Las Cruces,New Mexico,4-year,Public,Research Universities--high research activity,13582,83.2,12364,74,982,30,8284,84,6784,67,15.6,31,43.3,43,43.4,67,74,50,74.6,75,2105
188049,University of New Mexico-Valencia,Los Lunas,New Mexico,2-year,Public,Associates--Public 2-year colleges under 4-year universities,2245,44.5,1493,21,NULL,NULL,4936,80,NULL,NULL,2.3,5,8.4,6,58.3,86,54.9,37,28.7,37,345
188058,Northern New Mexico College,Espanola,New Mexico,4-year,Public,Baccalaureate/Associates Colleges,1653,49.7,1208,6,NULL,NULL,4992,25,2436,32,0,0,0,0,57.7,91,51.2,3,47.1,22,5
188100,San Juan College,Farmington,New Mexico,2-year,Public,Associates--Public Rural-serving Large,8938,33,5112,68,NULL,NULL,4419,66,3710,90,7.5,39,12.6,19,29.8,20,55.5,40,37.7,64,770
188137,Santa Fe Community College (N.M.),Santa Fe,New Mexico,2-year,Public,Associates--Public Rural-serving Large,6265,28.3,3047,47,NULL,NULL,6745,95,NULL,NULL,2.8,9,8.6,6,35.4,33,60.8,65,20.5,12,360
188146,Santa Fe University of Art and Design,Santa Fe,New Mexico,4-year,Private for-profit,Schools of art- music- and design,826,99.2,570,47,998,56,18355,100,NULL,NULL,16.9,43,24.1,45,42.3,7,78.3,82,23.2,62,166
188182,University of the Southwest,Hobbs,New Mexico,4-year,Private not-for-profit,Baccalaureate Colleges--Diverse Fields,318,63.2,270,11,NULL,NULL,13763,50,9412,32,6.2,3,14.1,2,55.4,83,40,2,33.3,22,64
188216,Southwestern Indian Polytechnic Institute,Albuquerque,New Mexico,2-year,Public,Tribal Colleges,530,87.5,537,4,NULL,NULL,4651,72,NULL,NULL,2,3,7.2,3,58.6,86,41.8,4,100,99,153
188225,University of New Mexico at Taos,Ranchos de Taos,New Mexico,2-year,Public,Associates--Public 2-year colleges under 4-year universities,1802,29,967,10,NULL,NULL,5126,83,NULL,NULL,2.1,4,3.4,0,45.5,59,49.6,17,10.9,1,146
188261,Mesalands Community College,Tucumcari,New Mexico,2-year,Public,Associates--Public Rural-serving Small,697,33.1,609,5,NULL,NULL,4228,59,1031,59,24.1,89,32.3,86,37.6,40,46.7,10,31.2,46,133
188304,Western New Mexico University,Silver City,New Mexico,4-year,Public,Masters Colleges and Universities--medium programs,2849,53,2002,16,NULL,NULL,2895,1,5247,59,12.2,20,16.8,3,46.7,76,54.8,6,43.5,18,197
188340,Vaughn College of Aeronautics and Technology,Flushing,New York,4-year,Private not-for-profit,Baccalaureate/Associates Colleges,1724,75.9,1769,61,NULL,NULL,15836,62,1722,6,48.1,59,55.6,51,65.1,90,76.7,54,20.7,8,27
188429,Adelphi University,Garden City,New York,4-year,Private not-for-profit,Doctoral/Research Universities,5040,89.9,4765,92,1098,64,13612,49,20248,54,52.5,66,62.5,65,29.5,32,81.1,67,31.2,20,883
188438,Adirondack Community College,Queensbury,New York,2-year,Public,Associates--Public Rural-serving Medium,4230,61.2,2826,45,NULL,NULL,4312,62,371,34,8.9,48,19.3,46,39.8,45,62.8,73,31.6,47,799
188465,Globe Institute of Technology,New York,New York,4-year,Private for-profit,Schools of business and management,557,95.5,810,64,NULL,NULL,9785,98,NULL,NULL,16,40,16,24,69.1,51,60,58,25.9,68,25
188517,Bryant & Stratton College at Albany,Albany,New York,4-year,Private for-profit,Associates--Private For-profit,580,59.7,839,66,NULL,NULL,5239,78,NULL,NULL,NULL,NULL,NULL,NULL,80.6,88,100,91,18.2,49,NULL
188526,Albany College of Pharmacy and Health Sciences,Albany,New York,4-year,Private not-for-profit,Other health professions schools,1078,98.2,1067,38,1195,83,9499,27,13811,43,72.3,88,72.3,80,22.1,18,81,67,73.9,77,264
188641,Alfred University,Alfred,New York,4-year,Private not-for-profit,Masters Colleges and Universities--larger programs,1960,97.4,1949,65,1106,67,16212,63,38886,71,44.6,53,62.2,64,38,52,74.6,48,82.8,85,518
188678,American Academy of Dramatic Arts,New York,New York,2-year,Private not-for-profit,Associates--Private Not-for-profit,216,100,220,33,NULL,NULL,8623,90,30867,84,49.3,54,49.3,42,39.8,22,70.5,62,27.6,24,71
188687,American Academy McAllister Institute of Funeral Service,New York,New York,2-year,Private not-for-profit,Associates--Private Not-for-profit,408,24.5,347,58,NULL,NULL,3823,36,NULL,NULL,28.6,26,28.6,18,34.1,12,37,6,0,0,35
188854,American Musical and Dramatic Academy,New York,New York,4-year,Private not-for-profit,Schools of art- music- and design,1365,100,1643,58,NULL,NULL,10037,29,NULL,NULL,NULL,NULL,NULL,NULL,41.8,60,83.1,73,3.3,0,NULL
189088,Bard College,Annandale-On-Hudson,New York,4-year,Private not-for-profit,Baccalaureate Colleges--Arts & Sciences,2014,95.1,2820,80,NULL,NULL,30982,96,51449,78,60.2,77,73.9,82,19,12,87.5,82,57.6,56,490
189097,Barnard College,New York,New York,4-year,Private not-for-profit,Baccalaureate Colleges--Arts & Sciences,2489,99,2425,74,1340,93,33484,98,99262,87,81.9,94,89.7,95,18.4,11,97.6,98,60.6,61,551
189228,Berkeley College New York City Campus,New York,New York,4-year,Private for-profit,Schools of business and management,4596,88.3,5189,96,NULL,NULL,9821,99,NULL,NULL,22.5,55,29.2,58,63.4,36,57.7,55,29.7,75,568
189282,Phillips Beth Israel School of Nursing,New York,New York,2-year,Private not-for-profit,Associates--Private Not-for-profit,269,8.9,210,30,NULL,NULL,9472,96,1953,20,100,97,100,97,21.6,1,100,92,25,21,1
189413,Boricua College,New York,New York,4-year,Private not-for-profit,Baccalaureate Colleges--Diverse Fields,1050,100,753,28,NULL,NULL,4478,7,787,3,29.1,27,34,13,86.3,98,48.7,5,45.4,40,103
189422,Bramson ORT College,Forest Hills,New York,2-year,Private not-for-profit,Associates--Private Not-for-profit,796,79.8,1070,94,NULL,NULL,4825,54,NULL,NULL,26.1,21,36.7,34,91.2,93,55.4,34,51.2,48,245
189459,Briarcliffe College,Bethpage,New York,4-year,Private for-profit,Baccalaureate/Associates Colleges,1886,77.4,2134,89,NULL,NULL,7009,94,NULL,NULL,11.8,27,23.5,44,66.6,43,59.3,57,14,36,51
189547,Broome Community College,Binghamton,New York,2-year,Public,Associates--Public Rural-serving Large,5894,71.1,4969,67,NULL,NULL,4536,69,2613,83,11.8,61,26.5,71,48.3,66,58.9,56,38.1,65,1548
189556,Bryant & Stratton College at Amherst,Getzville,New York,4-year,Private for-profit,Baccalaureate/Associates Colleges,413,59.6,503,39,NULL,NULL,5025,73,NULL,NULL,NULL,NULL,NULL,NULL,73.3,67,NULL,NULL,18.8,50,NULL
189565,Bryant & Stratton College at Liverpool,Liverpool,New York,4-year,Private for-profit,Associates--Private For-profit,452,65.3,481,37,NULL,NULL,5796,87,NULL,NULL,NULL,NULL,NULL,NULL,74.8,72,NULL,NULL,28,72,NULL
189574,Bryant & Stratton College at Syracuse,Syracuse,New York,2-year,Private for-profit,Associates--Private For-profit,522,75.1,865,75,NULL,NULL,6797,93,NULL,NULL,15.1,17,20.5,4,84.9,81,35.8,5,24.3,25,166
189583,Bryant & Stratton College at Buffalo,Buffalo,New York,4-year,Private for-profit,Associates--Private For-profit 4-year Primarily Associates,740,60.7,985,71,NULL,NULL,5370,81,NULL,NULL,NULL,NULL,NULL,NULL,88.6,98,NULL,NULL,24,64,NULL
189592,Bryant & Stratton College at Rochester,Rochester,New York,4-year,Private for-profit,Associates--Private For-profit,389,68.9,497,39,NULL,NULL,5808,87,NULL,NULL,NULL,NULL,NULL,NULL,75.2,73,NULL,NULL,3.8,3,NULL
189653,Business Informatics Center,Valley Stream,New York,2-year,Private for-profit,Associates--Private For-profit,56,51.8,53,0,NULL,NULL,5578,84,NULL,NULL,20,21,20,3,65.8,42,100,100,25,26,5
189705,Canisius College,Buffalo,New York,4-year,Private not-for-profit,Masters Colleges and Universities--larger programs,3084,91.6,3036,83,1101,65,21200,83,21589,56,57.8,74,67.5,74,30.1,33,80.2,64,46.5,42,846
189811,Saint Paul's School of Nursing,Rego Park,New York,2-year,Private for-profit,Associates--Private For-profit,592,48.5,705,67,NULL,NULL,5284,79,NULL,NULL,40.1,51,63.8,58,50.8,21,100,100,28.6,33,152
189839,Cayuga Community College,Auburn,New York,2-year,Public,Associates--Public Suburban-serving Single Campus,4410,50.7,3141,48,NULL,NULL,5328,86,3900,91,10.1,53,22.2,57,44.2,56,55.6,40,22.4,17,704
189848,Cazenovia College,Cazenovia,New York,4-year,Private not-for-profit,Baccalaureate Colleges--Diverse Fields,1077,87,1093,39,NULL,NULL,20685,81,26373,61,52.5,66,58.8,58,44.4,65,72,41,100,95,320
189857,Central Yeshiva Tomchei Tmimim Lubavitch America,Brooklyn,New York,4-year,Private not-for-profit,Theological seminaries- Bible colleges- and other faith-related institutions,650,100,645,24,NULL,NULL,6589,15,NULL,NULL,0,0,9.9,1,77.8,95,67.9,30,66.7,70,111
190044,Clarkson University,Potsdam,New York,4-year,Private not-for-profit,Research Universities--high research activity,3110,99.2,3057,83,1187,82,26104,92,47891,77,61.3,78,72.9,81,28.1,29,87,81,87.2,89,682
190053,Clinton Community College (N.Y.),Plattsburgh,New York,2-year,Public,Associates--Public Rural-serving Medium,1990,54.9,1485,21,NULL,NULL,4593,71,NULL,NULL,7,36,18.1,41,37.1,38,53.1,29,43.2,74,443
190099,Colgate University,Hamilton,New York,4-year,Private not-for-profit,Baccalaureate Colleges--Arts & Sciences,2890,99.3,2859,81,1370,95,36202,99,264911,95,86.6,97,90.9,96,11.5,2,93.1,92,96.5,94,744
190114,Metropolitan College of New York,New York,New York,4-year,Private not-for-profit,Masters Colleges and Universities--larger programs,911,93.4,1145,41,NULL,NULL,7903,20,415,2,17.7,11,19.4,5,77.4,95,52.2,8,10.1,2,62
190150,Columbia University,New York,New York,4-year,Private not-for-profit,Research Universities--very high research activity,7970,92.5,8214,97,1471,99,33348,97,316753,96,85.6,96,93.3,98,21.5,17,97.3,97,76.7,80,1371
190169,Columbia-Greene Community College,Hudson,New York,2-year,Public,Associates--Public Rural-serving Small,2118,45.5,1382,18,NULL,NULL,4289,61,NULL,NULL,16.1,75,30.8,83,40.9,47,62.1,70,37.6,63,360
190248,Concordia College (N.Y.),Bronxville,New York,4-year,Private not-for-profit,Baccalaureate Colleges--Diverse Fields,887,91.5,816,30,912,8,13252,47,10341,34,27.6,24,39.4,21,51.8,79,68.5,31,35.7,26,127
190372,Cooper Union for the Advancement of Science and Art,New York,New York,4-year,Private not-for-profit,Baccalaureate Colleges--Diverse Fields,868,99.4,895,32,1358,94,39802,100,704474,99,67.7,85,81.6,89,17.7,10,95.6,95,26.3,14,217
190415,Cornell University,Ithaca,New York,4-year,Private not-for-profit,Research Universities--very high research activity,14393,99.9,14768,99,1422,97,32063,97,193396,93,86.6,97,93.3,98,16.4,8,96.8,97,90.3,92,3005
190442,Corning Community College,Corning,New York,2-year,Public,Associates--Public Rural-serving Medium,4929,48.2,3036,47,NULL,NULL,4382,65,176,17,13.5,67,25.5,69,37.8,41,57.7,50,37.7,64,813
190451,Crouse Hospital School of Nursing,Syracuse,New York,2-year,Private not-for-profit,Associates--Private Not-for-profit,336,44.6,255,45,NULL,NULL,1360,6,NULL,NULL,54.2,61,75,78,34.7,13,80,80,80.8,79,24
190503,Culinary Institute of America,Hyde Park,New York,4-year,Private not-for-profit,Other special-focus institutions,2814,100,3869,87,NULL,NULL,7644,19,29757,65,NULL,NULL,NULL,NULL,25.7,24,NULL,NULL,77.7,81,NULL
190512,City University of New York Bernard M. Baruch College,New York,New York,4-year,Public,Masters Colleges and Universities--larger programs,14082,73.8,12741,75,1225,93,6607,61,9000,75,39.3,81,66.9,86,45,71,87.6,89,46.2,20,1470
190521,City University of New York Borough of Manhattan Community College,New York,New York,2-year,Public,Associates--Public Urban-serving Multicampus,24186,65.7,19551,98,NULL,NULL,5267,85,268,26,3,10,15,28,69.2,95,64.1,78,36.9,62,4425
190530,Bronx Community College of City University of New York,Bronx,New York,2-year,Public,Associates--Public Urban-serving Multicampus,11368,58,8313,84,NULL,NULL,4974,81,40,6,1.9,3,11.3,14,72.6,97,58.1,51,42.3,72,1661
190549,City University of New York Brooklyn College,Brooklyn,New York,4-year,Public,Masters Colleges and Universities--larger programs,13596,70.2,11157,71,1100,75,6313,57,5346,59,24,55,51.2,61,48.2,79,86.4,85,45.1,19,1272
190558,City University of New York College of Staten Island,Staten Island,New York,4-year,Public,Masters Colleges and Universities--larger programs,13465,72.7,11120,71,1000,38,6180,53,433,5,27.1,64,50.8,60,44.6,70,82.9,78,34.5,9,451
190567,City College of City University of New York,New York,New York,4-year,Public,Masters Colleges and Universities--larger programs,12501,74.2,10578,69,1110,78,6643,63,17183,88,9.4,13,42,38,50.7,84,87.5,89,40.3,15,1771
190585,Hostos Community College of the City University of New York,Bronx,New York,2-year,Public,Associates--Public Urban-serving Multicampus,7006,57.5,4764,65,NULL,NULL,5067,83,192,19,2,3,11.9,15,68,95,67.2,86,41.9,71,1020
190594,Hunter College of the City University of New York,New York,New York,4-year,Public,Masters Colleges and Universities--larger programs,16689,70.4,13860,77,1160,86,6270,56,4005,49,21.7,49,50.4,58,41,60,86.7,86,36.9,11,1854
190600,City University of New York John Jay College of Criminal Justice,New York,New York,4-year,Public,Masters Colleges and Universities--larger programs,13217,78.5,10903,70,950,19,6593,61,483,6,25.3,60,43.4,43,54.5,88,77.9,63,38.4,13,1280
190619,City University of New York Kingsborough Community College,Brooklyn,New York,2-year,Public,Associates--Public Urban-serving Multicampus,18634,57.6,13402,94,NULL,NULL,5215,84,78,8,7.4,38,18.7,44,48.8,67,66.7,84,33.2,51,2684
190628,La Guardia Community College of City University of New York,Long Island City,New York,2-year,Public,Associates--Public Urban-serving Single Campus,19564,53.4,14398,95,NULL,NULL,4545,69,178,17,4.9,22,16.7,35,48.3,66,63.8,77,31.3,46,2811
190637,Herbert H. Lehman College of City University of New York,Bronx,New York,4-year,Public,Masters Colleges and Universities--larger programs,9886,57.1,7273,54,1020,48,6106,51,821,9,14.8,29,37,28,52.3,86,81.5,73,47.7,23,874
190646,City University of New York Medgar Evers College,Brooklyn,New York,4-year,Public,Baccalaureate/Associates Colleges,6477,65.9,5096,42,838,1,5945,46,81,2,5.3,4,14.7,2,61.6,94,64.7,20,66.7,57,225
190655,New York City College of Technology/City University of New York,Brooklyn,New York,4-year,Public,Baccalaureate/Associates Colleges,16860,61.2,12303,74,936,15,6014,48,1018,11,3.4,1,25.2,9,58.4,92,76.6,59,39.4,14,119
190664,City University of New York Queens College,Flushing,New York,4-year,Public,Masters Colleges and Universities--larger programs,15351,70.2,13533,76,1100,75,6183,54,2768,37,25.1,59,56.4,72,38.1,48,84.4,82,40.4,15,1755
190673,City University of New York Queensborough Community College,Bayside,New York,2-year,Public,Associates--Public Urban-serving Multicampus,16291,59.1,11931,92,NULL,NULL,5569,88,745,49,4.7,20,18.5,43,47.2,64,70.9,92,40.1,69,2912
190691,City University of New York York College,Jamaica,New York,4-year,Public,Baccalaureate Colleges--Diverse Fields,8261,62.4,6274,50,905,10,6359,58,110,2,5.2,4,26.2,11,54,87,74.1,51,36.3,11,970
190716,D'Youville College,Buffalo,New York,4-year,Private not-for-profit,Masters Colleges and Universities--larger programs,2023,79.8,1929,65,1047,47,9950,28,12120,39,19.2,13,41.1,24,35.6,46,78.8,60,59.3,59,214
190725,Daemen College,Amherst,New York,4-year,Private not-for-profit,Masters Colleges and Universities--larger programs,2156,79.8,1862,63,NULL,NULL,14261,53,3367,11,27.4,24,49.3,39,33.9,42,73.5,45,48.9,45,361
190761,Dominican College of Blauvelt,Orangeburg,New York,4-year,Private not-for-profit,Masters Colleges and Universities--smaller programs,1527,83.8,1486,52,899,6,10314,30,657,3,21.1,15,35.6,15,43.4,63,66.9,27,31.8,21,331
190770,Dowling College,Oakdale,New York,4-year,Private not-for-profit,Masters Colleges and Universities--larger programs,2314,62.9,1894,64,NULL,NULL,13448,48,827,3,18.5,12,34.1,13,30.2,34,62,18,21.4,9,449
190840,Dutchess Community College,Poughkeepsie,New York,2-year,Public,Associates--Public Rural-serving Large,10232,47.8,6554,77,NULL,NULL,4469,67,1139,61,11.3,59,23.9,63,24.7,11,59.5,59,20.5,12,1979
190956,Ellis Hospital School of Nursing,Schenectady,New York,2-year,Private not-for-profit,Associates--Private Not-for-profit,123,30.9,98,12,NULL,NULL,3114,13,1164,12,0,0,20,12,51.9,40,100,92,56.5,60,5
190974,Elmira Business Institute Elmira,Elmira,New York,2-year,Private for-profit,Associates--Private For-profit,431,80.3,326,32,NULL,NULL,2199,3,NULL,NULL,16.9,19,27.1,8,96.7,98,38.1,7,31.1,35,118
190983,Elmira College,Elmira,New York,4-year,Private not-for-profit,Baccalaureate Colleges--Diverse Fields,1408,84.4,1406,50,1060,52,24287,89,25291,60,60.2,77,62.7,66,34.8,44,73.6,46,55.7,54,332
191083,Erie Community College City Campus,Buffalo,New York,2-year,Public,Associates--Public Urban-serving Multicampus,13649,66.2,11035,90,NULL,NULL,4730,74,169,16,7.2,37,23.7,62,43.2,54,53.1,29,38.2,66,2777
191126,Fashion Institute of Technology,New York,New York,4-year,Public,Masters Colleges and Universities--smaller programs,9566,75.9,8896,62,NULL,NULL,5115,29,3499,44,NULL,NULL,NULL,NULL,23.8,12,88.4,90,25.4,3,NULL
191199,Finger Lakes Community College,Canandaigua,New York,2-year,Public,Associates--Public Suburban-serving Single Campus,6389,53.3,4732,64,NULL,NULL,4481,67,196,20,15,71,26.5,71,41.1,48,48.9,15,29.1,39,1472
191205,Five Towns College,Dix Hills,New York,4-year,Private for-profit,Baccalaureate Colleges--Diverse Fields,760,95,849,66,894,11,7706,96,NULL,NULL,30,71,36.7,75,42.2,7,66.7,68,23.7,63,120
191241,Fordham University,Bronx,New York,4-year,Private not-for-profit,Research Universities--high research activity,8345,92.2,8348,97,1258,89,20454,80,39837,72,76,91,80.5,89,20.4,15,90.5,88,47.2,43,1760
191302,Fulton-Montgomery Community College,Johnstown,New York,2-year,Public,Associates--Public Rural-serving Medium,2781,62,2043,32,NULL,NULL,4662,72,1025,58,18.1,80,27,73,51.2,74,55.4,39,43,74,675
191339,Genesee Community College,Batavia,New York,2-year,Public,Associates--Public Rural-serving Medium,7079,47,4290,60,NULL,NULL,4827,76,624,45,13.2,66,23.7,62,36.8,37,52.8,28,26,29,1274
191515,Hamilton College (N.Y.),Clinton,New York,4-year,Private not-for-profit,Baccalaureate Colleges--Arts & Sciences,1926,98.9,1855,63,1384,95,33294,97,417158,97,89.5,99,92.9,97,13.7,4,94,93,88.6,90,468
191533,Hartwick College,Oneonta,New York,4-year,Private not-for-profit,Baccalaureate Colleges--Arts & Sciences,1618,97.6,1545,54,1126,72,22813,87,40691,72,53.8,68,57.1,54,32.3,39,71.7,40,55.4,54,452
191597,Helene Fuld College of Nursing,New York,New York,4-year,Private not-for-profit,Associates--Private Not-for-profit,396,55.6,317,12,NULL,NULL,902,0,2808,9,NULL,NULL,NULL,NULL,43.5,64,NULL,NULL,23.2,11,NULL
191612,Herkimer County Community College,Herkimer,New York,2-year,Public,Associates--Public Rural-serving Medium,3212,64.7,2774,44,NULL,NULL,4898,79,335,32,17.6,79,26.9,73,50.9,72,58.3,52,42.9,74,1092
191621,Hilbert College,Hamburg,New York,4-year,Private not-for-profit,Baccalaureate Colleges--Diverse Fields,1020,86.7,945,34,NULL,NULL,8465,22,5887,20,31.3,32,39,20,47.1,71,75,49,42.3,35,182
191630,Hobart and William Smith Colleges,Geneva,New York,4-year,Private not-for-profit,Baccalaureate Colleges--Arts & Sciences,2368,98.1,2464,75,NULL,NULL,25306,90,73420,84,74,89,79,87,18.5,11,88.2,84,87.9,89,600
191649,Hofstra University,Hempstead,New York,4-year,Private not-for-profit,Doctoral/Research Universities,6826,93.4,6950,96,1165,79,16596,65,34752,69,49.5,61,62.1,64,22.6,19,78.3,58,46.6,42,1716
191676,Houghton College,Houghton,New York,4-year,Private not-for-profit,Baccalaureate Colleges--Arts & Sciences,1081,94.6,1147,42,1113,69,23872,88,36659,70,64.8,81,73.1,81,37.6,51,87.6,83,65.2,68,264
191719,Hudson Valley Community College,Troy,New York,2-year,Public,Associates--Public Urban-serving Single Campus,12841,53.2,9346,87,NULL,NULL,3562,33,603,44,13.3,67,23.5,61,29.6,20,56.7,46,38.8,66,2660
191764,Institute of Design and Construction,Brooklyn,New York,2-year,Private not-for-profit,Associates--Private Not-for-profit,103,41.7,75,7,NULL,NULL,3799,34,NULL,NULL,0,0,6.7,5,65.4,61,47.1,17,0,0,15
191931,Iona College,New Rochelle,New York,4-year,Private not-for-profit,Masters Colleges and Universities--larger programs,3539,87.9,3094,84,1009,31,16117,63,18893,52,52.5,66,62.6,65,24.2,22,82.7,72,49.7,46,906
191959,Island Drafting and Technical Institute,Amityville,New York,2-year,Private for-profit,Associates--Private For-profit,95,100,116,4,NULL,NULL,5736,85,NULL,NULL,80,95,80,90,68.9,48,86,94,66.7,81,40
191968,Ithaca College,Ithaca,New York,4-year,Private not-for-profit,Masters Colleges and Universities--larger programs,6234,98.3,6287,94,NULL,NULL,19864,78,34570,68,69.2,85,75.8,84,19.4,13,87.5,82,66.7,70,1794
191986,Jamestown Community College,Jamestown,New York,2-year,Public,Associates--Public Rural-serving Medium,5178,53.4,3384,51,NULL,NULL,5077,83,NULL,NULL,22.3,87,33.4,87,41.9,50,60.9,66,22.6,18,1147
192004,Jamestown Business College,Jamestown,New York,4-year,Private for-profit,Associates--Private For-profit 4-year Primarily Associates,275,97.8,301,17,NULL,NULL,8416,97,NULL,NULL,NULL,NULL,NULL,NULL,79.9,86,NULL,NULL,33.3,78,NULL
192022,Jefferson Community College,Watertown,New York,2-year,Public,Associates--Public Rural-serving Medium,3931,56.8,2886,45,NULL,NULL,4368,64,1177,62,13.3,67,24.6,66,49.4,69,56.2,43,32.5,49,772
192040,Jewish Theological Seminary of America,New York,New York,4-year,Private not-for-profit,Theological seminaries- Bible colleges- and other faith-related institutions,163,95.7,202,7,1331,93,17308,68,233176,94,85,96,97.5,99,0,0,97.4,97,46.4,41,40
192110,Juilliard School,New York,New York,4-year,Private not-for-profit,Schools of art- music- and design,581,85.7,644,24,NULL,NULL,24269,89,1035226,99,82.1,94,87.7,94,14.6,6,94.4,93,40.8,33,106
192156,"Katharine Gibbs School (Melville, N.Y.)",Melville,New York,2-year,Private for-profit,Associates--Private For-profit,274,88.7,447,47,NULL,NULL,5636,84,NULL,NULL,51.4,66,58.6,44,70.6,52,60,27,24,22,70
192165,Kehilath Yakov Rabbinical Seminary,Ossining,New York,4-year,Private not-for-profit,Theological seminaries- Bible colleges- and other faith-related institutions,120,100,113,3,NULL,NULL,9459,26,NULL,NULL,0,0,76.2,85,89.2,98,95.7,95,36.4,27,21
192192,Keuka College,Keuka Park,New York,4-year,Private not-for-profit,Masters Colleges and Universities--smaller programs,1830,82.7,1594,56,NULL,NULL,10976,34,6276,21,35.8,39,48.2,37,37.1,50,72.5,43,36.1,27,274
192271,LIM College,New York,New York,4-year,Private for-profit,Schools of business and management,1513,94,1577,84,907,22,6043,90,NULL,NULL,40.9,87,45.6,83,31.3,3,73.4,78,10.7,26,281
192323,Le Moyne College,Syracuse,New York,4-year,Private not-for-profit,Masters Colleges and Universities--larger programs,2785,86.2,2540,76,1080,59,17631,70,43179,74,62.7,80,73.8,81,32.3,39,87.5,82,45.6,40,577
192439,Long Island University at Brooklyn,Brooklyn,New York,4-year,Private not-for-profit,Masters Colleges and Universities--larger programs,5006,83.8,4590,91,921,9,14037,51,5940,20,8,3,24,6,60.4,87,58.9,14,40.9,33,759
192448,Long Island University-C.W. Post Campus,Brookville,New York,4-year,Private not-for-profit,Masters Colleges and Universities--larger programs,7983,45.9,5092,93,974,21,15719,61,7258,24,21.7,16,39,20,17.5,10,71.7,40,36.9,28,1079
192509,Long Island Business Institute at Commack,Flushing,New York,2-year,Private for-profit,Associates--Private For-profit,446,69.7,633,62,NULL,NULL,4835,68,NULL,NULL,24.4,27,25.2,6,92.2,95,39.4,7,21.3,19,131
192624,Machzikei Hadath Rabbinical College,Brooklyn,New York,4-year,Private not-for-profit,Theological seminaries- Bible colleges- and other faith-related institutions,148,100,157,5,NULL,NULL,9038,25,NULL,NULL,0,0,43.5,28,78.1,95,95.8,95,80,83,23
192688,Mandl School,New York,New York,2-year,Private for-profit,Associates--Private For-profit,782,99.4,1190,85,NULL,NULL,7650,97,NULL,NULL,59.8,74,59.8,47,83.3,79,89.8,97,20.5,17,169
192703,Manhattan College,Riverdale,New York,4-year,Private not-for-profit,Masters Colleges and Universities--medium programs,3403,93.9,3240,85,1090,62,16367,64,18273,51,60.3,77,73.7,81,29,31,87.9,83,50.6,48,708
192712,Manhattan School of Music,New York,New York,4-year,Private not-for-profit,Schools of art- music- and design,377,99.7,376,15,NULL,NULL,19171,76,24972,59,64.8,81,72.1,80,15.9,8,89.5,87,17.7,6,122
192749,Manhattanville College,Purchase,New York,4-year,Private not-for-profit,Masters Colleges and Universities--larger programs,1719,93.7,1822,62,1075,57,25647,91,4845,17,53.8,68,58.3,57,34.8,44,75.2,50,33.9,23,463
192785,Maria College of Albany,Albany,New York,4-year,Private not-for-profit,Associates--Private Not-for-profit,880,21.6,613,23,874,4,3353,2,29416,65,NULL,NULL,NULL,NULL,40.5,57,75,49,31.9,21,NULL
192819,Marist College,Poughkeepsie,New York,4-year,Private not-for-profit,Masters Colleges and Universities--larger programs,5566,88.5,5017,92,NULL,NULL,11879,38,8436,28,70,86,80.4,88,16.1,8,90.4,88,39.9,32,1019
192864,Marymount Manhattan College,New York,New York,4-year,Private not-for-profit,Baccalaureate Colleges--Arts & Sciences,1833,86.9,1721,60,1052,49,11647,37,9214,31,36.6,40,44.3,29,26,25,65.9,24,100,95,470
192925,Medaille College,Buffalo,New York,4-year,Private not-for-profit,Masters Colleges and Universities--larger programs,1727,91.8,1617,56,NULL,NULL,21608,85,476,2,37.8,42,50.1,41,49.3,75,58.7,14,41.2,33,347
192961,Memorial School of Nursing,Albany,New York,2-year,Private not-for-profit,Associates--Private Not-for-profit,123,9.8,68,3,NULL,NULL,6313,76,NULL,NULL,0,0,0,0,37.2,19,66.7,54,38.9,39,2
193016,Mercy College,Dobbs Ferry,New York,4-year,Private not-for-profit,Masters Colleges and Universities--larger programs,8154,68,5991,94,NULL,NULL,9102,25,11882,39,22.9,17,34.6,14,56.5,84,70.1,35,21.7,9,485
193052,Mesivta Torah Vodaath Seminary,Brooklyn,New York,4-year,Private not-for-profit,Theological seminaries- Bible colleges- and other faith-related institutions,207,99.5,188,6,NULL,NULL,9617,27,NULL,NULL,0,0,64.7,70,38.7,53,92.9,91,62.5,64,34
193201,Mildred Elley,Albany,New York,2-year,Private for-profit,Associates--Private For-profit,904,99.4,854,75,NULL,NULL,5350,80,NULL,NULL,12,14,33.5,12,78.8,71,53,15,30.4,35,191
193247,Mirrer Yeshiva Central Institute,Brooklyn,New York,4-year,Private not-for-profit,Theological seminaries- Bible colleges- and other faith-related institutions,160,100,161,5,NULL,NULL,7838,20,NULL,NULL,0,0,9.6,1,48.6,74,76.2,53,100,95,73
193283,Mohawk Valley Community College,Utica,New York,2-year,Public,Associates--Public Rural-serving Large,7433,62.1,5693,72,NULL,NULL,5395,87,NULL,NULL,11.6,60,21.1,53,51.1,73,57.6,49,34.2,54,1624
193292,Molloy College,Rockville Centre,New York,4-year,Private not-for-profit,Masters Colleges and Universities--larger programs,3375,79.8,3352,85,1054,50,10208,29,7569,26,38.9,44,66.1,71,33.2,40,89.1,86,24.8,12,360
193308,Monroe College,Bronx,New York,4-year,Private for-profit,Masters Colleges and Universities--smaller programs,6794,72,9572,98,NULL,NULL,9735,98,NULL,NULL,6.6,11,70.5,94,77.4,79,73.6,78,70.9,96,424
193326,Monroe Community College,Rochester,New York,2-year,Public,Associates--Public Urban-serving Multicampus,16458,62.3,14295,95,NULL,NULL,4436,66,603,44,9.9,51,21.9,56,49.3,69,58.8,55,35.2,58,4081
193353,Mount Saint Mary College,Newburgh,New York,4-year,Private not-for-profit,Masters Colleges and Universities--larger programs,2203,79.1,1915,65,1006,30,11204,34,2752,9,41.2,47,52.2,44,33.4,41,69.5,34,33.3,22,364
193399,College of Mount Saint Vincent,Bronx,New York,4-year,Private not-for-profit,Masters Colleges and Universities--smaller programs,1669,89.2,1592,55,919,8,14117,52,5766,19,36.5,40,51.5,43,55.2,82,66.9,27,35.2,26,394
193478,Nassau Community College,Garden City,New York,2-year,Public,Associates--Public Suburban-serving Single Campus,23318,60.9,18552,98,NULL,NULL,4706,74,NULL,NULL,5.9,30,19.4,47,34.7,32,73.3,95,30.8,45,4922
193584,Nazareth College of Rochester,Rochester,New York,4-year,Private not-for-profit,Masters Colleges and Universities--larger programs,2034,93.5,2001,66,NULL,NULL,14427,54,21791,56,58.8,75,68,75,30.7,35,78.6,59,43.3,37,456
193645,College of New Rochelle,New Rochelle,New York,4-year,Private not-for-profit,Masters Colleges and Universities--larger programs,3225,85.4,3077,83,986,25,9913,28,NULL,NULL,15.7,8,26.3,7,75.5,94,62.1,18,21.9,10,805
193654,New School,New York,New York,4-year,Private not-for-profit,Doctoral/Research Universities,6777,86.7,6809,96,1131,73,15190,57,22045,56,50.1,62,64.6,69,23.6,21,82.8,72,19.9,8,963
193900,New York University,New York,New York,4-year,Private not-for-profit,Research Universities--very high research activity,22615,94.5,24498,100,1352,94,20736,81,66851,83,77.3,91,83.7,91,19.9,14,92.5,90,51.2,48,3847
193946,Niagara County Community College,Sanborn,New York,2-year,Public,Associates--Public Suburban-serving Single Campus,6630,63,4757,65,NULL,NULL,4344,63,1567,69,11.3,59,25.9,70,40.5,46,64.7,80,27.5,33,1629
193973,Niagara University,Niagara University,New York,4-year,Private not-for-profit,Masters Colleges and Universities--larger programs,2896,93.9,2969,82,1038,43,17865,71,22001,56,59.7,76,65.1,70,29.2,31,80.7,66,39.6,31,737
194028,North Country Community College,Saranac Lake,New York,2-year,Public,Associates--Public Rural-serving Small,2088,45.5,1217,15,NULL,NULL,4662,72,NULL,NULL,10.5,55,19.5,47,26.1,14,51.5,23,41.4,70,333
194091,New York Institute of Technology at Old Westbury,Old Westbury,New York,4-year,Private not-for-profit,Masters Colleges and Universities--larger programs,4456,83.1,4226,90,1039,44,12779,44,15730,47,25.4,21,47.2,35,37.2,50,72.1,41,23.3,11,824
194116,New York School of Interior Design,New York,New York,4-year,Private not-for-profit,Schools of art- music- and design,451,35,270,11,NULL,NULL,7009,16,8688,28,20,14,60,60,16.8,9,71.4,39,4.5,1,5
194161,Nyack College,Nyack,New York,4-year,Private not-for-profit,Masters Colleges and Universities--larger programs,1831,82.7,1791,61,915,8,12144,40,3829,13,24.3,19,41.8,25,55.4,83,71.1,38,41.2,33,304
194222,Onondaga Community College,Syracuse,New York,2-year,Public,Associates--Public Urban-serving Multicampus,12834,51,8920,86,NULL,NULL,2724,11,1021,58,8.8,48,18.6,44,24.6,11,54.2,33,25.7,28,2286
194240,Orange County Community College,Middletown,New York,2-year,Public,Associates--Public Rural-serving Large,7029,47.5,4742,65,NULL,NULL,4087,55,NULL,NULL,5.6,28,17.5,39,26.3,14,64,78,33.9,53,1277
194310,Pace University New York Campus,New York,New York,4-year,Private not-for-profit,Doctoral/Research Universities,8289,85.8,8179,97,1043,45,21449,84,11184,37,34.4,37,51.3,42,35.6,46,76,52,34,24,1537
194392,Paul Smith's College of Arts and Sciences,Paul Smiths,New York,4-year,Private not-for-profit,Baccalaureate Colleges--Diverse Fields,981,98.8,1074,39,986,25,14638,55,20754,54,25.7,21,36.6,16,43.4,63,69.2,33,73.5,77,191
194499,Plaza College,Jackson Heights,New York,4-year,Private for-profit,Baccalaureate/Associates Colleges,726,100,1106,74,NULL,NULL,9473,98,NULL,NULL,NULL,NULL,NULL,NULL,85,95,NULL,NULL,25,66,NULL
194541,Polytechnic Institute of New York University,Brooklyn,New York,4-year,Private not-for-profit,Research Universities--high research activity,2155,94.3,2153,70,1303,91,21779,85,30868,66,32.5,33,57.1,54,44.7,66,87.9,83,46.6,42,329
194569,Davis College (N.Y.),Johnson City,New York,4-year,Private not-for-profit,Theological seminaries- Bible colleges- and other faith-related institutions,395,58.5,235,9,928,10,8404,22,7251,24,36.8,40,42.1,25,46,69,87.1,81,36.8,28,19
194578,Pratt Institute,Brooklyn,New York,4-year,Private not-for-profit,Schools of art- music- and design,3311,96.7,3430,86,1140,74,16182,63,25864,60,41.8,48,62.5,65,26.2,26,86.7,80,13.7,4,557
194611,Professional Business College,New York,New York,2-year,Private not-for-profit,Associates--Private Not-for-profit,884,99,1209,97,NULL,NULL,3629,24,NULL,NULL,5.3,5,33.2,29,79.9,88,40.2,8,37.7,37,358
194657,Rabbinical Academy Mesivta Rabbi Chaim Berlin,Brooklyn,New York,4-year,Private not-for-profit,Theological seminaries- Bible colleges- and other faith-related institutions,166,100,156,5,NULL,NULL,8860,24,NULL,NULL,0,0,38.9,20,21,16,94.4,93,91.7,92,18
194666,Rabbinical College Bobover Yeshiva B'nei Zion,Brooklyn,New York,4-year,Private not-for-profit,Theological seminaries- Bible colleges- and other faith-related institutions,263,100,270,11,NULL,NULL,8685,23,NULL,NULL,0,0,78.9,87,80.2,96,97.7,98,55.6,54,38
194763,Rabbinical Seminary of America,Flushing,New York,4-year,Private not-for-profit,Theological seminaries- Bible colleges- and other faith-related institutions,269,100,293,11,NULL,NULL,8848,23,121,1,8.4,4,38.6,20,21.7,17,25.3,1,87.5,89,83
194824,Rensselaer Polytechnic Institute,Troy,New York,4-year,Private not-for-profit,Research Universities--very high research activity,5452,99.5,5702,93,1366,95,21909,85,88229,86,64.9,82,84.9,93,16.6,8,93.5,92,84.9,87,1288
194958,Roberts Wesleyan College,Rochester,New York,4-year,Private not-for-profit,Masters Colleges and Universities--larger programs,1315,93.2,1230,44,1046,46,14220,53,12730,40,53.3,67,60.6,61,43.8,64,85.7,78,86.5,89,246
194967,Everest Institute at Rochester,Rochester,New York,2-year,Private for-profit,Associates--Private For-profit,617,66.1,770,70,NULL,NULL,6865,93,NULL,NULL,16.1,18,20.3,3,93.1,96,33.3,4,40.9,52,192
195003,Rochester Institute of Technology,Rochester,New York,4-year,Private not-for-profit,Masters Colleges and Universities--larger programs,13880,87.2,12330,99,1232,86,16773,66,47198,77,28.4,26,65.8,71,31.3,36,86.9,81,66.4,70,2284
195030,University of Rochester,Rochester,New York,4-year,Private not-for-profit,Research Universities--very high research activity,6177,94.5,6634,95,1353,94,26310,92,162764,92,76.6,91,85.2,93,18.4,11,96.1,96,91,92,1181
195058,Rockland Community College,Suffern,New York,2-year,Public,Associates--Public Suburban-serving Single Campus,7652,58.5,6026,74,NULL,NULL,3841,45,567,42,12.5,64,26.5,71,30.8,22,73.6,95,22,16,1516
195128,Russell Sage College,Troy,New York,4-year,Private not-for-profit,Masters Colleges and Universities--larger programs,1699,85.1,1519,53,NULL,NULL,19185,76,9469,32,52.5,66,58,56,46.4,70,78.4,59,94.1,93,162
195164,St. Bonaventure University,Saint Bonaventure,New York,4-year,Private not-for-profit,Masters Colleges and Universities--larger programs,1826,97.5,1879,64,1075,57,17493,69,24874,59,53.7,68,66.6,72,28.9,31,80.7,66,64.6,67,527
195173,St. Francis College (N.Y.),Brooklyn Heights,New York,4-year,Private not-for-profit,Baccalaureate Colleges--Diverse Fields,2764,88.9,2644,78,940,13,10695,32,25980,61,27.2,23,52.1,44,43.2,63,79.6,63,25.7,13,478
195191,St. Joseph's College of Nursing,Syracuse,New York,2-year,Private not-for-profit,Associates--Private Not-for-profit,302,49.7,217,31,1015,83,3585,22,NULL,NULL,80,90,80,89,43.3,28,100,92,100,92,10
195216,St. Lawrence University,Canton,New York,4-year,Private not-for-profit,Baccalaureate Colleges--Arts & Sciences,2414,99.3,2364,73,NULL,NULL,27611,93,104324,87,76.9,91,80.4,88,18.3,11,89.5,87,76.9,80,627
195234,College of Saint Rose,Albany,New York,4-year,Private not-for-profit,Masters Colleges and Universities--larger programs,2891,92.1,2803,80,NULL,NULL,13919,51,7914,26,53.4,68,66.4,72,36.7,49,75.4,50,49.4,46,611
195243,St. Thomas Aquinas College,Sparkill,New York,4-year,Private not-for-profit,Masters Colleges and Universities--smaller programs,1801,69.9,1196,43,931,11,13057,45,28754,64,36.1,40,52.8,45,23.6,21,73.7,46,35.5,26,324
195289,Samaritan Hospital School of Nursing,Troy,New York,2-year,Private not-for-profit,Associates--Private Not-for-profit,163,11,68,3,NULL,NULL,1030,1,NULL,NULL,100,97,100,97,37.8,21,50,20,34.6,32,1
195304,Sarah Lawrence College,Bronxville,New York,4-year,Private not-for-profit,Baccalaureate Colleges--Arts & Sciences,1471,98,1359,48,NULL,NULL,30700,96,44780,75,62.3,79,69.1,76,19.4,13,82.6,72,33,22,363
195322,Schenectady County Community College,Schenectady,New York,2-year,Public,Associates--Public Urban-serving Single Campus,6574,41.8,3676,54,NULL,NULL,4626,71,1221,63,6.7,34,15.4,30,34.4,31,56.5,45,23.2,20,831
195438,Sh'or Yoshuv Rabbinical College,Lawrence,New York,4-year,Private not-for-profit,Theological seminaries- Bible colleges- and other faith-related institutions,190,100,158,5,NULL,NULL,10000,29,NULL,NULL,0,0,45,31,28.7,31,50,6,100,95,20
195474,Siena College,Loudonville,New York,4-year,Private not-for-profit,Baccalaureate Colleges--Arts & Sciences,3151,95.4,3089,84,1122,71,15397,59,42117,74,74,89,79.6,88,22.3,18,85.9,79,63.3,65,781
195526,Skidmore College,Saratoga Springs,New York,4-year,Private not-for-profit,Baccalaureate Colleges--Arts & Sciences,2684,98.6,2742,79,1247,88,37137,99,110095,88,82.7,95,85.9,93,14.6,6,93,91,81.5,84,682
195544,St. Joseph's College (N.Y.),Brooklyn,New York,4-year,Private not-for-profit,Masters Colleges and Universities--medium programs,4529,79.3,4202,89,1054,50,8983,25,10819,36,55.7,71,71.8,79,31.6,37,83.7,75,31.2,20,670
195687,St. Elizabeth College of Nursing,Utica,New York,2-year,Private not-for-profit,Associates--Private Not-for-profit,159,45.3,137,18,NULL,NULL,4116,45,NULL,NULL,64.7,77,64.7,65,49.7,36,83.3,85,78.9,74,17
195720,St. John Fisher College,Rochester,New York,4-year,Private not-for-profit,Doctoral/Research Universities,2959,92.5,2824,81,1095,63,13327,47,15525,46,64.7,81,71.8,79,32.1,38,83.2,74,51.6,49,546
195784,Sisters of Charity Medical Center School of Nursing,Staten Island,New York,2-year,Private for-profit,Associates--Private For-profit,747,74.6,997,80,NULL,NULL,5220,77,NULL,NULL,55.2,69,77.6,85,51.3,21,57.1,23,39.5,50,201
195809,St. John's University (N.Y.),Queens,New York,4-year,Private not-for-profit,Doctoral/Research Universities,15773,69.2,12603,99,1093,63,20599,81,25196,60,35.9,39,55.5,50,30.8,35,79.6,63,44.3,39,3126
195845,New York Career Institute,New York,New York,2-year,Private for-profit,Associates--Private For-profit,614,55.9,563,57,NULL,NULL,4255,48,NULL,NULL,15.9,17,46,23,51.5,21,41.7,8,18.4,14,63
195988,Sullivan County Community College,Loch Sheldrake,New York,2-year,Public,Associates--Public Rural-serving Small,1585,64.3,1258,16,NULL,NULL,5816,90,817,52,11.1,58,21.8,55,53.6,79,50.1,19,47.1,81,478
196006,Alfred State College,Alfred,New York,4-year,Public,Baccalaureate/Associates Colleges,3555,90.6,3483,30,1090,72,7040,71,1175,13,39.1,81,48.9,56,50.9,84,85.1,83,73.4,73,92
196015,State University of New York Canton-College of Technology,Canton,New York,4-year,Public,Baccalaureate/Associates Colleges,3512,83.7,3411,29,NULL,NULL,6629,62,2677,36,23.4,54,28.6,13,55.9,89,75.6,56,57.5,40,77
196024,State University of New York College of Technology at Delhi,Delhi,New York,4-year,Public,Baccalaureate/Associates Colleges,3308,78.3,2911,25,NULL,NULL,6160,52,1295,15,27.5,64,45,47,48.4,80,68.7,33,58.4,42,40
196033,State University of New York College of Agriculture and Technology at Cobleskill,Cobleskill,New York,4-year,Public,Baccalaureate/Associates Colleges,2453,92.4,2455,20,975,29,6259,56,1523,18,28.7,66,43.8,44,48.4,80,74,50,51.8,31,80
196042,Farmingdale State College,Farmingdale,New York,4-year,Public,Baccalaureate Colleges--Diverse Fields,8162,74.4,6956,53,969,26,5173,29,771,8,21.3,48,42.6,40,27.1,19,82.3,76,31.1,6,244
196051,State University of New York College of Agriculture and Technology at Morrisville,Morrisville,New York,4-year,Public,Baccalaureate/Associates Colleges,3028,88.1,2823,24,930,13,6483,60,479,6,20.8,46,25,9,58.7,92,66.7,25,60.1,44,24
196060,State University of New York at Albany,Albany,New York,4-year,Public,Research Universities--very high research activity,12822,94,12474,74,1102,75,6847,67,2600,34,55.6,93,66.4,84,37.5,46,81.5,73,55.6,37,2516
196079,Binghamton University,Vestal,New York,4-year,Public,Research Universities--high research activity,12997,96.6,13102,76,1297,98,6460,59,4893,57,68.7,99,80.8,95,26.9,18,90.7,94,69.6,64,2215
196088,University at Buffalo,Buffalo,New York,4-year,Public,Research Universities--very high research activity,19831,91.2,20722,90,1158,86,7033,70,19863,90,51.6,91,72,91,28.4,21,87.6,89,67.4,58,3000
196097,State University of New York at Stony Brook,Stony Brook,New York,4-year,Public,Research Universities--very high research activity,15992,93.1,16568,82,1253,95,6658,63,6730,67,45.1,87,65.9,83,35.1,39,90.1,93,69,62,2759
196103,State University of New York College of Environmental Science and Forestry,Syracuse,New York,4-year,Public,Doctoral/Research Universities,1702,96.8,1678,12,1155,85,5465,36,10676,79,50.8,91,71.2,91,26.8,18,85.7,84,74.8,75,250
196112,State University of New York Institute of Technology at Utica-Rome,Utica,New York,4-year,Public,Masters Colleges and Universities--medium programs,1804,79,1501,10,1053,62,5353,35,1367,16,32,71,47.8,53,38.5,50,83.8,80,41.7,17,203
196121,"State University of New York, The College at Brockport",Brockport,New York,4-year,Public,Masters Colleges and Universities--larger programs,7090,90.4,6765,52,1069,65,5489,37,1042,12,48,89,66.8,85,40.8,59,80.8,72,56.9,39,1038
196130,Buffalo State College,Buffalo,New York,4-year,Public,Masters Colleges and Universities--larger programs,9355,88.6,9281,64,975,29,5989,47,2738,36,25.1,59,48.9,56,45.9,73,75.3,55,49.4,26,1390
196149,State University of New York College at Cortland,Cortland,New York,4-year,Public,Masters Colleges and Universities--larger programs,6400,98.1,6421,51,1058,62,5172,29,3788,46,46.7,88,69.5,88,26.9,18,82.9,78,50.5,29,1194
196158,State University of New York at Fredonia,Fredonia,New York,4-year,Public,Masters Colleges and Universities--medium programs,5092,97.1,5319,43,1056,62,5041,27,4444,53,45.3,87,64.4,81,35,39,77.6,62,51.6,30,1057
196167,State University of New York College at Geneseo,Geneseo,New York,4-year,Public,Masters Colleges and Universities--smaller programs,5504,97.9,5370,44,1274,97,4646,16,3910,48,66.5,97,77.9,94,22.7,10,90.3,93,71.9,70,1029
196176,State University of New York College at New Paltz,New Paltz,New York,4-year,Public,Masters Colleges and Universities--larger programs,6570,92.2,6641,52,1129,81,5892,45,2054,26,50.5,90,70.5,90,28,21,87.2,88,53.5,35,942
196185,State University of New York College at Oneonta,Oneonta,New York,4-year,Public,Masters Colleges and Universities--smaller programs,5800,97.8,5945,48,1097,74,5877,45,6137,64,53.5,92,69.8,89,28.7,22,87.4,89,59.2,43,1145
196194,State University of New York College at Oswego,Oswego,New York,4-year,Public,Masters Colleges and Universities--larger programs,7328,94.9,7100,54,1110,78,5565,40,2181,28,39.6,82,57.8,74,39.1,53,78,64,58.3,41,1383
196200,State University of New York College at Potsdam,Potsdam,New York,4-year,Public,Masters Colleges and Universities--larger programs,3707,97,3963,33,NULL,NULL,6021,48,4926,57,29.8,68,51.3,62,43.7,68,74.3,51,71.1,68,836
196219,State University of New York College at Purchase,Purchase,New York,4-year,Public,Baccalaureate Colleges--Arts & Sciences,4239,90.8,4299,36,1082,70,5890,45,12326,83,50.4,90,59.7,76,31.8,29,82.4,77,39.5,14,824
196237,State University of New York College at Old Westbury,Old Westbury,New York,4-year,Public,Baccalaureate Colleges--Arts & Sciences,4161,85.5,3945,33,998,38,6254,56,44,1,19.6,42,36.5,26,47.1,77,75.8,57,46.6,21,433
196246,State University of New York College at Plattsburgh,Plattsburgh,New York,4-year,Public,Masters Colleges and Universities--larger programs,5639,92,5546,45,1026,49,5553,39,2624,34,40.6,83,60.3,77,35.3,40,83.8,80,55.6,37,973
196264,Empire State College of State University of New York,Saratoga Springs,New York,4-year,Public,Masters Colleges and Universities--medium programs,10827,39,8993,63,NULL,NULL,4230,9,1849,23,8,9,15.7,2,35.5,41,49.5,3,17.6,1,286
196291,State University of New York Maritime College,Throggs Neck,New York,4-year,Public,Baccalaureate Colleges--Diverse Fields,1601,94.8,2004,17,1056,62,5774,43,2048,26,25.1,59,50.4,58,23.1,10,79.3,68,63,50,367
196389,Swedish Institute College of Health Sciences,New York,New York,2-year,Private for-profit,Other health professions schools,848,86.4,500,52,NULL,NULL,1881,2,NULL,NULL,81.5,96,81.5,91,41.3,11,87.7,96,54.4,68,135
196413,Syracuse University,Syracuse,New York,4-year,Private not-for-profit,Research Universities--high research activity,15097,95.5,16852,99,1158,78,24796,90,49259,78,68.5,85,81.1,89,26.8,27,91.9,90,66.1,69,3092
196431,Talmudical Seminary Oholei Torah,Brooklyn,New York,4-year,Private not-for-profit,Theological seminaries- Bible colleges- and other faith-related institutions,321,100,283,11,NULL,NULL,5564,11,NULL,NULL,6.7,3,6.7,1,76.2,94,70.4,36,75,78,75
196477,Technical Career Institutes,New York,New York,2-year,Private for-profit,Associates--Private For-profit,3020,87.4,4338,100,NULL,NULL,6615,91,NULL,NULL,16.7,18,24.1,5,85.3,83,41.7,8,43.5,57,1147
196565,Tompkins Cortland Community College,Dryden,New York,2-year,Public,Associates--Public Rural-serving Medium,5490,47.1,3884,56,NULL,NULL,3406,28,3826,91,13.3,67,22.2,57,34.4,31,52.8,28,19.8,11,1065
196583,Torah Temimah Talmudical Seminary,Brooklyn,New York,4-year,Private not-for-profit,Theological seminaries- Bible colleges- and other faith-related institutions,180,100,180,6,NULL,NULL,6211,13,NULL,NULL,0,0,2.2,0,31.9,38,48.1,4,100,95,46
196592,Touro College (N.Y.),New York,New York,4-year,Private not-for-profit,Masters Colleges and Universities--larger programs,6827,75.3,6745,96,NULL,NULL,5514,11,991,4,30.5,30,47.7,36,58.1,85,46.3,4,36.1,27,455
196653,Trocaire College,Buffalo,New York,4-year,Private not-for-profit,Associates--Private Not-for-profit,1492,45.2,1082,39,NULL,NULL,4762,8,9132,31,NULL,NULL,NULL,NULL,53.6,81,NULL,NULL,32.5,21,NULL
196699,Ulster County Community College,Stone Ridge,New York,2-year,Public,Associates--Public Rural-serving Medium,3615,45.8,2207,35,NULL,NULL,4951,80,3015,86,12.3,63,24.8,66,27.2,16,60.4,62,32.9,50,604
196866,Union College (N.Y.),Schenectady,New York,4-year,Private not-for-profit,Baccalaureate Colleges--Arts & Sciences,2246,99.1,2075,69,1313,92,26624,92,172819,93,81.8,94,88,95,15.6,7,91.7,90,85.8,88,560
197018,United Talmudical Seminary,Brooklyn,New York,4-year,Private not-for-profit,Theological seminaries- Bible colleges- and other faith-related institutions,1814,100,1272,45,NULL,NULL,10629,32,NULL,NULL,0,0,43.3,27,89.5,98,88.7,85,30.5,19,363
197027,United States Merchant Marine Academy,Kings Point,New York,4-year,Public,Baccalaureate Colleges--Diverse Fields,958,100,1427,9,NULL,NULL,5352,35,NULL,NULL,62.1,96,73.6,92,7.6,0,97.3,99,86.4,93,277
197045,Utica College,Utica,New York,4-year,Private not-for-profit,Masters Colleges and Universities--medium programs,2881,77.4,2388,74,946,14,17589,70,6923,23,29.7,28,47.2,35,38.2,52,71.9,41,33.9,23,492
197081,USC The Business College at Utica,Utica,New York,2-year,Private for-profit,Associates--Private For-profit,324,68.5,367,35,NULL,NULL,6852,93,NULL,NULL,39.8,51,39.8,17,66.5,44,66,44,26.4,29,83
197133,Vassar College,Poughkeepsie,New York,4-year,Private not-for-profit,Baccalaureate Colleges--Arts & Sciences,2477,98.4,2469,75,1394,96,38545,100,351860,97,89.7,99,93.6,98,22,18,95.6,95,86,88,677
197142,Villa Maria College of Buffalo,Buffalo,New York,4-year,Private not-for-profit,Associates--Private Not-for-profit 4-year Primarily Associates,465,76.6,352,14,NULL,NULL,6443,14,3906,13,25,20,25,7,74.7,93,59,14,40.8,33,12
197151,School of Visual Arts,New York,New York,4-year,Private for-profit,Schools of art- music- and design,3636,92.1,3516,94,1020,67,10995,99,NULL,NULL,55.3,94,64.6,93,24.5,1,82.9,85,14,36,658
197197,Wagner College,Staten Island,New York,4-year,Private not-for-profit,Masters Colleges and Universities--medium programs,1842,95.8,1726,60,1154,77,19612,77,36002,69,53,66,61.4,62,19,12,88,84,34,24,528
197230,Wells College,Aurora,New York,4-year,Private not-for-profit,Baccalaureate Colleges--Arts & Sciences,534,98.1,488,18,1075,57,33732,98,55802,80,56.3,72,58,56,48.5,73,72.6,43,61.3,62,174
197285,College of Westchester,White Plains,New York,4-year,Private for-profit,Associates--Private For-profit 4-year Primarily Associates,1197,79.2,1066,73,NULL,NULL,7967,96,NULL,NULL,NULL,NULL,NULL,NULL,69.8,53,58.8,57,41.8,87,NULL
197294,Westchester Community College,Valhalla,New York,2-year,Public,Associates--Public Suburban-serving Single Campus,13781,55.4,10278,88,NULL,NULL,5016,82,NULL,NULL,3.4,12,13.9,25,35,32,63.6,76,15.1,3,2200
197522,Wood Tobe-Coburn School,New  York,New York,2-year,Private for-profit,Associates--Private For-profit,476,100,631,62,NULL,NULL,6560,91,NULL,NULL,81,95,81,91,87.9,88,79.9,82,16.7,12,258
197601,Yeshiva Karlin Stolin,Brooklyn,New York,4-year,Private not-for-profit,Theological seminaries- Bible colleges- and other faith-related institutions,119,100,119,3,NULL,NULL,9008,25,NULL,NULL,0,0,60,60,90.2,99,66.7,26,66.7,70,5
197610,Yeshivat Mikdash Melech,Brooklyn,New York,4-year,Private not-for-profit,Theological seminaries- Bible colleges- and other faith-related institutions,152,100,198,7,NULL,NULL,12330,41,NULL,NULL,0,0,6.1,1,44.4,65,62.8,19,88.9,90,33
197647,Yeshiva Derech Chaim,Brooklyn,New York,4-year,Private not-for-profit,Theological seminaries- Bible colleges- and other faith-related institutions,104,100,100,2,NULL,NULL,9332,26,NULL,NULL,0,0,33.3,12,46.5,70,76.2,53,61.9,63,12
197674,Yeshiva of Nitra Rabbinical College,Mount Kisco,New York,4-year,Private not-for-profit,Theological seminaries- Bible colleges- and other faith-related institutions,220,100,231,9,NULL,NULL,9535,27,NULL,NULL,0,0,28.1,8,76.8,94,78.3,58,90.9,92,64
197708,Yeshiva University,New York,New York,4-year,Private not-for-profit,Research Universities--very high research activity,2887,96.4,2606,77,1217,86,20350,80,180152,93,60,76,85.2,93,18.1,11,92.9,91,79.3,82,898
197735,Yeshivath Viznitz,Monsey,New York,4-year,Private not-for-profit,Theological seminaries- Bible colleges- and other faith-related institutions,470,100,450,17,NULL,NULL,9359,26,7252,24,0,0,74.2,82,87.1,98,97.8,98,88.9,90,97
197744,Yeshivath Gedolah Zichron Moshe,South Fallsburgh,New York,4-year,Private not-for-profit,Theological seminaries- Bible colleges- and other faith-related institutions,164,100,197,7,NULL,NULL,7664,19,NULL,NULL,0,0,0,0,59.5,86,88.2,84,88.9,90,1
197814,College of the Albemarle,Elizabeth City,North Carolina,2-year,Public,Associates--Public Rural-serving Medium,2607,44.9,1970,31,NULL,NULL,4962,81,2066,78,19.4,83,19.4,47,39.9,45,61.4,67,30,42,315
197832,Art Institute of Charlotte,Charlotte,North Carolina,4-year,Private for-profit,Schools of art- music- and design,1427,57.3,1242,78,NULL,NULL,4218,43,NULL,NULL,35.5,79,40.8,80,75.7,75,37.5,16,33.7,79,76
197850,South Piedmont Community College,Polkton,North Carolina,2-year,Public,Associates--Public Rural-serving Medium,2776,27.4,1782,28,NULL,NULL,4806,76,763,49,5.2,25,34.9,89,62.4,91,54,33,29.5,40,172
197869,Appalachian State University,Boone,North Carolina,4-year,Public,Masters Colleges and Universities--larger programs,16025,94.3,15858,81,1156,86,6819,66,4526,54,41.5,84,68.6,88,25.9,16,87.2,88,71,68,2730
197887,Asheville-Buncombe Technical Community College,Asheville,North Carolina,2-year,Public,Associates--Public Rural-serving Large,8092,32.6,6992,78,NULL,NULL,3371,26,NULL,NULL,5.7,29,17.9,40,43,53,58.5,54,31.3,46,402
197911,Barton College,Wilson,North Carolina,4-year,Private not-for-profit,Baccalaureate Colleges--Diverse Fields,1057,85.1,1014,36,939,13,13268,47,24393,59,40.6,46,48.4,38,49.6,76,68.7,31,65.1,68,217
197966,Beaufort County Community College,Washington,North Carolina,2-year,Public,Associates--Public Rural-serving Small,2019,42.9,1512,22,NULL,NULL,7669,99,1185,63,7.8,40,17.7,39,53,77,45.2,8,26.3,30,231
197984,Belmont Abbey College,Belmont,North Carolina,4-year,Private not-for-profit,Baccalaureate Colleges--Diverse Fields,1647,94,1535,53,977,22,12254,40,5529,19,32.9,34,38.1,18,46.1,69,65,23,58.1,58,210
197993,Bennett College for Women,Greensboro,North Carolina,4-year,Private not-for-profit,Baccalaureate Colleges--Arts & Sciences,680,89.6,703,25,NULL,NULL,21493,84,16115,47,25.1,21,44.4,30,71.9,93,60.9,16,82.2,85,223
198011,Bladen Community College,Dublin,North Carolina,2-year,Public,Associates--Public Rural-serving Small,1199,45,1186,14,NULL,NULL,2287,5,261,26,3.7,13,12.3,17,69.9,96,47.2,11,36.9,62,187
198039,Blue Ridge Community College (N.C.),Flat Rock,North Carolina,2-year,Public,Associates--Public Rural-serving Medium,2324,30.9,1931,30,NULL,NULL,7656,99,4658,93,7.7,39,17.1,37,38.4,42,66.7,84,25.9,28,298
198066,Brevard College,Brevard,North Carolina,4-year,Private not-for-profit,Baccalaureate Colleges--Arts & Sciences,701,98.4,626,24,950,15,16196,63,34639,69,31.4,32,43.2,27,41.5,59,56.6,11,59.1,59,169
198084,Brunswick Community College,Bolivia,North Carolina,2-year,Public,Associates--Public Rural-serving Small,1809,51.5,1227,15,NULL,NULL,3948,50,238,24,7.9,41,23.7,62,42.1,50,63.2,75,15.6,4,177
198109,Cabarrus College of Health Sciences,Concord,North Carolina,4-year,Private not-for-profit,Other health professions schools,451,37.5,356,14,998,28,4437,6,4632,16,NULL,NULL,NULL,NULL,36.3,48,NULL,NULL,43.8,38,NULL
198118,Caldwell Community College and Technical Institute,Hudson,North Carolina,2-year,Public,Associates--Public Rural-serving Medium,3933,40.3,3636,54,NULL,NULL,4439,66,84,9,8,42,20.3,51,48.9,68,51.1,21,36,60,538
198136,Campbell University,Buies Creek,North Carolina,4-year,Private not-for-profit,Masters Colleges and Universities--larger programs,4465,79.2,4484,91,1030,39,31746,97,20894,55,39.2,44,48.9,39,36.9,49,79.9,63,45.2,40,887
198154,Cape Fear Community College,Wilmington,North Carolina,2-year,Public,Associates--Public Rural-serving Large,9246,48.7,8372,84,NULL,NULL,5946,91,521,40,10.5,55,14.1,26,45.7,60,58.3,52,39.2,68,908
198206,Carteret Community College,Morehead City,North Carolina,2-year,Public,Associates--Public Rural-serving Small,1524,42.1,1431,20,NULL,NULL,4849,77,979,57,8.1,43,16.1,34,78.2,98,54.2,33,71.8,96,149
198215,Catawba College,Salisbury,North Carolina,4-year,Private not-for-profit,Baccalaureate Colleges--Diverse Fields,1298,93.2,1176,42,985,24,15787,61,40089,72,41,47,52.6,45,43,62,70,35,100,95,266
198233,Catawba Valley Community College,Hickory,North Carolina,2-year,Public,Associates--Public Rural-serving Medium,4561,39,3785,55,NULL,NULL,4890,79,NULL,NULL,20.7,85,20.7,52,43.3,54,69.8,90,37,62,570
198242,South College (N.C.),Asheville,North Carolina,4-year,Private for-profit,Associates--Private For-profit 4-year Primarily Associates,256,89.1,265,13,NULL,NULL,4523,57,NULL,NULL,NULL,NULL,NULL,NULL,54.2,19,100,91,43.1,87,NULL
198251,Central Carolina Community College,Sanford,North Carolina,2-year,Public,Associates--Public Rural-serving Medium,4728,46.7,3675,54,NULL,NULL,4710,74,854,54,11.1,58,19.5,47,43.3,54,56.3,44,28.6,37,548
198260,Central Piedmont Community College,Charlotte,North Carolina,2-year,Public,Associates--Public Urban-serving Multicampus,20198,35.4,15889,96,NULL,NULL,4649,72,NULL,NULL,4,15,11.6,15,41.2,48,55.7,41,30.4,43,1201
198303,Chowan University,Murfreesboro,North Carolina,4-year,Private not-for-profit,Baccalaureate Colleges--Diverse Fields,1361,94.4,1261,45,777,1,13114,45,18888,52,14.8,7,24.4,6,67.1,90,48.2,4,57.8,57,332
198321,Cleveland Community College,Shelby,North Carolina,2-year,Public,Associates--Public Rural-serving Medium,3371,34.9,2541,41,NULL,NULL,4059,54,245,25,15.1,72,23.4,61,50.7,71,49.1,16,12.4,1,491
198330,Coastal Carolina Community College,Jacksonville,North Carolina,2-year,Public,Associates--Public Rural-serving Medium,4433,50.3,4502,62,NULL,NULL,3681,38,682,47,15.8,74,24.5,65,49.7,70,58.7,54,29,38,412
198367,Craven Community College,New Bern,North Carolina,2-year,Public,Associates--Public Rural-serving Medium,3376,41.8,2712,43,NULL,NULL,3007,17,652,46,4.2,17,12.4,18,43.9,55,60.9,66,24,22,283
198376,Davidson County Community College,Thomasville,North Carolina,2-year,Public,Associates--Public Suburban-serving Single Campus,4073,48.6,3581,53,NULL,NULL,4849,77,2623,83,15.8,74,26.1,71,83.9,100,62.9,73,26.9,32,468
198385,Davidson College,Davidson,North Carolina,4-year,Private not-for-profit,Baccalaureate Colleges--Arts & Sciences,1788,100,1932,65,1353,94,30810,96,292976,95,89.9,99,92.5,97,13.1,3,95.7,95,93.5,93,464
198419,Duke University,Durham,North Carolina,4-year,Private not-for-profit,Research Universities--very high research activity,6646,99.7,8241,97,1444,98,37510,99,364661,97,87.1,97,94.2,98,13.7,4,97.2,97,94.3,94,1699
198455,Durham Technical Community College,Durham,North Carolina,2-year,Public,Associates--Public Urban-serving Single Campus,5605,28.9,3515,52,NULL,NULL,6717,95,NULL,NULL,7.1,37,11.6,15,43.1,53,50.4,19,20.7,13,268
198464,East Carolina University,Greenville,North Carolina,4-year,Public,Doctoral/Research Universities,21508,86,20348,89,1050,59,7624,79,5852,61,30.8,70,56.3,72,32.1,30,80.9,72,82.3,88,4195
198491,Edgecombe Community College,Tarboro,North Carolina,2-year,Public,Associates--Public Rural-serving Medium,2808,50,2058,32,NULL,NULL,5431,87,NULL,NULL,5.8,30,11.9,15,65.2,93,42.2,5,48.1,82,328
198507,Elizabeth City State University,Elizabeth City,North Carolina,4-year,Public,Baccalaureate Colleges--Diverse Fields,2336,91.9,2727,23,849,3,7303,74,1815,23,21.5,49,41.6,38,70.3,97,72.5,45,97.2,99,642
198516,Elon University,Elon,North Carolina,4-year,Private not-for-profit,Masters Colleges and Universities--smaller programs,5599,97.6,5205,93,1200,84,11740,38,27116,62,76.7,91,81.6,89,9.1,0,89.9,87,70.1,73,1286
198534,Fayetteville Technical Community College,Fayetteville,North Carolina,2-year,Public,Associates--Public Rural-serving Large,12398,41.3,10114,88,NULL,NULL,4879,78,4,0,3.2,10,7.2,3,59.1,87,51.6,23,41.1,70,816
198543,Fayetteville State University,Fayetteville,North Carolina,4-year,Public,Masters Colleges and Universities--medium programs,5410,73.4,4714,39,851,3,5406,36,3374,41,12,19,32.2,20,58.7,92,71.3,41,80.8,86,930
198552,Forsyth Technical Community College,Winston Salem,North Carolina,2-year,Public,Associates--Public Urban-serving Single Campus,9528,46.3,7190,79,NULL,NULL,7063,97,163,15,11.3,59,14.3,26,50.7,71,57.3,48,24,22,935
198561,Gardner-Webb University,Boiling Springs,North Carolina,4-year,Private not-for-profit,Masters Colleges and Universities--larger programs,2587,80.7,2546,76,1018,35,12312,41,13056,41,42.8,50,54.9,49,23.7,21,71.8,40,40.5,32,348
198570,Gaston College,Dallas,North Carolina,2-year,Public,Associates--Public Suburban-serving Single Campus,5977,35.1,4385,61,NULL,NULL,3837,45,1175,62,22.2,87,24.1,64,46.6,63,62.9,73,54,89,460
198598,Greensboro College,Greensboro,North Carolina,4-year,Private not-for-profit,Baccalaureate Colleges--Diverse Fields,974,79.2,951,34,891,6,18992,75,19158,52,14.6,7,30.6,10,40.4,57,60.4,16,28.2,16,219
198613,Guilford College,Greensboro,North Carolina,4-year,Private not-for-profit,Baccalaureate Colleges--Arts & Sciences,2302,83.8,2211,71,1067,54,12922,44,34506,68,49,60,56.8,53,49.9,76,71.8,40,62.4,64,451
198622,Guilford Technical Community College,Jamestown,North Carolina,2-year,Public,Associates--Public Suburban-serving Multicampus,13656,50,13068,94,NULL,NULL,7770,99,241,24,3.7,13,9.6,9,63.7,92,49.3,16,74.8,96,2270
198640,Halifax Community College,Weldon,North Carolina,2-year,Public,Associates--Public Rural-serving Small,1353,50.8,1425,20,NULL,NULL,4570,70,733,48,16.5,76,25.9,70,73.3,98,58.3,52,44.1,76,266
198668,Haywood Community College,Clyde,North Carolina,2-year,Public,Associates--Public Rural-serving Medium,2290,43.5,1834,29,NULL,NULL,5739,90,3675,90,10.1,53,19.6,48,52.1,76,69.4,90,15.6,4,148
198695,High Point University,High Point,North Carolina,4-year,Private not-for-profit,Baccalaureate Colleges--Diverse Fields,3999,98.8,4115,89,1087,61,9602,27,10066,34,57.6,73,61.8,63,12.6,3,75,49,66.9,71,748
198710,Isothermal Community College,Spindale,North Carolina,2-year,Public,Associates--Public Rural-serving Medium,2390,44.5,2165,34,NULL,NULL,4580,70,775,50,2.7,8,7,3,51.2,74,51.5,23,23.3,20,186
198729,James Sprunt Community College,Kenansville,North Carolina,2-year,Public,Associates--Public Rural-serving Small,1291,54,1271,16,NULL,NULL,7290,98,NULL,NULL,7.8,40,13.6,23,65.5,93,53.7,32,55.4,90,154
198747,Laurel University,High Point,North Carolina,4-year,Private not-for-profit,Theological seminaries- Bible colleges- and other faith-related institutions,386,26.9,258,10,NULL,NULL,7400,18,3094,11,33.3,35,66.7,72,53.1,81,76.9,55,8.1,2,3
198756,Johnson C. Smith University,Charlotte,North Carolina,4-year,Private not-for-profit,Baccalaureate Colleges--Arts & Sciences,1387,95.4,1668,59,826,2,11808,38,NULL,NULL,31.7,32,44.3,29,69.4,91,56.1,11,59.9,60,501
198774,Johnston Community College,Smithfield,North Carolina,2-year,Public,Associates--Public Suburban-serving Single Campus,4235,51.6,3657,54,NULL,NULL,6609,95,1149,61,16.8,77,29,78,47.3,64,65.6,82,33,51,601
198808,Lees-McRae College,Banner Elk,North Carolina,4-year,Private not-for-profit,Baccalaureate Colleges--Diverse Fields,890,99.2,813,29,NULL,NULL,16716,66,24342,59,29.6,28,38.4,19,49,75,59.9,15,49.5,46,203
198817,Lenoir Community College,Kinston,North Carolina,2-year,Public,Associates--Public Rural-serving Medium,2813,47.7,2555,41,NULL,NULL,5075,83,1201,63,2.7,8,12,16,48.7,67,56.2,43,34.8,57,333
198835,Lenoir-Rhyne University,Hickory,North Carolina,4-year,Private not-for-profit,Baccalaureate Colleges--Diverse Fields,1491,87.6,1507,53,976,22,18983,75,39732,72,39.8,45,48.8,38,45.1,67,62.3,19,52.9,51,367
198862,Livingstone College,Salisbury,North Carolina,4-year,Private not-for-profit,Baccalaureate Colleges--Diverse Fields,1175,99.1,1134,41,723,0,19402,76,1610,5,11.2,5,20.4,5,83.4,97,53,8,93.1,93,329
198871,Louisburg College,Louisburg,North Carolina,2-year,Private not-for-profit,Associates--Private Not-for-profit,678,99.4,680,79,NULL,NULL,7887,84,18342,72,11.6,13,16,11,73.5,73,44.3,11,58.8,63,405
198899,Mars Hill College,Mars Hill,North Carolina,4-year,Private not-for-profit,Baccalaureate Colleges--Diverse Fields,1426,92.5,1336,48,941,13,14369,53,27581,62,26,22,38.2,18,76.5,94,58.3,13,59.9,60,296
198905,Martin Community College,Williamston,North Carolina,2-year,Public,Associates--Public Rural-serving Small,799,47.8,498,4,NULL,NULL,3511,32,NULL,NULL,5.1,24,8,5,52.7,77,49.3,16,11.2,1,138
198914,Mayland Community College,Spruce Pine,North Carolina,2-year,Public,Associates--Public Rural-serving Small,1254,31.1,927,10,NULL,NULL,4732,74,1359,66,28.9,93,34.2,88,53,77,66.4,84,24.7,25,187
198923,McDowell Technical Community College,Marion,North Carolina,2-year,Public,Associates--Public Rural-serving Small,1152,38.2,1079,12,NULL,NULL,6469,94,269,27,19.1,82,27.4,74,51.4,74,48.3,13,33.6,53,157
198950,Meredith College,Raleigh,North Carolina,4-year,Private not-for-profit,Baccalaureate Colleges--Diverse Fields,1571,94.8,1699,59,1040,44,15854,62,43193,74,50.3,63,62.4,65,35.2,45,72.5,43,54.3,52,463
198969,Methodist University,Fayetteville,North Carolina,4-year,Private not-for-profit,Baccalaureate Colleges--Diverse Fields,2243,87.5,2046,68,961,18,16309,64,8641,28,18.4,11,42.6,26,39,54,54.5,10,65.1,68,413
198978,Miller-Motte Technical College at Wilmington,Wilmington,North Carolina,4-year,Private for-profit,Other health professions schools,2856,54.7,2395,90,NULL,NULL,4997,72,NULL,NULL,0,0,100,97,86.6,97,NULL,NULL,40,85,1
198987,Mitchell Community College,Statesville,North Carolina,2-year,Public,Associates--Public Rural-serving Medium,3514,43.6,2458,39,NULL,NULL,4874,78,1026,58,8.7,47,18.8,45,45.2,59,54.3,34,27.7,34,368
199023,Montgomery Community College,Troy,North Carolina,2-year,Public,Associates--Public Rural-serving Small,884,34.4,675,6,NULL,NULL,4968,81,3723,90,21.2,86,33.3,87,43,53,48.3,13,43.6,74,66
199032,Montreat College,Montreat,North Carolina,4-year,Private not-for-profit,Masters Colleges and Universities--smaller programs,743,62.2,770,28,950,15,11266,35,13183,41,26,22,39,20,41.2,59,57.9,12,100,95,146
199069,Mount Olive College,Mount Olive,North Carolina,4-year,Private not-for-profit,Baccalaureate Colleges--Diverse Fields,3414,40.6,3097,84,915,8,6848,16,9058,31,25.9,22,37.3,17,50.1,77,63.7,21,47.7,44,193
199087,Nash Community College,Rocky Mount,North Carolina,2-year,Public,Associates--Public Rural-serving Medium,3279,46.8,2520,40,NULL,NULL,2258,4,1556,69,2.9,9,7.5,4,46.8,63,51.9,25,34.8,57,307
199102,North Carolina Agricultural and Technical State University,Greensboro,North Carolina,4-year,Public,Doctoral/Research Universities,8872,91.3,8578,60,902,9,7213,74,3808,46,16,33,42.9,41,58.8,92,79.8,68,69,62,1569
199111,University of North Carolina at Asheville,Asheville,North Carolina,4-year,Public,Baccalaureate Colleges--Arts & Sciences,3736,83.8,3292,28,1190,89,6768,65,10246,78,37,79,59.5,76,31.9,29,80.3,70,79.6,83,571
199120,University of North Carolina at Chapel Hill,Chapel Hill,North Carolina,4-year,Public,Research Universities--very high research activity,18370,95.6,18306,85,1313,99,12622,97,80248,99,80.6,100,90,99,20.5,6,96.1,98,86,92,3877
199139,University of North Carolina at Charlotte,Charlotte,North Carolina,4-year,Public,Doctoral/Research Universities,21503,85.1,19592,87,1066,64,5972,47,6424,65,25.6,60,53.9,67,40.5,58,80.4,71,70.9,68,2926
199148,University of North Carolina at Greensboro,Greensboro,North Carolina,4-year,Public,Research Universities--high research activity,14753,84.5,13800,77,1029,51,7121,72,13884,85,29.7,68,55.4,70,44.3,70,73.9,50,80.5,85,2431
199157,North Carolina Central University,Durham,North Carolina,4-year,Public,Masters Colleges and Universities--larger programs,6220,85.2,6321,50,859,4,8020,82,2872,37,15,29,39.7,33,63.5,95,73.2,47,72.1,70,1236
199184,University of North Carolina School of the Arts,Winston-Salem,North Carolina,4-year,Public,Schools of art- music- and design,797,98,821,3,1105,76,8246,84,39618,96,57.4,94,59.8,77,31.3,27,84.8,83,73.3,73,169
199193,North Carolina State University,Raleigh,North Carolina,4-year,Public,Research Universities--very high research activity,24536,87.5,24073,93,1229,94,9025,90,25201,93,41.3,84,74,93,22.5,9,92.6,96,86.1,92,4780
199209,North Carolina Wesleyan College,Rocky Mount,North Carolina,4-year,Private not-for-profit,Baccalaureate Colleges--Diverse Fields,1602,76.9,1189,42,863,4,19289,76,8775,29,23,17,33.2,12,67.9,91,48.9,5,20.3,8,244
199218,University of North Carolina at Wilmington,Wilmington,North Carolina,4-year,Public,Masters Colleges and Universities--larger programs,12447,91.7,12218,74,1154,85,5993,48,5626,61,51.8,92,71,91,28.2,21,86.4,85,70,65,1913
199263,Pamlico Community College,Grantsboro,North Carolina,2-year,Public,Associates--Public Rural-serving Small,597,33.7,430,3,NULL,NULL,5546,88,1180,62,66.7,100,66.7,100,32.3,26,52.1,25,31,46,30
199272,Peace College,Raleigh,North Carolina,4-year,Private not-for-profit,Baccalaureate Colleges--Arts & Sciences,1007,86.9,769,28,910,7,14597,55,50855,78,38,42,43.3,27,71.5,92,66.8,27,17.5,6,171
199281,University of North Carolina at Pembroke,Pembroke,North Carolina,4-year,Public,Masters Colleges and Universities--medium programs,5429,77.9,5048,41,926,13,5930,46,3278,40,15.4,31,32.7,21,53.5,87,67.6,29,74.8,75,1101
199306,Pfeiffer University,Misenheimer,North Carolina,4-year,Private not-for-profit,Masters Colleges and Universities--larger programs,951,90,938,34,954,16,13564,49,10373,35,33.3,35,48.1,37,43.9,64,64.5,22,65.5,69,189
199315,Piedmont Baptist College and Graduate School,Winston Salem,North Carolina,4-year,Private not-for-profit,Theological seminaries- Bible colleges- and other faith-related institutions,197,75.6,222,8,878,5,7313,18,1240,5,22.5,16,37.5,17,39.4,56,58.1,13,53.1,51,40
199324,Piedmont Community College,Roxboro,North Carolina,2-year,Public,Associates--Public Rural-serving Medium,1591,43.9,1346,18,NULL,NULL,4701,74,487,39,22.6,87,29,78,51.6,75,64,78,50.3,85,221
199333,Pitt Community College,Winterville,North Carolina,2-year,Public,Associates--Public Rural-serving Large,8902,52.5,7026,79,NULL,NULL,4770,75,162,14,4,15,12.7,20,51.8,75,68.3,87,47.8,82,1109
199412,Queens University of Charlotte,Charlotte,North Carolina,4-year,Private not-for-profit,Masters Colleges and Universities--medium programs,1734,81.3,1726,60,1058,51,12897,44,42253,74,43.8,52,51.7,43,32.7,39,69.9,34,51.2,48,288
199421,Randolph Community College,Asheboro,North Carolina,2-year,Public,Associates--Public Suburban-serving Single Campus,3024,38.2,2528,40,NULL,NULL,3791,42,1737,72,5.4,27,15.1,29,51.7,75,67.7,86,29.9,41,317
199449,Richmond Community College,Hamlet,North Carolina,2-year,Public,Associates--Public Rural-serving Small,2664,41.7,2106,33,NULL,NULL,4331,62,NULL,NULL,7.6,39,16,33,67.1,94,60.5,63,53.1,88,262
199458,Mid-Atlantic Christian University,Elizabeth City,North Carolina,4-year,Private not-for-profit,Baccalaureate Colleges--Diverse Fields,162,79.6,167,5,853,3,7443,18,16582,48,30,28,60,60,70,91,54.3,10,100,95,20
199467,Roanoke-Chowan Community College,Ahoskie,North Carolina,2-year,Public,Associates--Public Rural-serving Small,933,45.2,647,6,NULL,NULL,4450,66,NULL,NULL,25.5,90,37.7,92,67.3,94,49.2,16,27.3,33,106
199476,Robeson Community College,Lumberton,North Carolina,2-year,Public,Associates--Public Rural-serving Medium,2260,38.8,2322,38,NULL,NULL,4216,58,750,49,14.5,70,21.6,55,70.6,96,41.9,4,33.4,52,283
199485,Rockingham Community College,Wentworth,North Carolina,2-year,Public,Associates--Public Rural-serving Medium,1854,46.2,1557,22,NULL,NULL,4098,55,3647,89,6.9,35,14.8,28,46.9,63,51.3,22,26.9,32,318
199494,Rowan-Cabarrus Community College,Salisbury,North Carolina,2-year,Public,Associates--Public Suburban-serving Multicampus,6731,38.8,5749,73,NULL,NULL,2303,5,100,10,11.5,59,35.1,90,79.3,99,50.8,20,26.5,30,607
199582,St. Augustine's College,Raleigh,North Carolina,4-year,Private not-for-profit,Baccalaureate Colleges--Diverse Fields,1299,97.4,1471,52,749,0,11215,34,11458,37,21.8,16,29.3,9,74.5,93,61.3,17,45.7,40,417
199607,Salem College,Winston Salem,North Carolina,4-year,Private not-for-profit,Baccalaureate Colleges--Arts & Sciences,979,84.5,965,35,1110,68,15368,58,50593,78,61.3,78,63.9,68,56.4,83,79.7,63,46.9,42,119
199625,Sampson Community College,Clinton,North Carolina,2-year,Public,Associates--Public Rural-serving Small,1538,47,876,8,NULL,NULL,3533,32,NULL,NULL,22.2,87,22.2,57,56.9,83,45.7,9,38.1,65,194
199634,Sandhills Community College,Pinehurst,North Carolina,2-year,Public,Associates--Public Rural-serving Medium,4158,47.5,3434,52,NULL,NULL,4282,61,2404,81,4.3,18,11.2,14,45.1,59,48.8,14,27.4,33,447
199643,Shaw University,Raleigh,North Carolina,4-year,Private not-for-profit,Baccalaureate Colleges--Diverse Fields,1923,92.8,1863,64,NULL,NULL,8538,22,4647,16,16.3,9,30.5,10,78.9,95,42.6,3,60.7,61,545
199698,St. Andrews Presbyterian College,Laurinburg,North Carolina,4-year,Private not-for-profit,Baccalaureate Colleges--Diverse Fields,595,93.8,453,17,964,18,14045,52,18744,51,3.7,1,42.1,25,41.7,59,70.1,35,59.2,59,214
199722,Southeastern Community College (N.C.),Whiteville,North Carolina,2-year,Public,Associates--Public Rural-serving Medium,1402,54.6,1424,20,NULL,NULL,5718,89,2191,80,5.1,24,9.6,9,59.4,87,48.3,13,51.1,86,293
199731,Southwestern Community College (N.C.),Sylva,North Carolina,2-year,Public,Associates--Public Rural-serving Medium,2242,41.8,1926,30,NULL,NULL,4818,76,612,44,30.5,94,32.5,86,52.8,77,56.9,47,32.5,49,151
199740,Stanly Community College,Albemarle,North Carolina,2-year,Public,Associates--Public Rural-serving Medium,2885,37.2,2307,37,NULL,NULL,4941,80,NULL,NULL,12.3,63,13,21,70.9,97,54.4,34,28.2,35,399
199768,Surry Community College,Dobson,North Carolina,2-year,Public,Associates--Public Rural-serving Medium,3454,47.5,2686,42,NULL,NULL,4839,77,1679,70,9.5,50,24.3,65,42.3,50,63.6,76,22.3,17,432
199786,Alamance Community College,Graham,North Carolina,2-year,Public,Associates--Public Suburban-serving Multicampus,4161,45.1,3614,53,NULL,NULL,4978,81,2294,81,5.1,24,10.7,12,52.4,77,63.5,76,18.7,8,590
199795,Tri-County Community College,Murphy,North Carolina,2-year,Public,Associates--Public Rural-serving Small,1412,46.3,1135,13,NULL,NULL,2840,13,186,18,17.8,79,28,75,61.2,89,56.1,43,12.2,1,107
199838,Vance-Granville Community College,Henderson,North Carolina,2-year,Public,Associates--Public Rural-serving Medium,4008,27.1,3232,49,NULL,NULL,5576,88,1391,67,12.8,65,28.3,76,46,61,63.3,75,55.1,90,258
199847,Wake Forest University,Winston Salem,North Carolina,4-year,Private not-for-profit,Research Universities--high research activity,4823,98.6,4600,91,NULL,NULL,25652,91,143348,92,81.8,94,86.5,94,12,2,92.9,91,88.6,90,1123
199856,Wake Technical Community College,Raleigh,North Carolina,2-year,Public,Associates--Public Urban-serving Multicampus,19160,31.2,16265,97,NULL,NULL,4037,53,198,20,6.8,34,16.4,35,36.1,36,69.7,90,100,99,1173
199865,Warren Wilson College,Swannanoa,North Carolina,4-year,Private not-for-profit,Baccalaureate Colleges--Arts & Sciences,830,99.3,874,31,1136,73,15341,58,63362,82,39.6,45,50.6,42,33.1,40,68.7,31,64.9,67,235
199892,Wayne Community College,Goldsboro,North Carolina,2-year,Public,Associates--Public Rural-serving Medium,3837,47.3,3174,48,NULL,NULL,2362,5,29,4,4.6,20,17.9,40,73.7,98,51.7,24,27.2,33,369
199908,Western Piedmont Community College,Morganton,North Carolina,2-year,Public,Associates--Public Rural-serving Medium,2352,52.8,2205,35,NULL,NULL,4772,75,914,55,8.8,48,23.6,62,73.4,98,60.7,64,24.5,24,407
199926,Wilkes Community College,Wilkesboro,North Carolina,2-year,Public,Associates--Public Rural-serving Medium,2753,54.5,2292,37,NULL,NULL,5425,87,1898,75,8.3,44,31.8,84,53,77,64.5,79,27.6,34,374
199953,Wilson Community College,Wilson,North Carolina,2-year,Public,Associates--Public Rural-serving Medium,2117,50.6,1682,25,NULL,NULL,4889,79,579,42,13.3,67,24.5,65,49,68,54.5,35,20.3,12,347
199962,Wingate University,Wingate,North Carolina,4-year,Private not-for-profit,Masters Colleges and Universities--smaller programs,2009,97.2,1716,60,1013,33,18019,72,17933,50,46.9,57,53.1,46,38.2,52,75.4,50,56.2,55,426
199999,Winston-Salem State University,Winston-Salem,North Carolina,4-year,Public,Masters Colleges and Universities--medium programs,4938,87.4,5048,41,889,6,6634,62,3898,48,17.8,38,45.5,48,57.2,90,75,54,78.1,80,962
200004,Western Carolina University,Cullowhee,North Carolina,4-year,Public,Masters Colleges and Universities--larger programs,8448,83.8,7559,56,1034,56,5785,43,6199,64,32,71,51.1,61,38.1,48,78.6,66,69.1,63,1249
200013,Rasmussen College at Fargo,Fargo,North Dakota,4-year,Private for-profit,Baccalaureate/Associates Colleges,964,54.6,879,67,NULL,NULL,3391,8,NULL,NULL,14.3,34,14.3,17,57.5,24,0,0,24,64,7
200022,Bismarck State College,Bismarck,North Dakota,4-year,Public,Associates--Public 4-year Primarily Associates,4062,58.2,3015,26,NULL,NULL,3747,4,2664,35,NULL,NULL,NULL,NULL,23.7,11,NULL,NULL,36.4,11,NULL
200059,Dickinson State University,Dickinson,North Dakota,4-year,Public,Baccalaureate Colleges--Diverse Fields,1449,70.3,1411,9,965,24,3878,5,7753,70,15.3,31,37.9,29,23.4,10,55.5,7,60.3,44,314
200086,Ft. Berthold Community College,New Town,North Dakota,4-year,Public,Tribal Colleges,203,63.1,170,0,NULL,NULL,9101,90,7449,69,40,82,40,33,33.2,33,100,100,70.4,66,5
200156,Jamestown College,Jamestown,North Dakota,4-year,Private not-for-profit,Baccalaureate Colleges--Diverse Fields,955,92.4,958,35,1038,43,9961,28,31554,67,33.3,35,51.1,42,27.8,29,61.1,16,70.3,73,264
200192,Lake Region State College,Devils Lake,North Dakota,2-year,Public,Associates--Public Rural-serving Medium,1898,25.6,1075,12,NULL,NULL,4113,56,5167,95,29.5,93,39.6,93,16.4,3,52.2,26,75,96,207
200208,Cankdeska Cikana Community College,Fort Totten,North Dakota,2-year,Public,Tribal Colleges,254,62.6,201,1,NULL,NULL,3463,30,6639,97,11.5,59,15.4,30,71.3,97,52.9,28,100,99,26
200217,University of Mary,Bismarck,North Dakota,4-year,Private not-for-profit,Masters Colleges and Universities--larger programs,2044,80.1,1962,66,1046,46,7421,18,12374,40,28.1,25,48.6,38,23.6,21,70.6,37,34.5,25,352
200226,Mayville State University,Mayville,North Dakota,4-year,Public,Baccalaureate Colleges--Diverse Fields,1036,56.7,809,3,NULL,NULL,4196,8,NULL,NULL,20.9,47,36,25,29.7,24,55.9,7,97.8,99,86
200253,Minot State University,Minot,North Dakota,4-year,Public,Masters Colleges and Universities--medium programs,3254,66.1,2660,22,1004,39,3822,4,5036,57,14.4,27,37.3,28,23.2,10,68.2,31,67.6,59,418
200280,University of North Dakota,Grand Forks,North Dakota,4-year,Public,Research Universities--high research activity,11724,80,10831,70,1090,72,4432,12,1000,11,24.1,56,53.3,65,20.9,6,75,54,91.1,97,1832
200305,North Dakota State College of Science,Wahpeton,North Dakota,2-year,Public,Associates--Public Rural-serving Medium,3168,54,2318,37,NULL,NULL,5009,82,4719,94,38.4,96,47.3,96,29.5,20,63.2,75,36.5,61,588
200314,Dakota College at Bottineau,Bottineau,North Dakota,2-year,Public,Associates--Public 2-year colleges under 4-year universities,793,46.3,470,3,NULL,NULL,4381,65,4459,92,24.1,89,28.3,76,28.8,18,35.2,1,24.6,24,191
200332,North Dakota State University,Fargo,North Dakota,4-year,Public,Research Universities--very high research activity,11948,89.6,11236,72,1091,74,4754,19,28,1,25.6,60,53.1,64,22.5,9,78,64,98.1,99,2125
200341,Williston State College,Williston,North Dakota,2-year,Public,Associates--Public Rural-serving Small,909,47.3,562,5,NULL,NULL,4871,78,93,9,32.5,95,37.3,92,21.9,7,58.3,52,100,99,126
200466,Sitting Bull College,Fort Yates,North Dakota,4-year,Public,Tribal Colleges,279,69.5,222,0,NULL,NULL,9152,91,5887,62,NULL,NULL,NULL,NULL,71.5,98,NULL,NULL,53.2,34,NULL
200484,Trinity Bible College,Ellendale,North Dakota,4-year,Private not-for-profit,Theological seminaries- Bible colleges- and other faith-related institutions,198,80.8,209,8,NULL,NULL,16552,65,676,3,23.5,18,35.3,14,72.2,93,65,23,76.5,80,51
200527,Turtle Mountain Community College,Belcourt,North Dakota,4-year,Private not-for-profit,Tribal Colleges,602,80.2,507,19,NULL,NULL,7476,18,3352,11,0,0,0,0,73.5,93,50,6,59.3,59,1
200554,United Tribes Technical College,Bismarck,North Dakota,4-year,Private not-for-profit,Tribal Colleges,505,87.3,536,20,NULL,NULL,10821,33,1133,4,NULL,NULL,NULL,NULL,55,82,69.6,34,100,95,NULL
200572,Valley City State University,Valley City,North Dakota,4-year,Public,Baccalaureate Colleges--Diverse Fields,1211,62.7,974,4,967,25,4969,24,4742,56,22.8,52,46.2,50,26.4,16,64.4,19,56.3,38,184
200590,ETI Technical College of Niles,Niles,Ohio,2-year,Private for-profit,Associates--Private For-profit,161,65.2,278,27,NULL,NULL,4748,65,NULL,NULL,44.4,56,44.4,21,89.4,90,53.3,16,41.7,54,27
200633,Academy of Court Reporting at Cleveland,Independence,Ohio,2-year,Private for-profit,Associates--Private For-profit,243,59.3,227,18,NULL,NULL,4291,50,NULL,NULL,24.3,27,67.6,68,78.4,69,50,12,14,10,37
200785,Akron Institute of Herzing University,Akron,Ohio,4-year,Private for-profit,Associates--Private For-profit,302,63.2,466,35,NULL,NULL,4170,40,NULL,NULL,NULL,NULL,NULL,NULL,83,92,100,91,68.6,95,NULL
200800,University of Akron,Akron,Ohio,4-year,Public,Research Universities--high research activity,20477,77.5,18964,86,1016,46,5181,30,8639,74,15.6,31,40.2,34,41.5,61,66.4,24,46.5,21,3552
200846,University of Akron-Wayne College,Orrville,Ohio,2-year,Public,Associates--Public 2-year colleges under 4-year universities,2020,43.8,1400,19,NULL,NULL,3582,34,7390,98,1.2,1,7.6,4,38.1,41,60.8,65,16.6,5,340
201016,Antonelli College,Cincinnati,Ohio,2-year,Private for-profit,Associates--Private For-profit,180,90,303,29,NULL,NULL,3820,25,NULL,NULL,29.6,36,29.6,8,97,98,19.2,0,39.1,49,27
201061,Art Academy of Cincinnati,Cincinnati,Ohio,4-year,Private not-for-profit,Schools of art- music- and design,207,93.2,190,7,1009,31,13948,51,7509,25,53.1,67,53.1,46,41.7,59,71.1,38,16,5,32
201104,Ashland University,Ashland,Ohio,4-year,Private not-for-profit,Doctoral/Research Universities,3198,74.7,2970,82,1043,45,18586,74,9394,32,41.5,48,56.1,52,28.6,30,73.7,46,45.7,40,636
201177,Aultman College of Nursing and Health Sciences,Canton,Ohio,4-year,Private not-for-profit,Associates--Private Not-for-profit,306,17,288,11,NULL,NULL,3419,2,3811,13,NULL,NULL,NULL,NULL,47.8,72,NULL,NULL,83.3,85,NULL
201195,Baldwin-Wallace College,Berea,Ohio,4-year,Private not-for-profit,Masters Colleges and Universities--larger programs,3425,87.7,3252,85,1096,64,15260,58,33733,68,55.2,70,70.9,78,33.3,40,79.2,62,41.8,34,735
201283,Belmont Technical College,Saint Clairsville,Ohio,2-year,Public,Associates--Public Rural-serving Medium,1259,56.2,1400,19,NULL,NULL,3838,45,302,30,2.3,5,19.2,46,66.5,94,44.9,7,22.6,18,349
201371,Bluffton University,Bluffton,Ohio,4-year,Private not-for-profit,Baccalaureate Colleges--Diverse Fields,1053,79.6,950,34,1027,38,24475,89,20012,53,52.4,66,59.7,59,38.8,54,67.4,29,58.9,58,206
201399,Fortis College at Ravenna,Ravenna,Ohio,2-year,Private for-profit,Associates--Private For-profit,356,75,560,57,NULL,NULL,5207,77,NULL,NULL,24.7,28,48.2,26,87.7,87,63.7,38,18.6,14,340
201432,Bowling Green State University Firelands College,Huron,Ohio,2-year,Public,Associates--Public Rural-serving Small,2441,50.6,1681,25,NULL,NULL,3742,40,4997,94,4.3,18,13.2,22,45.8,60,54.8,36,40.7,70,370
201441,Bowling Green State University,Bowling Green,Ohio,4-year,Public,Research Universities--high research activity,14477,92.5,14455,78,1009,42,6379,58,9758,77,31.2,71,54,67,34.3,36,70.1,38,70.8,67,3233
201469,Bryant & Stratton College at Parma,Parma,Ohio,4-year,Private for-profit,Associates--Private For-profit 4-year Primarily Associates,662,48.9,869,66,NULL,NULL,3948,28,NULL,NULL,NULL,NULL,NULL,NULL,81.1,88,0,0,26.1,68,NULL
201548,Capital University,Columbus,Ohio,4-year,Private not-for-profit,Masters Colleges and Universities--medium programs,2788,89,2800,80,1102,65,18458,73,17716,50,51.5,64,58.2,57,29.6,32,74.4,47,44.1,38,627
201645,Case Western Reserve University,Cleveland,Ohio,4-year,Private not-for-profit,Research Universities--very high research activity,4661,97.1,4547,91,1377,95,27147,93,186652,93,64.8,81,79.9,88,20,14,94.2,93,86,88,1132
201654,Cedarville University,Cedarville,Ohio,4-year,Private not-for-profit,Baccalaureate Colleges--Diverse Fields,3238,94,3340,85,1195,83,11352,35,6903,23,61.3,78,72.6,80,20.8,16,85.2,77,71.9,76,760
201672,Central Ohio Technical College,Newark,Ohio,2-year,Public,Associates--Public Suburban-serving Single Campus,3648,27.3,2995,46,NULL,NULL,3534,32,838,53,3.2,10,12,16,59.6,88,43.1,5,24.6,24,560
201690,Central State University,Wilberforce,Ohio,4-year,Public,Baccalaureate Colleges--Diverse Fields,2036,90.4,2077,17,825,1,8021,82,1196,13,10.5,16,25.2,9,75.8,99,52.8,4,53.3,34,564
201751,Chatfield College,Saint Martin,Ohio,2-year,Private not-for-profit,Associates--Private Not-for-profit,427,49.9,345,57,NULL,NULL,6269,73,6597,56,26.2,23,31,26,69.8,66,33.3,3,100,92,42
201821,The Christ College of Nursing and Health Sciences,Cincinnati,Ohio,4-year,Private not-for-profit,Associates--Private Not-for-profit,535,50.3,394,15,1011,33,5105,9,9927,33,NULL,NULL,NULL,NULL,41.6,59,NULL,NULL,59.6,59,NULL
201858,Cincinnati Christian University,Cincinnati,Ohio,4-year,Private not-for-profit,Theological seminaries- Bible colleges- and other faith-related institutions,676,84.2,545,21,989,26,7918,20,5943,20,18.5,12,38,18,48.7,74,77,56,28,16,108
201885,University of Cincinnati,Cincinnati,Ohio,4-year,Public,Research Universities--very high research activity,23706,85.8,21242,90,1141,82,6784,66,34212,95,25,58,63.5,81,26.6,17,84.6,82,54.8,36,3525
201928,Cincinnati State Technical and Community College,Cincinnati,Ohio,2-year,Public,Associates--Public Urban-serving Single Campus,11167,37.2,8757,85,NULL,NULL,3251,23,558,42,6.8,34,15.6,31,11.7,1,47.9,12,31.3,46,1343
201946,University of Cincinnati-Clermont College,Batavia,Ohio,4-year,Public,Associates--Public 2-year colleges under 4-year universities,3446,60.4,2722,23,NULL,NULL,4634,16,525,7,NULL,NULL,NULL,NULL,43.9,69,NULL,NULL,24.9,3,NULL
201955,University of Cincinnati-Raymond Walters College,Blue Ash,Ohio,4-year,Public,Associates--Public 2-year colleges under 4-year universities,4796,61.8,3699,32,NULL,NULL,4870,23,58,1,NULL,NULL,NULL,NULL,41.5,61,NULL,NULL,36.4,11,NULL
201964,Ohio Christian University,Circleville,Ohio,4-year,Private not-for-profit,Baccalaureate Colleges--Diverse Fields,3528,49.5,2275,72,939,13,2819,1,1149,4,15.6,8,32.8,12,56.9,84,64.1,21,30.6,19,64
201973,Clark State Community College,Springfield,Ohio,2-year,Public,Associates--Public Urban-serving Single Campus,5653,29.9,3689,54,NULL,NULL,3936,49,2493,82,2.3,5,8.7,6,51.2,74,38.9,2,21.7,15,392
202046,Cleveland Institute of Art,Cleveland,Ohio,4-year,Private not-for-profit,Schools of art- music- and design,568,98.2,562,21,1060,52,17922,72,45604,76,53.6,68,59.8,60,44.2,65,78.3,58,39.8,32,97
202073,Cleveland Institute of Music,Cleveland,Ohio,4-year,Private not-for-profit,Schools of art- music- and design,237,99.6,253,10,NULL,NULL,28052,93,86283,85,48.3,59,56.9,54,15.1,7,85,77,34.8,25,58
202134,Cleveland State University,Cleveland,Ohio,4-year,Public,Research Universities--high research activity,12133,74.2,10602,69,1030,51,5739,42,507,6,8.3,10,32,19,43.4,67,67.2,26,47.8,23,1132
202161,Bradford School (Ohio),Columbus,Ohio,2-year,Private for-profit,Associates--Private For-profit,449,100,797,71,NULL,NULL,4406,54,NULL,NULL,67.3,85,67.3,67,62.6,34,80.5,83,56.4,70,156
202170,Columbus College of Art & Design,Columbus,Ohio,4-year,Private not-for-profit,Schools of art- music- and design,1348,91,1251,45,1035,42,12546,42,7322,25,47.1,58,59.1,58,37.3,50,79.4,62,31.2,20,325
202222,Columbus State Community College,Columbus,Ohio,2-year,Public,Associates--Public Urban-serving Single Campus,25249,34.9,22814,99,NULL,NULL,4526,69,NULL,NULL,1.2,1,7.8,5,41.6,49,49.1,16,22.8,18,2190
202356,Cuyahoga Community College,Cleveland,Ohio,2-year,Public,Associates--Public Urban-serving Multicampus,27910,34.1,20271,99,NULL,NULL,4886,78,1952,76,0.7,0,4.4,1,47,63,47.5,11,25.3,26,2085
202435,Davis College,Toledo,Ohio,2-year,Private for-profit,Associates--Private For-profit,218,24.3,264,24,NULL,NULL,5786,86,NULL,NULL,6.7,6,20,3,79.9,74,37.5,6,24,22,30
202480,University of Dayton,Dayton,Ohio,4-year,Private not-for-profit,Research Universities--high research activity,7975,93.5,7956,96,1181,81,14059,52,41246,73,60.4,77,76.7,85,11.9,2,88.6,85,60.1,60,1763
202514,Defiance College,Defiance,Ohio,4-year,Private not-for-profit,Baccalaureate Colleges--Diverse Fields,892,82.1,898,32,964,18,14485,54,13467,42,37.6,42,45.6,32,46.5,70,57.6,12,31.7,20,226
202523,Denison University,Granville,Ohio,4-year,Private not-for-profit,Baccalaureate Colleges--Arts & Sciences,2274,99.1,2268,71,1285,90,24391,89,305000,96,77.8,91,81.4,89,18.1,11,89.3,86,79.7,82,585
202648,Edison State Community College,Piqua,Ohio,2-year,Public,Associates--Public Suburban-serving Single Campus,2993,29.3,2049,32,NULL,NULL,3752,41,843,53,9.2,49,20.4,51,44.3,57,52.9,28,25.5,27,437
202684,Bryant & Stratton College at Cleveland,Cleveland,Ohio,4-year,Private for-profit,Baccalaureate/Associates Colleges,538,40.5,718,59,NULL,NULL,4012,32,NULL,NULL,NULL,NULL,NULL,NULL,90.1,99,NULL,NULL,20.3,54,NULL
202763,University of Findlay,Findlay,Ohio,4-year,Private not-for-profit,Masters Colleges and Universities--larger programs,3872,64.3,3055,83,1083,59,12746,43,7346,25,43.8,52,56,51,20.1,14,76.2,53,75.2,79,589
202806,Franklin University,Columbus,Ohio,4-year,Private not-for-profit,Schools of business and management,5185,34.5,3068,83,NULL,NULL,3448,3,1431,5,3.3,1,15,3,47.3,71,47.4,4,8,2,60
202903,God's Bible School and College,Cincinnati,Ohio,4-year,Private not-for-profit,Theological seminaries- Bible colleges- and other faith-related institutions,305,66.9,228,9,NULL,NULL,4549,7,NULL,NULL,13.5,6,35.1,14,46.5,70,76.5,54,95.2,94,37
202912,Good Samaritan College of Nursing and Health Science,Cincinnati,Ohio,4-year,Private not-for-profit,Associates--Private Not-for-profit,355,41.7,230,9,970,20,3711,4,11527,38,NULL,NULL,NULL,NULL,48.4,73,NULL,NULL,74.4,78,NULL
203085,Heidelberg University,Tiffin,Ohio,4-year,Private not-for-profit,Masters Colleges and Universities--smaller programs,1107,95.3,1079,39,NULL,NULL,14577,55,27948,63,35.2,38,50.7,42,42.9,62,64.6,22,54.8,53,369
203128,Hiram College,Hiram,Ohio,4-year,Private not-for-profit,Baccalaureate Colleges--Arts & Sciences,1283,87.1,1255,45,1030,39,16714,66,49493,78,57.1,73,64.6,69,41.1,58,75.7,51,54.1,51,333
203155,Hocking College,Nelsonville,Ohio,2-year,Public,Associates--Public Rural-serving Large,4094,73.6,4146,59,NULL,NULL,4283,61,1159,62,9.1,48,18.6,44,57.9,85,48,13,61.6,94,1278
203313,"ITT Technical Institute (Dayton, Ohio)",Dayton,Ohio,4-year,Private for-profit,Associates--Private For-profit,304,74,357,23,NULL,NULL,3925,28,NULL,NULL,NULL,NULL,NULL,NULL,78.8,83,NULL,NULL,15.4,42,NULL
203331,Eastern Gateway Community College,Steubenville,Ohio,2-year,Public,Associates--Public Rural-serving Medium,2929,48.3,1841,29,NULL,NULL,4085,55,143,12,8.6,47,23.7,62,54.7,80,48.9,15,16.9,5,291
203368,John Carroll University,University Heights,Ohio,4-year,Private not-for-profit,Masters Colleges and Universities--larger programs,3040,97,2996,82,1112,68,20752,82,51044,78,65.4,83,75.3,83,27.3,28,88.1,84,48.5,45,720
203386,Hondros College,Westerville,Ohio,4-year,Private for-profit,Associates--Private For-profit,1656,77.2,1684,85,NULL,NULL,4733,63,NULL,NULL,NULL,NULL,NULL,NULL,67.5,45,NULL,NULL,62.5,94,NULL
203447,Kent State University at Ashtabula,Ashtabula,Ohio,4-year,Public,Associates--Public 4-year Primarily Associates,2339,28.6,1478,10,NULL,NULL,3976,6,NULL,NULL,1.3,0,10.7,1,59.4,93,49.2,2,45,19,75
203456,Kent State University-East Liverpool,East Liverpool,Ohio,4-year,Public,Associates--Public 2-year colleges under 4-year universities,1671,13.9,690,2,NULL,NULL,4047,7,NULL,NULL,22.2,51,38.9,31,54.9,89,60,11,38.6,13,18
203465,Kent State University-Stark,Canton,Ohio,4-year,Public,Associates--Public 4-year Primarily Associates,4836,45.8,3239,27,NULL,NULL,4063,7,NULL,NULL,8.5,10,27.4,12,53.8,87,63.3,17,42,17,574
203474,Kent State University-Trumbull,Warren,Ohio,4-year,Public,Associates--Public 4-year Primarily Associates,3061,30.3,1816,14,NULL,NULL,4016,7,NULL,NULL,6.3,6,20.8,6,61,94,54.8,6,49.6,27,207
203483,Kent State University-Tuscarawas,New Philadelphia,Ohio,4-year,Public,Associates--Public 2-year colleges under 4-year universities,2375,36.8,1572,11,NULL,NULL,3841,5,NULL,NULL,4.9,3,18.3,4,50,83,69.4,35,41.5,16,142
203492,Kent State University-Salem,Salem,Ohio,4-year,Public,Baccalaureate/Associates Colleges,1844,38.1,1211,7,NULL,NULL,4282,10,NULL,NULL,11.4,18,31.6,19,52.4,86,55.7,7,33.3,8,79
203517,Kent State University,Kent,Ohio,4-year,Public,Research Universities--high research activity,22968,80.7,20602,90,1048,58,6239,55,3768,46,27.7,65,51.5,62,34.4,37,77.7,63,52.8,33,3721
203526,Kent State University-Geauga,Burton,Ohio,4-year,Public,Associates--Public 4-year Primarily Associates,2646,22.3,1308,7,NULL,NULL,3788,4,NULL,NULL,7.7,8,21.2,6,40.8,59,61,14,25.7,3,104
203535,Kenyon College,Gambier,Ohio,4-year,Private not-for-profit,Baccalaureate Colleges--Arts & Sciences,1705,99.4,1830,62,1328,93,25677,91,106676,88,86.2,96,89.1,95,10.3,1,95.7,95,95.7,94,458
203544,Kettering College of Medical Arts,Kettering,Ohio,4-year,Private not-for-profit,Other health professions schools,800,52.4,756,28,1002,29,4314,6,NULL,NULL,63.6,81,81.8,90,39.1,55,52.1,8,100,95,11
203580,Lake Erie College,Painesville,Ohio,4-year,Private not-for-profit,Masters Colleges and Universities--smaller programs,922,92.4,987,36,983,24,17309,68,27395,62,27.8,24,44.7,30,41,58,70.6,37,35,25,237
203599,Lakeland Community College,Kirtland,Ohio,2-year,Public,Associates--Public Suburban-serving Single Campus,8839,35.9,6170,75,NULL,NULL,6768,96,397,35,8.3,44,8.3,6,39.5,44,46.7,10,21.1,14,955
203678,James A. Rhodes State College,Lima,Ohio,2-year,Public,Associates--Public Rural-serving Medium,3599,39.1,2689,42,NULL,NULL,4409,65,488,39,2.2,5,18.9,45,50.2,70,51.9,25,27.8,34,684
203720,Ohio Business College at Sheffield Village,Sheffield Village,Ohio,2-year,Private for-profit,Associates--Private For-profit,415,77.1,498,51,NULL,NULL,5153,76,NULL,NULL,32.3,40,64.5,60,89.5,91,56.8,22,19.4,16,62
203739,Ohio Business College at Sandusky,Sandusky,Ohio,2-year,Private for-profit,Associates--Private For-profit,387,51.7,374,36,NULL,NULL,4818,67,NULL,NULL,5.6,3,29.6,8,89.9,92,59.1,26,21.2,18,54
203748,Lorain County Community College,Elyria,Ohio,2-year,Public,Associates--Public Urban-serving Single Campus,12274,27.6,7690,82,NULL,NULL,3681,38,4484,93,1,1,9.5,9,46.3,62,60.3,62,19.2,9,1175
203757,Lourdes College,Sylvania,Ohio,4-year,Private not-for-profit,Masters Colleges and Universities--smaller programs,1806,63,1462,51,NULL,NULL,7646,19,5695,19,6.7,3,32.2,11,57.2,84,62.2,19,100,95,90
203775,Malone University,Canton,Ohio,4-year,Private not-for-profit,Masters Colleges and Universities--medium programs,1656,87.7,1801,61,1046,46,14422,54,7391,25,45.7,55,58.7,57,39.9,57,71.3,39,42.7,36,387
203845,Marietta College,Marietta,Ohio,4-year,Private not-for-profit,Baccalaureate Colleges--Diverse Fields,1416,95.5,1491,52,NULL,NULL,18237,73,40982,73,43.8,52,55,49,30.2,34,71.5,39,66.7,70,416
203881,Marion Technical College,Marion,Ohio,2-year,Public,Associates--Public Rural-serving Medium,2698,33.4,1752,26,NULL,NULL,5735,89,NULL,NULL,11,57,20,49,41.4,49,42.9,5,31.2,46,355
203960,Mercy College of Northwest Ohio,Toledo,Ohio,4-year,Private not-for-profit,Other health professions schools,1195,41.9,891,32,NULL,NULL,4634,7,11072,36,58.8,75,64.7,70,52.3,80,86.4,80,37.3,28,17
204006,Miami University at Hamilton,Hamilton,Ohio,4-year,Public,Associates--Public 4-year Primarily Associates,3621,69.6,2906,24,NULL,NULL,4337,10,NULL,NULL,7.9,9,27.7,12,47.4,77,64.8,20,37.6,12,481
204015,Miami University at Middletown,Middletown,Ohio,4-year,Public,Associates--Public 4-year Primarily Associates,2221,59.9,1643,12,NULL,NULL,4406,12,NULL,NULL,4.3,3,21.9,7,46.6,76,60.7,13,34.2,9,302
204024,Miami University (Ohio),Oxford,Ohio,4-year,Public,Research Universities--high research activity,15462,97,15850,81,1240,94,7490,77,32353,95,68.3,98,80.8,95,15.5,2,89.6,92,79.1,82,3456
204060,Miami-Jacobs Career College at Dayton,Dayton,Ohio,2-year,Private for-profit,Associates--Private For-profit,258,62.4,247,21,NULL,NULL,4506,57,NULL,NULL,15,17,45,22,89.8,92,51.5,14,25,26,20
204176,Mount Carmel College of Nursing,Columbus,Ohio,4-year,Private not-for-profit,Other health professions schools,947,69.2,1070,38,1030,39,5341,10,NULL,NULL,44,52,56,51,25.6,24,76.8,55,65.2,68,84
204185,University of Mount Union,Alliance,Ohio,4-year,Private not-for-profit,Baccalaureate Colleges--Diverse Fields,2096,98.1,2210,70,1050,48,15245,57,60126,82,53.3,67,62.7,66,31.8,37,73.7,46,52,49,593
204194,Mount Vernon Nazarene University,Mount Vernon,Ohio,4-year,Private not-for-profit,Masters Colleges and Universities--medium programs,1829,79.3,1596,56,1071,57,11409,35,7108,24,48.9,60,59.7,59,42.5,61,72.8,43,36.9,28,350
204200,College of Mount St. Joseph,Cincinnati,Ohio,4-year,Private not-for-profit,Masters Colleges and Universities--medium programs,1795,68.1,1547,54,989,26,12621,42,15917,47,38.5,43,56.7,53,31.5,36,69.3,33,48.3,45,335
204255,Zane State College,Zanesville,Ohio,2-year,Public,Associates--Public Rural-serving Medium,3652,36.1,2200,34,NULL,NULL,3640,36,1553,68,17.5,78,26,71,55.9,81,51.9,25,30.4,43,593
204264,Muskingum University,New Concord,Ohio,4-year,Private not-for-profit,Masters Colleges and Universities--medium programs,1728,83.2,1633,57,983,24,14018,51,31533,66,29.1,27,47.9,36,42.3,61,68.3,30,59.6,59,430
204307,Fortis College at Cuyahoga Falls,Cuyahoga Falls,Ohio,2-year,Private for-profit,Associates--Private For-profit,471,83.7,740,69,NULL,NULL,4788,66,NULL,NULL,14.3,15,48.7,27,70.6,52,90,97,28.1,32,540
204316,Brown Mackie College-North Canton,Canton,Ohio,4-year,Private for-profit,Associates--Private For-profit,563,100,599,51,NULL,NULL,3817,21,NULL,NULL,NULL,NULL,NULL,NULL,83.2,93,NULL,NULL,10,22,NULL
204422,North Central State College,Mansfield,Ohio,2-year,Public,Associates--Public Rural-serving Medium,2958,28.6,1805,28,NULL,NULL,3384,27,1628,69,5,24,10.5,12,50.8,72,52.8,28,28.7,37,380
204440,Northwest State Community College,Archbold,Ohio,2-year,Public,Associates--Public Rural-serving Medium,4603,17.3,2406,38,NULL,NULL,3008,17,438,37,6.6,33,27.3,74,56.1,82,59.2,57,18.7,8,286
204468,Notre Dame College (Ohio),Cleveland,Ohio,4-year,Private not-for-profit,Baccalaureate Colleges--Diverse Fields,1989,70.6,1485,52,943,14,14054,52,4022,13,18.3,11,38.7,20,34.9,45,60.3,16,25.7,13,230
204486,University of Northwestern Ohio,Lima,Ohio,4-year,Private not-for-profit,Associates--Private Not-for-profit 4-year Primarily Associates,4117,88.2,4210,89,NULL,NULL,6135,13,NULL,NULL,22.1,16,44.1,29,50.3,77,67.6,29,50,47,68
204501,Oberlin College,Oberlin,Ohio,4-year,Private not-for-profit,Baccalaureate Colleges--Arts & Sciences,2894,98.7,2915,81,1354,94,22801,87,261456,95,75.9,90,88.7,95,10.7,1,93.4,92,89.6,91,723
204592,Ohio College of Massotherapy Inc,Akron,Ohio,2-year,Private not-for-profit,Associates--Private Not-for-profit,103,70.9,92,9,NULL,NULL,3657,25,NULL,NULL,42.9,44,42.9,38,65.1,60,56.5,37,0,0,35
204608,Ohio Technical College,Cleveland,Ohio,2-year,Private for-profit,Associates--Private For-profit,1119,100,671,64,NULL,NULL,5824,86,NULL,NULL,74.1,91,74.1,81,61.5,32,82.8,87,78.6,88,846
204617,Ohio Dominican University,Columbus,Ohio,4-year,Private not-for-profit,Masters Colleges and Universities--larger programs,2005,69.4,1617,56,1028,38,14892,56,11865,38,28.6,26,40.9,23,34.7,44,66.2,25,38.8,31,391
204626,Kaplan College at Dayton,Dayton,Ohio,2-year,Private for-profit,Associates--Private For-profit,404,100,724,68,NULL,NULL,3762,22,NULL,NULL,0,0,52.5,32,61.4,31,67.8,49,26.7,29,261
204635,Ohio Northern University,Ada,Ohio,4-year,Private not-for-profit,Baccalaureate Colleges--Diverse Fields,2702,81.2,2451,75,1153,77,32777,97,44521,75,53.1,67,68.5,75,24,22,84.3,75,70.8,74,559
204662,Ohio State University Agricultural Technical Institute,Wooster,Ohio,2-year,Public,Associates--Public 2-year colleges under 4-year universities,643,86.2,559,4,NULL,NULL,4330,62,5855,96,16.7,76,29.9,81,37.9,41,64.8,80,33.3,52,281
204671,Ohio State University at Lima,Lima,Ohio,4-year,Public,Baccalaureate Colleges--Diverse Fields,1059,82.3,954,4,NULL,NULL,3745,4,4775,56,19.7,43,36.9,27,45.8,73,59.2,9,41.4,16,477
204680,Ohio State University at Mansfield,Mansfield,Ohio,4-year,Public,Baccalaureate/Associates Colleges,1155,83.7,1061,6,NULL,NULL,4358,11,1846,23,20.1,43,41.5,37,47,76,63.2,17,42.5,17,513
204699,Ohio State University at Marion,Marion,Ohio,4-year,Public,Baccalaureate/Associates Colleges,1230,77.6,1017,5,NULL,NULL,4352,11,4479,53,20.9,47,45.1,47,42.3,64,62.5,16,39.6,14,503
204705,Ohio State University at Newark,Newark,Ohio,4-year,Public,Baccalaureate/Associates Colleges,2263,83.2,1971,16,NULL,NULL,3556,2,1621,20,19,41,43.2,42,42.1,64,57.4,8,34.3,9,1140
204796,Ohio State University,Columbus,Ohio,4-year,Public,Research Universities--very high research activity,44201,90.5,41409,100,1289,98,8170,83,52745,98,58.5,95,83.2,97,22.2,8,92.4,96,70,65,6155
204802,Ohio University Eastern Campus,Saint Clairsville,Ohio,4-year,Public,Associates--Public 4-year Primarily Associates,1091,41.3,670,2,NULL,NULL,3810,4,NULL,NULL,6.2,5,24.8,8,27.3,20,61.2,14,27.9,5,129
204820,Ohio University at Chillicothe,Chillicothe,Ohio,4-year,Public,Associates--Public 4-year Primarily Associates,2330,48.7,1801,14,NULL,NULL,5213,31,NULL,NULL,4,2,16,2,54.4,88,50.5,3,19.4,1,150
204839,Ohio University Southern Campus,Ironton,Ohio,4-year,Public,Associates--Public 4-year Primarily Associates,2012,53,1587,11,NULL,NULL,4899,23,NULL,NULL,9.6,14,17.6,3,50.3,83,51.3,3,26.9,4,136
204848,Ohio University Lancaster Campus,Lancaster,Ohio,4-year,Public,Associates--Public 4-year Primarily Associates,2596,47.1,1869,15,NULL,NULL,4986,25,NULL,NULL,7.6,8,21.1,6,37.7,47,60.1,11,17.5,0,275
204857,Ohio University,Athens,Ohio,4-year,Public,Research Universities--high research activity,23504,71.3,21755,91,1104,76,6185,54,16736,88,47.9,89,66.4,84,23.4,10,78.6,66,65.8,56,3970
204866,Ohio University at Zanesville,Zanesville,Ohio,4-year,Public,Associates--Public 4-year Primarily Associates,2042,43.3,1529,10,NULL,NULL,5002,26,NULL,NULL,19.5,42,38.5,31,41.8,63,51.9,4,35.1,10,169
204884,Ohio Valley College of Technology,East Liverpool,Ohio,2-year,Private for-profit,Associates--Private For-profit,183,83.6,219,16,NULL,NULL,5223,78,NULL,NULL,47.4,60,61.4,51,81.8,77,64,39,36.8,46,57
204909,Ohio Wesleyan University,Delaware,Ohio,4-year,Private not-for-profit,Baccalaureate Colleges--Arts & Sciences,1830,98.9,1841,63,1123,71,25892,91,102736,87,53.6,68,63.2,66,21.8,17,80.1,64,69,72,576
204936,Otterbein University,Westerville,Ohio,4-year,Private not-for-profit,Masters Colleges and Universities--medium programs,2479,89,2640,78,1087,61,14495,54,28859,64,1.7,0,58.9,58,25.5,24,76.4,54,58.6,58,632
204945,Owens Community College Toledo,Perrysburg,Ohio,2-year,Public,Associates--Public Urban-serving Multicampus,14691,34.5,9416,87,NULL,NULL,3335,25,174,16,2,3,6.8,2,42.6,52,49,16,20.3,12,2157
205027,Pontifical College Josephinum,Columbus,Ohio,4-year,Private not-for-profit,Theological seminaries- Bible colleges- and other faith-related institutions,135,100,125,3,NULL,NULL,4624,7,137636,91,59.1,75,77.3,85,7.6,0,84.2,75,61.1,62,22
205054,Professional Skills Institute,Maumee,Ohio,2-year,Private for-profit,Associates--Private For-profit,311,100,490,51,NULL,NULL,3162,7,NULL,NULL,26.7,31,46.7,24,69.3,50,72.2,64,36.5,45,30
205179,Fortis College at Centerville,Centerville,Ohio,4-year,Private for-profit,Associates--Private For-profit,2802,100,4527,94,NULL,NULL,6144,91,NULL,NULL,NULL,NULL,NULL,NULL,78.2,82,100,91,32.9,78,NULL
205203,University of Rio Grande,Rio Grande,Ohio,4-year,Private not-for-profit,Masters Colleges and Universities--medium programs,2206,81.6,1862,63,NULL,NULL,6182,13,10676,35,23,17,32.2,11,66.2,90,50.8,7,48.9,45,261
205391,School of Advertising Art,Kettering,Ohio,2-year,Private for-profit,Associates--Private For-profit,140,98.6,105,3,NULL,NULL,4315,51,NULL,NULL,60.3,75,60.3,48,42.1,11,82.9,88,50,63,63
205443,Shawnee State University,Portsmouth,Ohio,4-year,Public,Baccalaureate Colleges--Arts & Sciences,4255,85.4,4070,34,NULL,NULL,5629,41,3661,45,13,21,24.4,8,55.7,89,52,4,48.1,24,508
205470,Sinclair Community College,Dayton,Ohio,2-year,Public,Associates--Public Urban-serving Single Campus,19176,35.3,13779,95,NULL,NULL,3923,49,3199,87,4.7,20,11.5,14,44,56,45.8,9,28.5,36,2314
205513,Gallipolis Career College,Gallipolis,Ohio,2-year,Private for-profit,Associates--Private For-profit,105,55.2,115,4,NULL,NULL,3068,5,NULL,NULL,21.7,24,21.7,4,95.6,97,15.4,0,8.3,3,23
205522,Daymar College at New Boston,New Boston,Ohio,2-year,Private for-profit,Associates--Private For-profit,87,81.6,139,6,NULL,NULL,4153,41,NULL,NULL,36.8,47,36.8,14,73,58,NULL,NULL,11.1,6,19
205559,Daymar College - Lancaster,Lancaster,Ohio,2-year,Private for-profit,Associates--Private For-profit,69,91.3,66,0,NULL,NULL,5071,74,NULL,NULL,33.3,41,40,17,91.2,94,20,1,6.7,2,15
205568,Daymar College - Chillicothe,Chillicothe,Ohio,2-year,Private for-profit,Associates--Private For-profit,76,82.9,132,5,NULL,NULL,4010,35,NULL,NULL,28.3,34,45,22,78.7,70,80,82,18.2,14,60
205610,Brown Mackie College at Cincinnati,Cincinnati,Ohio,4-year,Private for-profit,Associates--Private For-profit,1045,100,1089,74,NULL,NULL,3918,27,NULL,NULL,NULL,NULL,NULL,NULL,82.7,92,66.7,68,19.7,53,NULL
205647,Brown Mackie College at Akron,Akron,Ohio,4-year,Private for-profit,Associates--Private For-profit,694,100,770,63,NULL,NULL,3613,12,NULL,NULL,NULL,NULL,NULL,NULL,81.8,90,0,0,15.9,45,NULL
205708,Lincoln College of Technology - Cincinnati Tri-County,Cincinnati,Ohio,2-year,Private for-profit,Associates--Private For-profit,123,100,272,25,NULL,NULL,1930,2,NULL,NULL,33.8,44,36.4,14,97,98,49.1,12,77.8,87,195
205726,Lincoln College of Technology at Dayton,Dayton,Ohio,2-year,Private for-profit,Associates--Private For-profit,58,100,188,13,NULL,NULL,1726,2,NULL,NULL,25.7,30,25.7,7,86.7,85,31.9,3,80,89,113
205841,Stark State College,North Canton,Ohio,2-year,Public,Associates--Public Rural-serving Large,15450,28.9,7707,82,NULL,NULL,3086,19,526,41,3.4,12,9.2,8,60,88,45.6,8,28.8,38,1799
205887,Stautzenberger College,Maumee,Ohio,2-year,Private for-profit,Associates--Private For-profit,790,48.5,696,66,NULL,NULL,3654,18,NULL,NULL,13.6,15,26.4,7,79.7,73,50.8,13,20.8,17,110
205957,Franciscan University of Steubenville,Steubenville,Ohio,4-year,Private not-for-profit,Masters Colleges and Universities--medium programs,2112,94.2,2095,69,1163,79,7819,19,17992,50,60.8,77,71.3,79,26.4,27,86.3,79,52.8,50,436
205966,Southern State Community College,Hillsboro,Ohio,2-year,Public,Associates--Public Rural-serving Medium,2431,48.3,2418,39,NULL,NULL,3529,32,801,51,12.3,63,21.8,55,59.9,88,46.9,10,36,60,514
206002,Ohio Mid-Western College,Cincinnati,Ohio,4-year,Private not-for-profit,Theological seminaries- Bible colleges- and other faith-related institutions,140,96.4,92,2,NULL,NULL,14895,56,NULL,NULL,0,0,0,0,84.7,97,35.6,1,33.3,22,10
206011,Terra State Community College,Fremont,Ohio,2-year,Public,Associates--Public Rural-serving Medium,2923,37.4,2119,33,NULL,NULL,3898,48,1676,70,5.7,29,12.3,17,51,73,39.7,2,13.3,2,513
206048,Tiffin University,Tiffin,Ohio,4-year,Private not-for-profit,Masters Colleges and Universities--larger programs,3764,57,4127,89,969,19,7035,17,1541,5,33.8,36,43.2,27,61.7,87,64.9,23,22.2,10,308
206084,University of Toledo,Toledo,Ohio,4-year,Public,Research Universities--high research activity,16153,80.7,15399,80,1031,55,6998,70,2657,35,23.2,53,46.4,51,37.9,48,68.1,30,76,77,3383
206093,Kaplan Career Institute - Cleveland Campus,Brooklyn,Ohio,2-year,Private for-profit,Associates--Private For-profit,302,100,464,49,NULL,NULL,3071,5,NULL,NULL,0,0,70,73,43.5,12,65.7,44,11.1,6,223
206224,Trumbull Business College,Warren,Ohio,2-year,Private for-profit,Associates--Private For-profit,240,69.2,222,17,NULL,NULL,4486,56,NULL,NULL,25,29,26.9,7,92.8,95,56.2,20,26.2,28,52
206279,Union Institute & University,Cincinnati,Ohio,4-year,Private not-for-profit,Doctoral/Research Universities,1241,62.4,1125,40,NULL,NULL,3987,4,543,2,25,20,31.2,11,60.8,87,44.4,3,14.4,4,16
206330,Urbana University,Urbana,Ohio,4-year,Private not-for-profit,Baccalaureate Colleges--Diverse Fields,1584,47.7,1020,37,NULL,NULL,11683,37,2960,10,23.8,18,29.6,9,35.3,45,78.9,61,100,95,240
206349,Ursuline College,Pepper Pike,Ohio,4-year,Private not-for-profit,Masters Colleges and Universities--smaller programs,805,68,730,26,1018,35,12213,40,17022,49,28.2,25,50,40,42.3,61,65.2,23,31.9,21,110
206394,Virginia Marti College of Art & Design,Lakewood,Ohio,2-year,Private for-profit,Associates--Private For-profit,173,54.3,167,9,NULL,NULL,4247,46,NULL,NULL,8.6,8,48.6,26,55.3,25,70.6,57,12.2,9,35
206437,Walsh University,North Canton,Ohio,4-year,Private not-for-profit,Masters Colleges and Universities--medium programs,2385,80.3,2157,70,1047,47,13168,46,6031,21,43.7,51,55.2,50,33.1,40,73.5,45,44.3,39,453
206446,Washington State Community College (Ohio),Marietta,Ohio,2-year,Public,Associates--Public Rural-serving Medium,1759,41,1346,18,NULL,NULL,3871,46,235,23,8.5,46,15.5,30,45.8,60,60.9,66,29,38,317
206491,Wilberforce University,Wilberforce,Ohio,4-year,Private not-for-profit,Baccalaureate Colleges--Diverse Fields,463,97.4,507,19,NULL,NULL,11178,34,20831,55,39.4,45,66.7,72,82.3,97,74.1,46,38.7,31,33
206507,Wilmington College (Ohio),Wilmington,Ohio,4-year,Private not-for-profit,Baccalaureate Colleges--Diverse Fields,1169,88.1,1202,43,1006,30,16686,65,25792,60,33.1,34,38.4,19,44.8,66,81.8,69,71.6,75,414
206525,Wittenberg University,Springfield,Ohio,4-year,Private not-for-profit,Baccalaureate Colleges--Arts & Sciences,1959,94.6,1972,66,1119,70,21855,85,46513,76,58.6,74,62.6,65,26.4,27,74.4,47,66.8,71,551
206589,College of Wooster,Wooster,Ohio,4-year,Private not-for-profit,Baccalaureate Colleges--Arts & Sciences,2116,98.2,2020,67,1231,86,24917,90,122323,90,70.5,86,75,83,19.4,13,87.1,81,81.1,84,545
206604,Wright State University,Dayton,Ohio,4-year,Public,Research Universities--high research activity,12796,78,12000,73,NULL,NULL,5964,47,7190,68,18.9,41,41.4,36,40.5,58,61.5,15,79,82,2371
206613,Wright State University Lake Campus,Celina,Ohio,4-year,Public,Associates--Public 2-year colleges under 4-year universities,1096,66.5,859,3,NULL,NULL,5643,41,NULL,NULL,19.3,42,31.6,19,35.7,42,66.9,26,NULL,NULL,114
206622,Xavier University (Ohio),Cincinnati,Ohio,4-year,Private not-for-profit,Masters Colleges and Universities--larger programs,4620,89.8,4583,91,1132,73,16068,62,21298,55,66.1,83,76.3,85,18.3,11,83.4,74,52.7,50,852
206631,"ITT Technical Institute (Youngstown, Ohio)",Youngstown,Ohio,4-year,Private for-profit,Associates--Private For-profit,472,78.8,485,37,NULL,NULL,4312,48,NULL,NULL,NULL,NULL,NULL,NULL,81.3,89,NULL,NULL,21.4,58,NULL
206695,Youngstown State University,Youngstown,Ohio,4-year,Public,Masters Colleges and Universities--larger programs,12138,77.7,10770,70,NULL,NULL,5764,43,18487,89,8.8,11,33.4,22,51.2,85,69.3,35,40.1,15,1919
206817,Bacone College,Muskogee,Oklahoma,4-year,Private not-for-profit,Baccalaureate/Associates Colleges,965,88.2,988,36,836,2,3735,4,7354,25,0,0,3.2,0,94.5,99,33.1,1,29.3,18,126
206835,Oklahoma Wesleyan University,Bartlesville,Oklahoma,4-year,Private not-for-profit,Baccalaureate Colleges--Diverse Fields,1214,47,959,35,981,23,8469,22,4484,15,49.5,61,56.9,54,42.1,60,50.4,7,30.8,19,109
206862,Southern Nazarene University,Bethany,Oklahoma,4-year,Private not-for-profit,Masters Colleges and Universities--larger programs,1743,93.7,1618,56,NULL,NULL,14348,53,11081,36,33.2,35,47,34,53.7,81,67.6,29,22.6,10,319
206914,Cameron University,Lawton,Oklahoma,4-year,Public,Masters Colleges and Universities--smaller programs,5358,67,4352,36,NULL,NULL,5184,30,3381,42,8.2,10,20.2,5,48.6,81,60.4,12,60.4,45,608
206923,Carl Albert State College,Poteau,Oklahoma,2-year,Public,Associates--Public Rural-serving Medium,2458,65.5,2041,31,NULL,NULL,4221,59,3261,87,12.5,64,22.7,59,45.4,59,59.5,59,43.5,74,559
206941,University of Central Oklahoma,Edmond,Oklahoma,4-year,Public,Masters Colleges and Universities--larger programs,15218,72,12520,74,1030,51,5440,36,2077,27,9.7,14,35.5,24,35,39,65.1,21,52.4,33,1791
206996,Connors State College,Warner,Oklahoma,2-year,Public,Associates--Public Rural-serving Medium,2397,61.5,1773,27,NULL,NULL,4642,71,NULL,NULL,7.1,37,12.2,17,56,82,43.9,6,100,99,638
207041,East Central University (Okla.),Ada,Oklahoma,4-year,Public,Masters Colleges and Universities--larger programs,3757,81.5,3370,29,969,26,6292,57,966,10,16.8,35,33.8,22,48.5,80,62.5,16,63,50,529
207050,Eastern Oklahoma State College,Wilburton,Oklahoma,2-year,Public,Associates--Public Rural-serving Small,1832,54.3,1415,19,NULL,NULL,2939,15,1378,67,11.4,59,20.5,52,18.9,4,45.1,7,44.5,76,404
207069,Redlands Community College,El Reno,Oklahoma,2-year,Public,Associates--Public Suburban-serving Single Campus,2971,26.3,1466,20,NULL,NULL,3710,39,330,32,12.4,63,16.8,36,33.3,28,48.8,14,28.1,35,340
207157,Hillsdale Free Will Baptist College,Moore,Oklahoma,4-year,Private not-for-profit,Theological seminaries- Bible colleges- and other faith-related institutions,197,85.3,187,6,899,6,7779,19,1756,6,4.2,2,14.6,3,53.7,81,45.3,3,43.1,37,48
207209,Langston University,Langston,Oklahoma,4-year,Public,Masters Colleges and Universities--smaller programs,2075,88.7,1753,13,NULL,NULL,6501,60,19868,90,15.8,32,30.9,18,71.7,98,70,37,99.4,99,304
207236,Murray State College,Tishomingo,Oklahoma,2-year,Public,Associates--Public Rural-serving Medium,2343,45.7,1807,28,NULL,NULL,7105,97,14,2,8,42,17.9,40,62.6,91,54.7,35,23.1,19,502
207254,Spartan College of Aeronautics and Technology,Tulsa,Oklahoma,4-year,Private for-profit,Other technology-related schools,817,100,1208,77,NULL,NULL,8030,97,NULL,NULL,0,0,42.9,81,64.1,37,74.2,79,66.7,94,7
207263,Northeastern State University,Tahlequah,Oklahoma,4-year,Public,Masters Colleges and Universities--larger programs,7418,71.2,6192,50,970,26,6682,64,1715,21,11.8,19,29.7,15,49.3,82,68.1,30,52.8,33,960
207281,Northern Oklahoma College,Tonkawa,Oklahoma,2-year,Public,Associates--Public Rural-serving Medium,4909,47.8,3414,51,NULL,NULL,3487,31,151,13,10.4,54,19.5,47,28.4,17,50.6,20,43.9,75,940
207290,Northeastern Oklahoma A&M College,Miami,Oklahoma,2-year,Public,Associates--Public Rural-serving Medium,2347,74.3,2075,32,NULL,NULL,5385,86,2188,79,12.6,64,22.8,60,57.7,85,52.6,28,54.8,90,723
207306,Northwestern Oklahoma State University,Alva,Oklahoma,4-year,Public,Masters Colleges and Universities--smaller programs,2077,73,1696,12,NULL,NULL,4816,21,7921,71,13.1,22,31.4,18,41.8,63,59.2,9,53.9,35,328
207324,Oklahoma Christian University,Edmond,Oklahoma,4-year,Private not-for-profit,Masters Colleges and Universities--medium programs,1962,95.5,1821,62,1124,71,12041,39,27015,62,28.4,26,48.8,38,27.1,28,85.1,77,50.5,47,521
207351,Oklahoma Panhandle State University,Goodwell,Oklahoma,4-year,Public,Baccalaureate Colleges--Diverse Fields,1375,75.7,1365,8,890,7,4465,13,2929,38,15.6,31,30,15,45.5,72,62.9,16,57.5,40,90
207388,Oklahoma State University at Stillwater,Stillwater,Oklahoma,4-year,Public,Research Universities--high research activity,20660,86.1,18433,85,1138,82,7417,76,17463,88,32.6,72,59.6,76,29.1,23,78.6,66,86.7,94,3111
207397,Oklahoma State University-Oklahoma City,Oklahoma City,Oklahoma,4-year,Public,Associates--Public 4-year Primarily Associates,6996,32.2,4784,39,NULL,NULL,6582,61,22,0,NULL,NULL,NULL,NULL,41.9,64,NULL,NULL,23.8,2,NULL
207403,Oklahoma Baptist University,Shawnee,Oklahoma,4-year,Private not-for-profit,Baccalaureate Colleges--Diverse Fields,2019,92.5,1781,61,1098,64,11659,37,55848,80,47,57,54.6,49,33.3,40,74.1,46,62.2,63,315
207449,Oklahoma City Community College,Oklahoma City,Oklahoma,2-year,Public,Associates--Public Urban-serving Single Campus,13491,34.2,8904,86,NULL,NULL,2184,3,33,4,5.3,26,13.6,23,42.5,51,44.2,6,33.8,53,1411
207458,Oklahoma City University,Oklahoma City,Oklahoma,4-year,Private not-for-profit,Masters Colleges and Universities--larger programs,1964,89.3,2012,67,1163,79,14495,54,28164,63,48.8,60,60.8,61,19.9,14,81.4,68,58.3,58,400
207500,University of Oklahoma at Norman,Norman,Oklahoma,4-year,Public,Research Universities--very high research activity,20985,83.7,18770,86,1176,88,7164,73,36571,96,34.8,76,65.6,83,24.9,14,84,80,82.1,88,3824
207564,Oklahoma State University at Okmulgee,Okmulgee,Oklahoma,4-year,Public,Associates--Public 4-year Primarily Associates,3618,61,3243,27,NULL,NULL,5185,30,1103,12,0.3,0,0.6,0,38.2,49,36.2,0,70.7,67,345
207582,Oral Roberts University,Tulsa,Oklahoma,4-year,Private not-for-profit,Masters Colleges and Universities--smaller programs,2884,87.3,2919,82,1037,43,13234,46,12590,40,41.4,48,53.4,47,44,65,80.6,66,63.7,65,476
207625,Platt College - Central Oklahoma City,Oklahoma City,Oklahoma,2-year,Private for-profit,Associates--Private For-profit,200,100,390,39,NULL,NULL,6056,88,NULL,NULL,67,85,67,66,89.5,91,52.7,15,68.8,83,100
207661,Rogers State University,Claremore,Oklahoma,4-year,Public,Baccalaureate/Associates Colleges,4473,58.1,3482,30,950,19,4945,24,2534,33,8.7,11,18.1,4,47.2,77,60.4,12,38.6,13,265
207670,Rose State College,Midwest City,Oklahoma,2-year,Public,Associates--Public Suburban-serving Single Campus,7193,37.4,4896,66,NULL,NULL,3017,17,NULL,NULL,4.9,22,12.2,17,40.1,46,48.9,15,36.4,61,1024
207689,Saint Gregory's University,Shawnee,Oklahoma,4-year,Private not-for-profit,Baccalaureate Colleges--Diverse Fields,633,58.3,539,21,NULL,NULL,11060,34,19940,53,14.8,7,23.5,6,41.9,60,48.3,5,31.5,20,81
207722,University of Science and Arts of Oklahoma,Chickasha,Oklahoma,4-year,Public,Baccalaureate Colleges--Arts & Sciences,918,87.7,974,4,990,33,7374,75,10978,80,26.8,63,39.5,32,46.4,75,69.1,34,64.8,54,190
207740,Seminole State College,Seminole,Oklahoma,2-year,Public,Associates--Public Rural-serving Medium,2020,45.9,1408,19,NULL,NULL,5719,89,NULL,NULL,13.9,69,21.3,54,43.9,55,53.9,32,44.9,77,461
207847,Southeastern Oklahoma State University,Durant,Oklahoma,4-year,Public,Masters Colleges and Universities--medium programs,3498,76.3,3094,26,NULL,NULL,6830,66,5805,61,13,21,30.6,17,47.8,79,57.4,8,55.5,37,631
207856,Southwestern Christian University,Bethany,Oklahoma,4-year,Private not-for-profit,Baccalaureate Colleges--Diverse Fields,804,70.3,333,13,963,18,3790,4,2447,8,35.3,38,52.9,45,65.2,90,51.6,8,28.6,17,17
207865,Southwestern Oklahoma State University,Weatherford,Oklahoma,4-year,Public,Masters Colleges and Universities--medium programs,4162,80.9,3758,32,990,33,6469,59,4132,50,14.1,26,30.1,16,39.2,53,70.1,38,76.6,78,820
207935,Tulsa Community College,Tulsa,Oklahoma,2-year,Public,Associates--Public Urban-serving Multicampus,18640,34.2,12480,92,NULL,NULL,5567,88,364,33,5.7,29,13.9,25,40.8,47,53.5,31,29.9,41,1977
207962,Tulsa Welding School,Tulsa,Oklahoma,2-year,Private for-profit,Associates--Private For-profit,1094,100,1019,81,NULL,NULL,3986,33,NULL,NULL,22.2,24,56.9,40,57.7,28,68.9,52,100,94,1259
207971,University of Tulsa,Tulsa,Oklahoma,4-year,Private not-for-profit,Doctoral/Research Universities,3428,96.1,3183,84,1279,90,20141,79,216498,94,51.5,64,68.8,76,15.6,7,90.3,88,77.3,81,651
208035,Western Oklahoma State College,Altus,Oklahoma,2-year,Public,Associates--Public Rural-serving Medium,1690,39.9,2054,32,NULL,NULL,1503,1,2217,80,12.7,64,20.1,50,13.2,1,49.4,17,59.7,93,339
208239,Art Institute of Portland,Portland,Oregon,4-year,Private for-profit,Schools of art- music- and design,1348,68.2,1347,80,NULL,NULL,4801,66,NULL,NULL,16.2,41,30.8,61,56.5,22,45.3,33,20.1,54,198
208275,Blue Mountain Community College,Pendleton,Oregon,2-year,Public,Associates--Public Rural-serving Medium,1880,53,1778,27,NULL,NULL,3000,17,1344,66,8.5,46,20.1,50,33,27,32.2,1,30.1,42,294
208318,Central Oregon Community College,Bend,Oregon,2-year,Public,Associates--Public Rural-serving Medium,6760,44,6571,77,NULL,NULL,5047,82,2019,77,8.6,47,17.5,39,51.3,74,54.2,33,35.7,59,709
208390,Chemeketa Community College,Salem,Oregon,2-year,Public,Associates--Public Rural-serving Large,12111,50.4,10746,90,NULL,NULL,4467,67,380,34,3.9,15,12,16,47.3,64,52.4,26,26.6,31,895
208406,Clackamas Community College,Oregon City,Oregon,2-year,Public,Associates--Public Suburban-serving Multicampus,7368,38.5,4261,60,NULL,NULL,3168,21,2969,86,4.2,17,12.5,18,34.2,30,48.8,14,26.7,31,574
208415,Clatsop Community College,Astoria,Oregon,2-year,Public,Associates--Public Rural-serving Medium,1069,42.6,754,7,NULL,NULL,7400,98,3634,89,17.5,78,24.6,66,37.1,38,3.2,0,26,29,57
208479,Concorde Career College at Portland,Portland,Oregon,2-year,Private for-profit,Associates--Private For-profit,925,100,605,60,NULL,NULL,5255,79,NULL,NULL,50.9,65,92.3,98,44.6,13,70.9,59,64.3,78,741
208488,Concordia University (Ore.),Portland,Oregon,4-year,Private not-for-profit,Masters Colleges and Universities--larger programs,1388,85.6,1297,46,993,27,19689,77,1806,6,35.7,39,55.5,50,44.9,66,70.7,37,16.6,5,182
208646,Eastern Oregon University,La Grande,Oregon,4-year,Public,Masters Colleges and Universities--smaller programs,3754,57,2925,25,935,14,5565,40,2927,38,15,29,23.2,7,51.1,84,63.8,19,87.1,94,314
208725,New Hope Christian College,Eugene,Oregon,4-year,Private not-for-profit,Theological seminaries- Bible colleges- and other faith-related institutions,179,86,173,6,NULL,NULL,7698,19,11370,37,30,28,30,10,57.7,85,46.7,4,17.9,6,10
208822,George Fox University,Newberg,Oregon,4-year,Private not-for-profit,Masters Colleges and Universities--larger programs,2384,88.4,2165,70,1070,55,15394,59,5850,20,51.7,65,62.3,65,36.4,48,82.6,72,43,36,435
208965,"ITT Technical Institute (Portland, Ore.)",Portland,Oregon,4-year,Private for-profit,Other technology-related schools,605,69.1,644,55,NULL,NULL,3803,20,NULL,NULL,0,0,6.7,2,65,39,NULL,NULL,21.3,57,15
209038,Lane Community College,Eugene,Oregon,2-year,Public,Associates--Public Rural-serving Large,11002,45.4,6373,76,NULL,NULL,5261,85,1762,73,2.5,7,9.7,9,58.8,87,50.4,19,38.8,66,766
209056,Lewis & Clark College,Portland,Oregon,4-year,Private not-for-profit,Baccalaureate Colleges--Arts & Sciences,2126,98.1,2245,71,1279,90,33940,98,58571,81,66.8,84,74.5,82,21.4,16,86.2,79,53.8,51,506
209065,Linfield College,McMinnville,Oregon,4-year,Private not-for-profit,Baccalaureate Colleges--Arts & Sciences,1671,97.5,1679,59,1090,62,19541,77,40655,72,59,75,67.9,74,25.5,24,80.5,65,67.8,72,476
209074,Linn-Benton Community College,Albany,Oregon,2-year,Public,Associates--Public Rural-serving Large,5617,46.4,4511,62,NULL,NULL,4446,66,823,52,8.4,45,16,33,37.3,39,51.6,23,27.1,32,1460
209108,Marylhurst University,Marylhurst,Oregon,4-year,Private not-for-profit,Masters Colleges and Universities--larger programs,741,23.8,497,19,NULL,NULL,6526,14,15876,47,0,0,21.4,5,52.4,80,50,6,18.3,7,14
209241,Mount Angel Seminary,Saint Benedict,Oregon,4-year,Private not-for-profit,Theological seminaries- Bible colleges- and other faith-related institutions,70,100,41,0,NULL,NULL,5062,9,156303,92,42.1,49,47.4,35,26,25,84.6,76,64.7,67,19
209250,Mt. Hood Community College,Gresham,Oregon,2-year,Public,Associates--Public Suburban-serving Single Campus,9393,45.3,11847,92,NULL,NULL,3955,51,NULL,NULL,10.4,54,17.7,39,46,61,52,25,28.1,35,1376
209287,Multnomah University,Portland,Oregon,4-year,Private not-for-profit,Theological seminaries- Bible colleges- and other faith-related institutions,438,81.7,458,18,1104,66,12757,43,9499,32,30,28,47.1,35,59.2,86,66.7,26,29.5,18,70
209409,Northwest Christian University,Eugene,Oregon,4-year,Private not-for-profit,Baccalaureate Colleges--Diverse Fields,484,78.9,446,17,974,21,13021,45,17349,49,42.3,49,44.2,29,49.6,76,54.4,10,96.4,94,52
209506,Oregon Institute of Technology,Klamath Falls,Oregon,4-year,Public,Baccalaureate Colleges--Diverse Fields,4366,53.6,2878,24,1025,49,5870,45,6769,67,18.3,39,43.3,43,36.2,43,74.2,51,88.1,95,268
209533,Oregon College of Art and Craft,Portland,Oregon,4-year,Private not-for-profit,Schools of art- music- and design,139,84.2,141,4,NULL,NULL,10424,31,22989,57,0,0,33.3,12,53.9,81,52.6,8,23.9,12,3
209542,Oregon State University,Corvallis,Oregon,4-year,Public,Research Universities--very high research activity,23157,79.8,19976,88,1102,75,7040,71,19689,90,29.6,67,61.5,79,33.4,34,84.1,81,71.5,69,2974
209551,University of Oregon,Eugene,Oregon,4-year,Public,Research Universities--very high research activity,20797,90.8,20191,89,1108,77,7278,74,24288,93,43.6,86,66.5,84,25.8,16,86.7,86,69.6,64,3505
209603,Pacific Northwest College of Art,Portland,Oregon,4-year,Private not-for-profit,Schools of art- music- and design,413,86.2,387,15,NULL,NULL,12353,41,28709,64,28.9,27,35.6,15,50,76,74,46,21.4,9,90
209612,Pacific University,Forest Grove,Oregon,4-year,Private not-for-profit,Masters Colleges and Universities--larger programs,1785,96.9,1650,58,1102,65,19958,78,17445,49,52.2,65,61.6,63,31.5,36,79.3,62,62.4,64,372
209746,Portland Community College,Portland,Oregon,2-year,Public,Associates--Public Urban-serving Multicampus,32411,41.9,23600,99,NULL,NULL,4350,63,NULL,NULL,4.7,20,19.2,46,44.2,56,58.8,55,22.8,18,1247
209807,Portland State University,Portland,Oregon,4-year,Public,Research Universities--high research activity,22927,64,17428,83,1045,57,5948,46,3352,41,17.7,37,41.7,38,40.2,57,73,46,48.3,25,1427
209825,University of Portland,Portland,Oregon,4-year,Private not-for-profit,Masters Colleges and Universities--larger programs,3494,97.6,3647,87,1195,83,20894,82,29069,65,69.8,86,75.5,83,21.9,18,90,87,56.9,56,804
209922,Reed College,Portland,Oregon,4-year,Private not-for-profit,Baccalaureate Colleges--Arts & Sciences,1395,97.2,1420,50,1371,95,34618,98,328925,96,70,86,81.9,90,17.2,9,94.1,93,100,95,337
209940,Rogue Community College,Grants Pass,Oregon,2-year,Public,Associates--Public Rural-serving Large,5530,43.3,3600,53,NULL,NULL,7807,99,1883,74,6,31,13.8,24,55.1,80,58.1,51,16.2,4,521
210076,Pioneer Pacific College at Wilsonville,Wilsonville,Oregon,4-year,Private for-profit,Associates--Private For-profit 4-year Primarily Associates,1109,68.3,2194,90,NULL,NULL,4606,60,NULL,NULL,NULL,NULL,NULL,NULL,73.7,68,NULL,NULL,45.7,89,NULL
210146,Southern Oregon University,Ashland,Oregon,4-year,Public,Masters Colleges and Universities--larger programs,5500,66,4181,35,1020,48,5522,38,5298,59,18.1,38,36.7,27,38.5,50,66.9,26,65.9,56,703
210155,Southwestern Oregon Community College,Coos Bay,Oregon,2-year,Public,Associates--Public Rural-serving Medium,2038,52.8,1587,23,NULL,NULL,7390,98,461,38,10.6,55,20.3,51,53.4,78,49.8,18,33.2,51,404
210234,Treasure Valley Community College,Ontario,Oregon,2-year,Public,Associates--Public Rural-serving Medium,2443,49.6,2055,32,NULL,NULL,3797,42,2551,83,8.9,48,18,41,67,94,51,21,28.4,36,405
210270,Umpqua Community College,Roseburg,Oregon,2-year,Public,Associates--Public Rural-serving Medium,2183,49.5,1774,27,NULL,NULL,4239,59,2526,82,7.8,40,15.4,30,58.5,86,42.2,5,28.8,38,306
210304,Warner Pacific College,Portland,Oregon,4-year,Private not-for-profit,Baccalaureate Colleges--Diverse Fields,503,93.2,483,18,NULL,NULL,8579,23,8860,29,22.8,17,31.5,11,53.4,81,64.7,22,46.4,41,92
210331,Corban University,Salem,Oregon,4-year,Private not-for-profit,Baccalaureate Colleges--Diverse Fields,936,90.4,850,31,1067,54,15486,59,2058,7,45.9,56,53.1,46,33.3,40,76.6,54,45.7,40,207
210359,Everest College at Portland,Portland,Oregon,2-year,Private for-profit,Associates--Private For-profit,227,53.7,322,31,NULL,NULL,4208,44,NULL,NULL,33.7,43,37.7,15,83.2,79,26.3,2,22.2,19,199
210401,Willamette University,Salem,Oregon,4-year,Private not-for-profit,Baccalaureate Colleges--Arts & Sciences,2119,93.5,2016,67,1198,84,22421,86,75786,84,70.9,87,78.8,87,20.7,15,85.9,79,72.2,76,444
210429,Western Oregon University,Monmouth,Oregon,4-year,Public,Masters Colleges and Universities--medium programs,5263,84,4701,38,950,19,6300,57,2245,30,20.1,43,44.4,46,44.3,70,68.5,32,58,41,916
210492,Bryn Athyn College of the New Church,Bryn Athyn,Pennsylvania,4-year,Private not-for-profit,Baccalaureate Colleges--Arts & Sciences,270,97,251,10,1028,38,11534,36,207241,94,5.7,2,48.6,38,35.4,46,74.1,46,51.9,49,35
210571,Albright College,Reading,Pennsylvania,4-year,Private not-for-profit,Baccalaureate Colleges--Arts & Sciences,2349,98.6,2273,72,1033,41,18855,74,24918,59,48.2,59,53.7,47,40.7,58,71.5,39,49,46,512
210605,Community College of Allegheny County,Pittsburgh,Pennsylvania,2-year,Public,Associates--Public Urban-serving Multicampus,18229,34.7,13486,94,NULL,NULL,2926,15,571,42,3.5,12,9.3,8,41.2,48,55.4,39,21.7,15,2964
210669,Allegheny College,Meadville,Pennsylvania,4-year,Private not-for-profit,Baccalaureate Colleges--Arts & Sciences,2161,98.3,2064,68,1182,82,22456,86,78877,84,74.2,89,79.2,87,26.2,26,85.4,78,84.3,86,581
210739,DeSales University,Center Valley,Pennsylvania,4-year,Private not-for-profit,Masters Colleges and Universities--larger programs,2482,74,2337,73,1069,54,14183,53,19292,52,63.4,80,70.3,78,26.7,27,85.1,77,34.4,24,391
210775,Alvernia University,Reading,Pennsylvania,4-year,Private not-for-profit,Masters Colleges and Universities--medium programs,2371,72.5,2102,69,976,22,10624,32,8359,27,35.4,38,51.3,42,34.6,44,71,38,33.9,23,302
210890,Antonelli Institute of Art and Photography,Erdenheim,Pennsylvania,2-year,Private for-profit,Associates--Private For-profit,189,100,173,10,NULL,NULL,6872,94,NULL,NULL,72.7,89,72.7,77,48.9,18,82.4,86,33.3,39,77
210906,Art Institute of York - Pennsylvania,York,Pennsylvania,4-year,Private for-profit,Associates--Private For-profit,462,69.9,607,52,NULL,NULL,4573,59,NULL,NULL,NULL,NULL,NULL,NULL,55.6,21,61.5,61,32.8,78,NULL
210942,Art Institute of Philadelphia,Philadelphia,Pennsylvania,4-year,Private for-profit,Schools of art- music- and design,2494,60.8,2432,91,NULL,NULL,4493,56,NULL,NULL,21.3,53,31.4,62,59,27,55.1,52,49.4,90,544
210960,Art Institute of Pittsburgh,Pittsburgh,Pennsylvania,4-year,Private for-profit,Schools of art- music- and design,1544,73.6,1840,86,NULL,NULL,6222,91,NULL,NULL,34.1,77,40.7,79,58.5,26,54.2,51,54.3,91,587
211024,Baptist Bible College and Seminary,Clarks Summit,Pennsylvania,4-year,Private not-for-profit,Theological seminaries- Bible colleges- and other faith-related institutions,624,62,617,23,1016,34,11628,37,2645,9,40.3,46,47.8,36,52.8,80,75.3,50,38.6,30,134
211079,Community College of Beaver County,Monaca,Pennsylvania,2-year,Public,Associates--Public Suburban-serving Single Campus,2335,43.4,1872,29,NULL,NULL,4066,54,461,38,11.5,59,22.7,59,41.4,49,60.6,64,29.1,39,384
211088,Arcadia University,Glenside,Pennsylvania,4-year,Private not-for-profit,Masters Colleges and Universities--larger programs,2453,92.1,2418,74,1095,63,21327,84,15951,47,53.2,67,60.5,61,33.7,42,85.4,78,32.4,21,476
211149,Bidwell Training Center,Pittsburgh,Pennsylvania,2-year,Private not-for-profit,Associates--Private Not-for-profit,159,100,172,28,NULL,NULL,7931,87,36916,96,78.9,89,78.9,88,14.7,0,81.8,83,84.2,81,71
211158,Bloomsburg University of Pennsylvania,Bloomsburg,Pennsylvania,4-year,Public,Masters Colleges and Universities--larger programs,9416,93.6,8869,62,990,33,5196,31,2402,32,42.3,85,61.8,79,30.4,25,80.6,71,81.9,87,1679
211200,Bradford School (Pa.),Pittsburgh,Pennsylvania,2-year,Private for-profit,Associates--Private For-profit,439,100,517,52,NULL,NULL,6712,92,NULL,NULL,75.9,92,75.9,82,69,49,78.6,78,52.6,66,290
211273,Bryn Mawr College,Bryn Mawr,Pennsylvania,4-year,Private not-for-profit,Baccalaureate Colleges--Arts & Sciences,1328,99,1242,44,1334,93,34481,98,458469,98,80.7,93,84.1,92,18.6,12,90.7,88,84.4,86,352
211291,Bucknell University,Lewisburg,Pennsylvania,4-year,Private not-for-profit,Baccalaureate Colleges--Arts & Sciences,3532,99.2,3611,87,1306,91,26711,93,180935,93,87.3,98,90.8,96,10.6,1,94.1,93,96.6,94,887
211307,Bucks County Community College,Newtown,Pennsylvania,2-year,Public,Associates--Public Suburban-serving Multicampus,9880,33,6898,78,NULL,NULL,3490,31,791,51,4.4,19,12.4,18,23.5,10,71.1,92,29.3,40,1562
211316,Bucks County School of Beauty Culture,Feasterville,Pennsylvania,2-year,Private for-profit,Associates--Private For-profit,89,87.6,55,0,NULL,NULL,6890,94,NULL,NULL,29,35,87.1,95,36.4,7,88.9,97,60,74,62
211343,Butler County Community College (Pa.),Butler,Pennsylvania,2-year,Public,Associates--Public Suburban-serving Single Campus,3686,43.6,2518,40,NULL,NULL,3908,49,657,46,9.3,49,18.6,44,36.6,37,60.3,62,17.2,6,888
211352,Cabrini College,Radnor,Pennsylvania,4-year,Private not-for-profit,Masters Colleges and Universities--larger programs,1337,91.8,1370,49,896,6,25021,90,16867,48,39.4,45,45.6,32,30.8,35,71.2,38,34.2,24,513
211361,California University of Pennsylvania,California,Pennsylvania,4-year,Public,Masters Colleges and Universities--larger programs,6450,87.6,6140,49,964,24,5741,42,2302,30,31,71,53.2,64,38,48,79.8,68,65.7,56,906
211398,Cambria-Rowe Business College at Johnstown,Johnstown,Pennsylvania,2-year,Private for-profit,Associates--Private For-profit,142,99.3,232,19,NULL,NULL,8374,100,NULL,NULL,57.8,72,66.7,64,76,64,50,12,100,94,45
211431,Carlow University,Pittsburgh,Pennsylvania,4-year,Private not-for-profit,Masters Colleges and Universities--medium programs,2100,51.4,1304,47,946,14,12644,42,9251,31,46.7,57,62.3,65,35.6,46,71.9,41,37.3,28,199
211440,Carnegie Mellon University,Pittsburgh,Pennsylvania,4-year,Private not-for-profit,Research Universities--very high research activity,5917,96.7,6063,94,1432,97,25059,90,75155,84,74.3,89,88,95,13.7,4,94.2,93,80.3,83,1407
211468,Cedar Crest College,Allentown,Pennsylvania,4-year,Private not-for-profit,Baccalaureate Colleges--Diverse Fields,1286,49.8,1109,40,948,15,9939,28,16877,49,50.5,63,59.9,60,42.5,61,66.9,27,42.7,36,222
211477,Central Pennsylvania College,Summerdale,Pennsylvania,4-year,Private for-profit,Baccalaureate Colleges--Diverse Fields,1277,50,1409,81,NULL,NULL,5008,72,NULL,NULL,28.4,68,31.3,62,56.4,22,38.7,19,21,56,67
211556,Chatham University,Pittsburgh,Pennsylvania,4-year,Private not-for-profit,Masters Colleges and Universities--larger programs,973,62.8,835,30,NULL,NULL,18632,74,29301,65,44,52,50.3,41,29.3,32,76.9,55,32.6,22,175
211583,Chestnut Hill College,Philadelphia,Pennsylvania,4-year,Private not-for-profit,Masters Colleges and Universities--larger programs,1517,76.8,1403,49,960,18,21957,85,3776,13,26.9,23,41.9,25,49.1,75,72.4,42,23.5,11,234
211608,Cheyney University of Pennsylvania,Cheyney,Pennsylvania,4-year,Public,Masters Colleges and Universities--smaller programs,1179,94.5,1206,6,NULL,NULL,8256,84,1193,13,9.4,13,24.8,8,77,99,54.3,6,70,65,278
211617,CHI Institute,Philadelphia,Pennsylvania,2-year,Private for-profit,Associates--Private For-profit,718,100,1268,87,NULL,NULL,3449,13,NULL,NULL,0,0,53.6,35,41.7,11,79.9,82,30,34,562
211644,Clarion University of Pennsylvania,Clarion,Pennsylvania,4-year,Public,Masters Colleges and Universities--larger programs,5199,84.1,5073,41,915,11,5238,32,3974,48,32.7,73,53.6,66,38.8,51,75.7,57,72.1,70,1277
211820,"Consolidated School of Business (York, Pa.)",York,Pennsylvania,2-year,Private for-profit,Associates--Private For-profit,107,96.3,118,4,NULL,NULL,9727,100,NULL,NULL,68.6,86,68.6,70,88.2,89,77.8,76,54.5,69,35
211893,Curtis Institute of Music,Philadelphia,Pennsylvania,4-year,Private not-for-profit,Schools of art- music- and design,122,100,142,4,NULL,NULL,12559,42,604428,98,38.5,43,84.6,92,16,8,89.3,86,1.9,0,13
211909,Dean Institute of Technology,Pittsburgh,Pennsylvania,2-year,Private for-profit,Associates--Private For-profit,163,71.2,167,9,NULL,NULL,3815,25,NULL,NULL,90.7,98,90.7,97,74.3,61,94.3,99,58.8,72,54
211927,Delaware County Community College,Media,Pennsylvania,2-year,Public,Associates--Public Suburban-serving Single Campus,13198,36.7,8419,84,NULL,NULL,3590,34,227,22,4.1,16,13.6,23,28.9,18,62.6,72,16.6,5,1709
211981,Delaware Valley College,Doylestown,Pennsylvania,4-year,Private not-for-profit,Baccalaureate Colleges--Diverse Fields,1807,89,1862,63,1005,30,16053,62,15150,46,46.5,56,56.8,53,27.4,28,67.2,28,42.2,35,475
212009,Dickinson College,Carlisle,Pennsylvania,4-year,Private not-for-profit,Baccalaureate Colleges--Arts & Sciences,2396,98.3,2505,76,1285,90,27743,93,142411,92,83.2,95,85.6,93,12.2,2,89.9,87,80.1,83,619
212045,Douglas Education Center,Monessen,Pennsylvania,2-year,Private for-profit,Associates--Private For-profit,274,97.1,401,41,NULL,NULL,5382,81,NULL,NULL,86.1,98,92.2,98,54.8,24,72.6,64,41.4,53,230
212054,Drexel University,Philadelphia,Pennsylvania,4-year,Private not-for-profit,Research Universities--high research activity,16616,84.1,17712,99,1197,83,16079,62,23977,58,28.3,25,69.5,77,20.2,14,86.4,80,50.7,48,2258
212072,DuBois Business College at DuBois,Du Bois,Pennsylvania,2-year,Private for-profit,Associates--Private For-profit,122,90.2,193,14,NULL,NULL,4128,39,NULL,NULL,40.7,53,51.9,31,77.5,68,71,59,84.6,91,54
212090,Everest Institute Pittsburgh,Pittsburgh,Pennsylvania,2-year,Private for-profit,Associates--Private For-profit,600,76.7,725,68,NULL,NULL,4916,71,NULL,NULL,33.4,43,40.9,18,76.1,65,48.7,12,17.2,14,386
212106,Duquesne University,Pittsburgh,Pennsylvania,4-year,Private not-for-profit,Research Universities--high research activity,5970,96.1,6380,95,1122,71,15731,61,21257,55,66.2,83,75.5,83,20.2,14,87.6,83,48.4,45,1202
212115,East Stroudsburg University of Pennsylvania,East Stroudsburg,Pennsylvania,4-year,Public,Masters Colleges and Universities--larger programs,6186,88.8,5774,47,946,18,5198,31,2435,32,35.7,77,56,71,30.3,25,71.3,41,80.7,85,1183
212133,Eastern University,Saint Davids,Pennsylvania,4-year,Private not-for-profit,Masters Colleges and Universities--larger programs,2541,81.7,2353,73,1041,44,12622,42,6938,23,49,60,55,49,40.9,58,80.3,65,29.6,18,420
212160,Edinboro University of Pennsylvania,Edinboro,Pennsylvania,4-year,Public,Masters Colleges and Universities--larger programs,5864,90.7,5676,46,930,13,6181,53,2675,35,23.4,54,45.9,50,45.6,72,72.3,45,85.9,92,1023
212197,Elizabethtown College,Elizabethtown,Pennsylvania,4-year,Private not-for-profit,Baccalaureate Colleges--Diverse Fields,1844,98,1919,65,1117,70,20613,81,28884,64,70.6,87,77.4,86,21.8,17,81.7,69,60.5,61,487
212425,"Erie Business Center, Main",Erie,Pennsylvania,2-year,Private for-profit,Associates--Private For-profit,209,58.4,253,22,NULL,NULL,6456,90,NULL,NULL,42.6,55,52.9,33,84.8,81,53.7,16,25.8,28,68
212434,Erie Institute of Technology,Erie,Pennsylvania,2-year,Private for-profit,Associates--Private For-profit,216,100,427,42,NULL,NULL,6167,89,NULL,NULL,59.7,74,59.7,46,75,62,87,95,100,94,77
212577,Franklin & Marshall College,Lancaster,Pennsylvania,4-year,Private not-for-profit,Baccalaureate Colleges--Arts & Sciences,2297,98.3,2585,77,NULL,NULL,31714,96,118460,89,83.8,95,87.3,94,14.2,5,91.8,90,83.5,86,569
212601,Gannon University,Erie,Pennsylvania,4-year,Private not-for-profit,Masters Colleges and Universities--larger programs,3111,82.2,2862,81,1050,48,17344,69,12180,39,48.3,59,64.3,69,31.8,37,78.8,60,55.9,55,572
212656,Geneva College,Beaver Falls,Pennsylvania,4-year,Private not-for-profit,Baccalaureate Colleges--Diverse Fields,1541,95.7,1674,59,1070,55,13580,49,17873,50,59,75,67,73,38.7,53,77,56,39.4,31,351
212674,Gettysburg College,Gettysburg,Pennsylvania,4-year,Private not-for-profit,Baccalaureate Colleges--Arts & Sciences,2524,99.7,2772,80,1282,90,26190,92,94361,86,79.8,93,83.6,91,14,4,88.2,84,75.4,79,694
212832,Gwynedd-Mercy College,Gwynedd Valley,Pennsylvania,4-year,Private not-for-profit,Masters Colleges and Universities--medium programs,2062,89.8,1887,64,944,14,12657,43,8400,28,49.6,61,63.2,66,33.5,41,82.2,71,23.6,11,117
212869,Harcum College,Bryn Mawr,Pennsylvania,2-year,Private not-for-profit,Associates--Private Not-for-profit,1627,63.9,1151,96,NULL,NULL,8869,93,537,0,4.2,2,30.4,23,59.4,51,56.1,35,18.1,10,263
212878,Harrisburg Area Community College,Harrisburg,Pennsylvania,2-year,Public,Associates--Public Urban-serving Multicampus,20780,31.3,13276,94,NULL,NULL,3396,28,2234,80,3.9,15,10.9,13,42.5,51,57.6,49,13.3,2,1244
212911,Haverford College,Haverford,Pennsylvania,4-year,Private not-for-profit,Baccalaureate Colleges--Arts & Sciences,1187,100,1258,45,1400,96,39176,100,345178,96,91.1,100,93.3,98,15,6,97.8,98,82.4,85,315
212975,Commonwealth Technical Institute,Johnstown,Pennsylvania,2-year,Private not-for-profit,Associates--Private Not-for-profit,206,98.5,386,60,NULL,NULL,5247,64,NULL,NULL,58.7,67,61.5,63,55.5,45,73.6,71,100,92,104
212984,Holy Family University,Philadelphia,Pennsylvania,4-year,Private not-for-profit,Masters Colleges and Universities--larger programs,2182,68.7,1763,61,933,12,12487,41,5620,19,37.5,41,53.7,47,35.6,46,77.9,57,26.4,14,285
212993,Hussian School of Art,Philadelphia,Pennsylvania,2-year,Private for-profit,Associates--Private For-profit,86,100,98,2,NULL,NULL,6956,94,NULL,NULL,57.7,72,57.7,41,56.1,26,92.9,99,0,0,52
213002,Kaplan Career Institute ICM Campus,Pittsburgh,Pennsylvania,2-year,Private for-profit,Associates--Private For-profit,557,100,988,80,NULL,NULL,3867,27,NULL,NULL,0,0,23,5,56.6,26,61.3,31,32.4,37,287
213011,Immaculata University,Immaculata,Pennsylvania,4-year,Private not-for-profit,Doctoral/Research Universities,2560,46.2,2734,79,943,14,12447,41,4218,14,38.6,43,48.3,37,22.3,18,82,70,22.1,10,290
213020,Indiana University of Pennsylvania,Indiana,Pennsylvania,4-year,Public,Doctoral/Research Universities,12668,94.3,12933,75,973,28,5529,38,2713,36,31.4,71,51.2,61,36.2,43,73.4,48,65,55,2504
213233,Johnson College,Scranton,Pennsylvania,2-year,Private not-for-profit,Associates--Private Not-for-profit,427,94.8,456,64,1018,100,7189,81,5474,48,61.1,72,61.1,62,52.9,42,72.3,65,92,90,167
213251,Juniata College,Huntingdon,Pennsylvania,4-year,Private not-for-profit,Baccalaureate Colleges--Arts & Sciences,1625,95.7,1577,55,NULL,NULL,21066,83,60069,81,71.9,88,75.1,83,21.8,17,87.8,83,63.4,65,377
213303,Keystone College,La Plume,Pennsylvania,4-year,Private not-for-profit,Baccalaureate Colleges--Diverse Fields,1574,82.8,1809,62,901,7,13171,46,4096,14,25.8,21,38.8,20,44.8,66,71.5,39,27.9,16,209
213321,King's College (Pa.),Wilkes-Barre,Pennsylvania,4-year,Private not-for-profit,Masters Colleges and Universities--smaller programs,2144,89.8,2090,69,NULL,NULL,15662,60,25137,60,60.9,78,65.8,71,29.2,31,75.6,51,57.9,57,555
213349,Kutztown University of Pennsylvania,Kutztown,Pennsylvania,4-year,Public,Masters Colleges and Universities--larger programs,8815,93.9,8647,61,959,23,5469,37,2066,26,34.2,75,54.8,69,31.6,28,72.9,46,90.9,97,1888
213358,La Roche College,Pittsburgh,Pennsylvania,4-year,Private not-for-profit,Baccalaureate Colleges--Diverse Fields,1363,82.9,1239,44,931,11,25544,91,3583,12,32.7,34,44.7,30,38.3,53,71.9,41,34.1,24,284
213367,La Salle University,Philadelphia,Pennsylvania,4-year,Private not-for-profit,Masters Colleges and Universities--larger programs,4409,80.3,4199,89,996,27,20613,81,14979,45,55.1,70,64.7,70,36,48,82.5,71,41.4,34,770
213376,Lackawanna College,Scranton,Pennsylvania,2-year,Private not-for-profit,Associates--Private Not-for-profit,1454,72.1,1382,99,NULL,NULL,4999,58,NULL,NULL,14.5,16,25.9,17,60.3,54,51.6,23,19.8,15,351
213385,Lafayette College,Easton,Pennsylvania,4-year,Private not-for-profit,Baccalaureate Colleges--Arts & Sciences,2486,97.9,2562,77,1283,90,30370,96,292362,95,84.6,96,88.3,95,10.7,1,91.3,89,85.4,87,591
213400,Lancaster Bible College,Lancaster,Pennsylvania,4-year,Private not-for-profit,Theological seminaries- Bible colleges- and other faith-related institutions,1313,62,965,35,982,23,7222,17,9020,30,54,69,69,76,41,58,71.6,39,38.5,30,87
213473,Lansdale School of Business,North Wales,Pennsylvania,2-year,Private for-profit,Associates--Private For-profit,382,48.7,339,33,NULL,NULL,4617,60,NULL,NULL,8.1,8,82.3,92,47,16,71.4,61,15.4,11,62
213507,Lebanon Valley College,Annville,Pennsylvania,4-year,Private not-for-profit,Baccalaureate Colleges--Diverse Fields,1766,93.3,1691,59,1112,68,18186,73,25904,61,68.4,85,73.1,81,22.8,20,82.7,72,43.8,38,450
213525,Lehigh Carbon Community College,Schnecksville,Pennsylvania,2-year,Public,Associates--Public Suburban-serving Single Campus,7128,35.7,4391,61,NULL,NULL,3427,29,611,44,4.8,21,13.6,23,33.5,29,55.5,40,14.8,3,1092
213534,Berks Technical Institute,Wyomissing,Pennsylvania,2-year,Private for-profit,Associates--Private For-profit,976,74.4,1162,84,NULL,NULL,6576,91,NULL,NULL,21,23,44.2,21,76.8,66,68,50,42.2,55,138
213543,Lehigh University,Bethlehem,Pennsylvania,4-year,Private not-for-profit,Research Universities--high research activity,4931,98.6,5306,93,1322,92,28327,94,168081,92,73,88,85.8,93,14.7,6,93.9,93,81.2,84,1165
213570,"Lincoln Technical Institute (Allentown, Pa.)",Allentown,Pennsylvania,2-year,Private for-profit,Associates--Private For-profit,568,100,571,57,NULL,NULL,4003,34,NULL,NULL,28.2,34,57.1,41,74.3,61,72.8,66,90,93,489
213589,"Lincoln Technical Institute (Philadelphia, Pa.)",Philadelphia,Pennsylvania,2-year,Private for-profit,Associates--Private For-profit,273,80.2,389,39,NULL,NULL,4687,62,NULL,NULL,10.8,12,46.8,25,79.7,73,55.3,19,100,94,408
213598,Lincoln University (Pa.),Lincoln University,Pennsylvania,4-year,Public,Masters Colleges and Universities--larger programs,1624,91.6,1649,12,853,4,9709,93,14250,86,22.9,52,39.8,33,64.3,95,71.6,42,57.5,40,630
213613,Lock Haven University of Pennsylvania,Lock Haven,Pennsylvania,4-year,Public,Masters Colleges and Universities--smaller programs,4855,93.1,4772,39,937,15,5664,41,1904,24,27.7,65,47.7,53,39.2,53,70.2,38,93.1,98,1157
213659,Luzerne County Community College,Nanticoke,Pennsylvania,2-year,Public,Associates--Public Suburban-serving Single Campus,6411,49.5,4724,64,NULL,NULL,3838,45,NULL,NULL,8,42,17.8,40,41.1,48,59.2,57,23.9,22,1330
213668,Lycoming College,Williamsport,Pennsylvania,4-year,Private not-for-profit,Baccalaureate Colleges--Arts & Sciences,1307,98.7,1411,50,1047,47,21407,84,118787,89,53.9,69,63.9,68,32.6,39,79.4,62,68.6,72,399
213774,Manor College,Jenkintown,Pennsylvania,2-year,Private not-for-profit,Associates--Private Not-for-profit,858,54.4,699,81,830,17,3390,19,2974,28,33.1,36,33.1,28,44.7,31,58.3,43,17,8,154
213783,Mansfield University of Pennsylvania,Mansfield,Pennsylvania,4-year,Public,Masters Colleges and Universities--medium programs,2717,90.3,2679,23,964,24,6033,49,279,4,34.9,76,50.7,60,43.9,69,71.9,44,62.6,49,568
213826,Marywood University,Scranton,Pennsylvania,4-year,Private not-for-profit,Masters Colleges and Universities--larger programs,2148,93.3,2211,71,1050,48,17675,71,13657,42,53.6,68,65.1,70,35.3,45,81.3,68,36.7,28,407
213914,Vet Tech Institute,Pittsburgh,Pennsylvania,2-year,Private for-profit,Associates--Private For-profit,385,100,467,49,NULL,NULL,5426,81,NULL,NULL,63.2,80,69.2,71,48.4,17,73.4,66,60,74,117
213987,Mercyhurst College,Erie,Pennsylvania,4-year,Private not-for-profit,Masters Colleges and Universities--smaller programs,2680,95.2,2669,78,1064,53,19932,78,9306,32,54,69,59.7,59,31.6,37,80,64,62.9,64,678
213996,Messiah College,Mechanicsburg,Pennsylvania,4-year,Private not-for-profit,Baccalaureate Colleges--Diverse Fields,2772,97.4,2883,81,1154,77,14902,56,40027,72,71.1,87,75.8,84,20.4,15,86.6,80,55.8,54,723
214023,Metropolitan Career Center Computer Technology Institute,Philadelphia,Pennsylvania,2-year,Private not-for-profit,Associates--Private Not-for-profit,96,59.4,106,15,NULL,NULL,5166,61,NULL,NULL,52.8,59,75,78,98.8,99,52.4,25,18.2,11,36
214041,Millersville University of Pennsylvania,Millersville,Pennsylvania,4-year,Public,Masters Colleges and Universities--larger programs,7388,89.1,7048,54,1014,46,5478,37,3347,41,37.2,79,60.7,78,31.5,28,81.1,72,63.1,50,1319
214069,Misericordia University,Dallas,Pennsylvania,4-year,Private not-for-profit,Masters Colleges and Universities--medium programs,2417,74.1,2240,71,1057,51,12278,41,11268,37,64.3,81,69.2,76,28.9,31,81,67,33.6,23,364
214111,Montgomery County Community College,Blue Bell,Pennsylvania,2-year,Public,Associates--Public Suburban-serving Multicampus,13122,34.8,8723,85,NULL,NULL,3335,25,195,20,5.8,30,16.1,34,26,13,61.7,69,20.9,13,2051
214148,Moore College of Art and Design,Philadelphia,Pennsylvania,4-year,Private not-for-profit,Schools of art- music- and design,437,94.1,455,17,982,23,15090,57,32074,67,49.5,61,57.6,55,43.4,63,78.8,60,18.1,6,99
214157,Moravian College,Bethlehem,Pennsylvania,4-year,Private not-for-profit,Baccalaureate Colleges--Arts & Sciences,1553,91.3,1642,58,NULL,NULL,19414,77,55153,80,70.3,86,74.1,82,30.3,34,78.3,58,36.2,27,401
214166,Mount Aloysius College,Cresson,Pennsylvania,4-year,Private not-for-profit,Baccalaureate/Associates Colleges,1781,70.1,1559,54,915,8,9312,26,14856,45,18.4,11,28.9,9,42.8,62,60.1,15,34,24,201
214175,Muhlenberg College,Allentown,Pennsylvania,4-year,Private not-for-profit,Baccalaureate Colleges--Arts & Sciences,2448,94.9,2792,80,1246,88,20039,79,70771,83,80.8,93,85.8,93,7.8,0,90.7,88,62.8,64,551
214272,Neumann University,Aston,Pennsylvania,4-year,Private not-for-profit,Masters Colleges and Universities--medium programs,2573,80.8,2382,74,861,3,9986,28,8706,29,29.1,27,50.2,41,38.7,53,65.9,24,37.5,29,540
214290,New Castle School of Trades,New Castle,Pennsylvania,2-year,Private for-profit,Associates--Private For-profit,856,100,640,63,NULL,NULL,7710,98,NULL,NULL,64.4,82,67.2,67,70.2,51,74.4,68,57.1,71,595
214379,Northampton Community College,Bethlehem,Pennsylvania,2-year,Public,Associates--Public Suburban-serving Multicampus,10666,43.9,7195,80,NULL,NULL,3903,48,4737,94,6.1,31,17.3,38,40.4,46,62.5,72,12.4,1,1761
214528,"Orleans Technical Institute, Center City Campus",Philadelphia,Pennsylvania,2-year,Private not-for-profit,Associates--Private Not-for-profit,548,72.3,722,82,NULL,NULL,5137,60,NULL,NULL,68.2,80,70.4,72,64.5,58,78.9,78,55.2,58,446
214582,Pennsylvania Institute of Technology,Media,Pennsylvania,2-year,Private not-for-profit,Associates--Private Not-for-profit,743,63.8,976,93,NULL,NULL,6210,72,NULL,NULL,31.5,34,43.6,40,55.3,43,52.6,26,30,26,413
214591,Pennsylvania State University-Erie,Erie,Pennsylvania,4-year,Public,Masters Colleges and Universities--smaller programs,3943,93.4,3962,33,1052,61,4977,24,9991,78,45.5,87,69.4,88,31.6,28,83.2,79,79,82,1131
214625,Pennsylvania State University-New Kensington,New Kensington,Pennsylvania,4-year,Public,Baccalaureate Colleges--Diverse Fields,680,77.1,641,1,991,35,4663,17,10806,80,33.8,75,55.4,70,33.7,35,71.4,42,49.4,26,157
214634,Pennsylvania State University-Shenango,Sharon,Pennsylvania,4-year,Public,Baccalaureate Colleges--Diverse Fields,568,55.5,451,0,889,6,6381,58,10666,79,14.5,27,31.3,18,54.7,88,77.3,61,47.7,23,83
214643,"Pennsylvania State University, Wilkes-Barre",Lehman,Pennsylvania,4-year,Public,Baccalaureate Colleges--Diverse Fields,606,85.6,591,1,995,37,5019,26,9223,76,30.2,69,50.3,58,33.5,34,81.2,72,64.8,54,159
214652,"Pennsylvania State University, Worthington-Scranton",Dunmore,Pennsylvania,4-year,Public,Baccalaureate Colleges--Diverse Fields,1178,80.1,1066,6,941,17,5014,26,10289,78,22.1,51,47.6,52,46.5,76,65.4,21,51,30,267
214670,Pennsylvania State University-Lehigh Valley,Center Valley,Pennsylvania,4-year,Public,Baccalaureate Colleges--Diverse Fields,889,80.9,802,3,1004,39,4724,19,8406,74,36,78,55.9,71,35.7,42,81.1,72,45.7,20,222
214689,Pennsylvania State University-Altoona,Altoona,Pennsylvania,4-year,Public,Baccalaureate Colleges--Diverse Fields,3861,94.4,3656,32,990,33,4802,20,8421,74,47.8,89,70.9,90,33.3,33,82.9,78,61.2,46,1342
214698,Pennsylvania State University-Beaver,Monaca,Pennsylvania,4-year,Public,Baccalaureate Colleges--Arts & Sciences,703,89,684,2,955,22,4857,23,9846,77,24.6,57,44.9,46,36.5,44,67.7,29,58.6,42,276
214704,Pennsylvania State University-Berks,Reading,Pennsylvania,4-year,Public,Baccalaureate Colleges--Diverse Fields,2712,88.6,2584,22,988,32,4683,18,8347,73,35.4,76,56.5,72,34.1,36,77.6,62,56.7,39,848
214713,Pennsylvania State University-Harrisburg,Middletown,Pennsylvania,4-year,Public,Masters Colleges and Universities--larger programs,3577,87.3,3265,28,1027,50,5100,28,11149,80,39.4,82,60.9,78,34.6,37,81.9,75,63.5,51,414
214731,Pennsylvania State University-Brandywine,Media,Pennsylvania,4-year,Public,Baccalaureate Colleges--Diverse Fields,1492,84,1401,8,968,26,4691,18,7966,72,17,36,44,44,34,36,73.5,48,46,20,418
214740,Pennsylvania State University-DuBois,DuBois,Pennsylvania,4-year,Public,Baccalaureate/Associates Colleges,704,79.1,593,1,951,21,5556,40,11985,82,32.6,72,53.8,67,46,74,77,60,72.3,71,132
214759,Pennsylvania State University-Fayette,Lemont Furnace,Pennsylvania,4-year,Public,Baccalaureate/Associates Colleges,846,77.2,791,3,940,16,5314,33,9244,76,20.6,45,42.5,40,48.4,80,73.7,49,56.2,38,160
214768,Pennsylvania State University-Hazleton,Hazleton,Pennsylvania,4-year,Public,Baccalaureate Colleges--Arts & Sciences,951,92.6,1026,5,948,18,5987,47,9377,76,29.9,69,53.2,64,45.6,72,76.2,58,67.5,59,498
214777,Pennsylvania State University at University Park,University Park,Pennsylvania,4-year,Public,Research Universities--very high research activity,40085,96.9,40269,100,1199,90,6218,55,32655,95,64.6,96,84.9,98,17.7,3,92.4,96,73.3,73,6490
214786,Pennsylvania State University-Greater Allegheny,McKeesport,Pennsylvania,4-year,Public,Baccalaureate Colleges--Arts & Sciences,623,90.2,618,1,957,22,7155,73,11209,81,24.5,57,46.9,52,50.2,83,71,40,50.7,29,245
214795,Pennsylvania State University-Mont Alto,Mont Alto,Pennsylvania,4-year,Public,Baccalaureate/Associates Colleges,1022,72.1,922,3,960,23,5458,36,9600,76,32.6,72,55.6,70,38.9,52,73.6,48,56.2,38,261
214801,Pennsylvania State University-Abington,Abington,Pennsylvania,4-year,Public,Baccalaureate Colleges--Arts & Sciences,3690,78.3,3143,27,942,17,5107,28,7075,68,25.8,61,48.5,54,41.6,62,76.9,60,42,17,833
214810,Pennsylvania State University-Schuylkill,Schuylkill Haven,Pennsylvania,4-year,Public,Baccalaureate Colleges--Diverse Fields,837,78.6,774,2,850,3,6290,57,10441,79,24.5,57,45.1,47,52.8,86,70.8,40,51.9,31,286
214829,Pennsylvania State University-York,York,Pennsylvania,4-year,Public,Baccalaureate Colleges--Diverse Fields,1141,72,930,4,984,31,4391,11,10390,78,27.2,64,49.8,57,31.4,28,76.2,58,47.7,23,279
214838,Pace Institute,Reading,Pennsylvania,2-year,Private for-profit,Associates--Private For-profit,65,100,252,22,NULL,NULL,4865,69,NULL,NULL,63.3,80,83.3,93,86.5,84,53.8,17,0,0,30
214883,Peirce College,Philadelphia,Pennsylvania,4-year,Private not-for-profit,Baccalaureate Colleges--Diverse Fields,1759,20.4,1362,48,NULL,NULL,3989,5,164,1,NULL,NULL,NULL,NULL,54.1,82,62.5,19,18.8,7,NULL
214892,Penn Commercial Business/Technical School,Washington,Pennsylvania,2-year,Private for-profit,Associates--Private For-profit,346,100,462,48,NULL,NULL,2726,4,NULL,NULL,50.3,64,91.7,97,78.5,69,69.2,53,61.1,75,169
214944,Pennco Tech (Pa.),Bristol,Pennsylvania,2-year,Private for-profit,Associates--Private For-profit,551,69.7,564,57,NULL,NULL,4907,71,NULL,NULL,79.3,95,79.3,89,68.5,47,83.3,88,65.9,80,682
214971,Pennsylvania Academy of the Fine Arts,Philadelphia,Pennsylvania,4-year,Private not-for-profit,Schools of art- music- and design,198,96,203,8,NULL,NULL,14033,51,40694,72,64.9,82,67.6,74,41.2,59,100,99,28.2,16,37
215053,Pennsylvania College of Art & Design,Lancaster,Pennsylvania,4-year,Private not-for-profit,Schools of art- music- and design,223,93.3,228,9,NULL,NULL,5745,12,5744,19,50.8,63,54.2,48,39.2,55,75.8,52,12.5,3,59
215062,University of Pennsylvania,Philadelphia,Pennsylvania,4-year,Private not-for-profit,Research Universities--very high research activity,11525,89.5,10101,98,1442,98,32489,97,357306,97,87.9,98,95.7,99,14.2,5,97.8,98,80.7,84,2342
215099,Philadelphia University,Philadelphia,Pennsylvania,4-year,Private not-for-profit,Masters Colleges and Universities--larger programs,2811,90,2900,81,1062,53,15788,61,6773,23,44.9,54,58.3,57,30.3,34,74.6,48,20.8,9,738
215105,University of the Arts,Philadelphia,Pennsylvania,4-year,Private not-for-profit,Schools of art- music- and design,1890,98.4,1973,66,1010,32,15514,59,21470,55,57,73,64,68,31.8,37,81.6,69,23.4,11,561
215114,Philadelphia Biblical University,Langhorne,Pennsylvania,4-year,Private not-for-profit,Masters Colleges and Universities--smaller programs,844,92.3,895,32,1008,31,11762,38,9227,31,24.3,19,67.6,74,44.4,65,74.8,48,48.5,45,148
215132,University of the Sciences in Philadelphia,Philadelphia,Pennsylvania,4-year,Private not-for-profit,Other health professions schools,1837,98.7,2056,68,1165,79,15698,60,52480,79,66.8,84,71.8,79,26.3,26,88,84,63.7,65,557
215239,Community College of Philadelphia,Philadelphia,Pennsylvania,2-year,Public,Associates--Public Urban-serving Single Campus,19063,26.6,15116,96,NULL,NULL,4053,54,516,40,0.7,0,9.7,9,60.7,89,51,21,38.8,66,1858
215266,University of Pittsburgh at Bradford,Bradford,Pennsylvania,4-year,Public,Baccalaureate Colleges--Diverse Fields,1481,91.9,1433,9,973,28,8531,86,144,3,32.7,73,54.2,68,45.3,72,70,37,77.6,80,260
215275,University of Pittsburgh at Greensburg,Greensburg,Pennsylvania,4-year,Public,Baccalaureate Colleges--Arts & Sciences,1677,93.3,1674,12,1017,47,7434,76,2585,34,33.1,74,53.3,65,52,86,83,79,80,83,486
215284,University of Pittsburgh at Johnstown,Johnstown,Pennsylvania,4-year,Public,Baccalaureate Colleges--Diverse Fields,2840,96.9,2815,24,1021,48,6907,68,11349,81,32.2,72,54.6,69,30.6,26,74.6,53,91.2,97,835
215293,University of Pittsburgh main campus,Pittsburgh,Pennsylvania,4-year,Public,Research Universities--very high research activity,18615,93.9,18565,85,1258,95,10218,94,100631,99,64.4,96,80.4,95,17.1,3,90.9,94,86.5,93,3426
215309,University of Pittsburgh at Titusville,Titusville,Pennsylvania,2-year,Public,Associates--Public 2-year colleges under 4-year universities,367,80.9,338,2,878,36,6787,96,2920,86,7,36,11.6,15,55.7,81,61.2,67,59.1,93,172
215381,Pittsburgh Institute of Aeronautics,West Mifflin,Pennsylvania,2-year,Private not-for-profit,Associates--Private Not-for-profit,354,100,514,70,NULL,NULL,4371,49,NULL,NULL,69.2,84,70.5,77,34,10,66.7,54,84.6,84,78
215390,Pittsburgh Institute of Mortuary Science,Pittsburgh,Pennsylvania,2-year,Private not-for-profit,Associates--Private Not-for-profit,232,51.3,272,48,NULL,NULL,3699,27,NULL,NULL,63,75,70.4,72,36.7,18,73.5,69,9.1,0,81
215415,Pittsburgh Technical Institute,Oakdale,Pennsylvania,2-year,Private for-profit,Associates--Private For-profit,1841,100,2805,98,NULL,NULL,5896,86,NULL,NULL,46.9,59,56.6,39,68.7,48,63.8,38,65.2,80,786
215433,Prism Career Institute - Upper Darby Campus,Upper Darby,Pennsylvania,2-year,Private for-profit,Associates--Private For-profit,315,83.2,397,40,NULL,NULL,2080,3,NULL,NULL,24.6,28,91.7,97,83.2,79,45.3,10,84.1,91,399
215442,Point Park University,Pittsburgh,Pennsylvania,4-year,Private not-for-profit,Masters Colleges and Universities--larger programs,3226,79.1,3027,82,997,28,12118,40,8916,30,42.4,49,49.8,40,41.9,60,75.6,51,25.1,13,448
215585,Reading Area Community College,Reading,Pennsylvania,2-year,Public,Associates--Public Rural-serving Medium,4538,21.5,3066,47,NULL,NULL,2990,17,2888,85,1.9,3,8.6,6,60.3,88,47.9,12,25.3,26,420
215637,Restaurant School at Walnut Hill College,Philadelphia,Pennsylvania,4-year,Private for-profit,Other special-focus institutions,427,100,291,15,NULL,NULL,6853,94,NULL,NULL,0,0,9.7,9,51.9,15,94.5,91,60.7,93,72
215646,CHI Institute/Broomall Campus,Broomall,Pennsylvania,2-year,Private for-profit,Associates--Private For-profit,519,100,828,73,NULL,NULL,3279,9,NULL,NULL,0,0,64.8,61,26.5,2,78.5,77,11.5,7,495
215655,Robert Morris University (Pa.),Moon Township,Pennsylvania,4-year,Private not-for-profit,Masters Colleges and Universities--larger programs,4496,87.5,4149,89,1041,44,12757,43,5875,20,40.7,47,55.9,51,34.7,44,80.5,65,41.1,33,664
215682,Rosedale Technical Institute,Pittsburgh,Pennsylvania,2-year,Private not-for-profit,Associates--Private Not-for-profit,684,100,965,91,NULL,NULL,6311,75,NULL,NULL,75,85,78.1,86,73.3,72,81,82,100,92,96
215691,Rosemont College,Rosemont,Pennsylvania,4-year,Private not-for-profit,Masters Colleges and Universities--medium programs,531,77.4,486,18,927,10,20171,79,16442,48,45.6,55,45.6,32,53.8,81,70.7,37,20.3,8,68
215743,Saint Francis University (Pa.),Loretto,Pennsylvania,4-year,Private not-for-profit,Masters Colleges and Universities--larger programs,1694,91.3,1972,66,1026,37,18716,74,14432,44,57.1,73,71.5,79,22.4,19,82.2,71,54.2,51,403
215770,Saint Joseph's University (Pa.),Philadelphia,Pennsylvania,4-year,Private not-for-profit,Masters Colleges and Universities--larger programs,5374,83.5,4709,92,1110,68,16099,63,29618,65,70.4,86,78.5,87,13.6,4,89,86,48.9,45,1084
215798,Saint Vincent College,Latrobe,Pennsylvania,4-year,Private not-for-profit,Baccalaureate Colleges--Arts & Sciences,1596,96,1610,56,1035,42,19569,77,41919,73,63.6,81,70,77,29.1,31,85.3,77,53.8,51,423
215929,University of Scranton,Scranton,Pennsylvania,4-year,Private not-for-profit,Masters Colleges and Universities--larger programs,3942,95.3,4267,90,1121,70,19525,77,25724,60,75.2,90,81.8,90,20.1,14,90.3,88,72.2,76,1025
215947,Seton Hill University,Greensburg,Pennsylvania,4-year,Private not-for-profit,Baccalaureate Colleges--Diverse Fields,1958,72.3,1723,60,1032,41,17491,69,15171,46,44.5,53,61.1,62,31.7,37,78.3,58,51.5,49,319
215992,Laurel Technical Institute,Sharon,Pennsylvania,2-year,Private for-profit,Associates--Private For-profit,285,92.3,391,39,NULL,NULL,6377,90,NULL,NULL,56.1,71,56.1,39,85,82,56.8,22,63.6,78,164
216010,Shippensburg University of Pennsylvania,Shippensburg,Pennsylvania,4-year,Public,Masters Colleges and Universities--larger programs,6550,94.9,6391,51,980,30,5536,39,4440,53,37.2,79,54.8,69,30.2,25,71.4,42,73.2,72,1720
216038,Slippery Rock University of Pennsylvania,Slippery Rock,Pennsylvania,4-year,Public,Masters Colleges and Universities--larger programs,7595,92.9,7916,57,1002,39,5520,38,2334,31,39.8,82,62.6,79,32.2,30,82.4,77,86.1,92,1498
216047,Saint Charles Borromeo Seminary,Wynnewood,Pennsylvania,4-year,Private not-for-profit,Theological seminaries- Bible colleges- and other faith-related institutions,84,88.1,76,1,NULL,NULL,6806,15,82075,85,42.9,50,42.9,26,12.2,2,83.3,74,50,47,7
216083,South Hills School of Business and Technology,State College,Pennsylvania,2-year,Private for-profit,Associates--Private For-profit,665,91.3,575,58,NULL,NULL,8137,99,NULL,NULL,49.5,62,54.7,36,65.5,40,65.1,43,82,90,287
216278,Susquehanna University,Selinsgrove,Pennsylvania,4-year,Private not-for-profit,Baccalaureate Colleges--Arts & Sciences,2187,97.3,2495,75,1129,72,21468,84,53589,79,71.3,88,74.7,83,22.5,19,83.8,75,64.3,66,593
216287,Swarthmore College,Swarthmore,Pennsylvania,4-year,Private not-for-profit,Baccalaureate Colleges--Arts & Sciences,1534,99.5,1580,55,1442,98,34661,98,1034611,99,88.8,98,93.4,98,14.1,4,95.5,94,87.8,89,365
216296,Thaddeus Stevens College of Technology,Lancaster,Pennsylvania,2-year,Public,Associates--Public Rural-serving Small,883,99.1,961,10,NULL,NULL,9809,100,635,45,41.2,97,52.1,97,57.9,85,65.4,81,70.4,96,461
216311,Talmudical Yeshiva of Philadelphia,Philadelphia,Pennsylvania,4-year,Private not-for-profit,Theological seminaries- Bible colleges- and other faith-related institutions,124,100,122,3,NULL,NULL,8616,23,NULL,NULL,45.7,55,45.7,33,26.7,27,88.2,84,85.7,87,35
216339,Temple University,Philadelphia,Pennsylvania,4-year,Public,Research Universities--high research activity,28068,88.2,26202,95,1121,80,7415,76,9745,77,38.9,81,66.3,84,33.5,34,88.8,91,57.3,40,4384
216357,Thiel College,Greenville,Pennsylvania,4-year,Private not-for-profit,Baccalaureate Colleges--Diverse Fields,1100,96.5,1019,36,967,19,16816,67,26599,61,26.7,23,34.4,14,45.8,69,65.4,24,54.1,51,363
216418,Tri-State Business Institute,Erie,Pennsylvania,2-year,Private for-profit,Associates--Private For-profit,851,54.6,1439,91,NULL,NULL,3997,33,NULL,NULL,22.3,25,44.4,21,82.9,78,58.4,25,32.7,38,955
216427,Triangle Tech-Erie School,Erie,Pennsylvania,2-year,Private for-profit,Associates--Private For-profit,74,100,132,5,NULL,NULL,7127,95,NULL,NULL,73.9,90,78.3,86,72.9,57,79.5,82,90.9,93,69
216436,"Triangle Tech (Pittsburgh, Pa.)",Pittsburgh,Pennsylvania,2-year,Private for-profit,Associates--Private For-profit,251,100,447,47,NULL,NULL,6659,92,NULL,NULL,0,0,72.9,78,78.9,71,71.1,59,100,94,96
216445,Triangle Tech-Greensburg,Greensburg,Pennsylvania,2-year,Private for-profit,Associates--Private For-profit,171,100,266,24,NULL,NULL,7196,95,NULL,NULL,72.4,89,72.4,77,47.3,16,90.1,98,93.8,93,87
216454,"Triangle Tech (Dubois, Pa.)",DuBois,Pennsylvania,2-year,Private for-profit,Associates--Private For-profit,184,100,267,25,NULL,NULL,7746,98,NULL,NULL,73.4,90,77,85,66.3,44,81,84,100,94,139
216524,Ursinus College,Collegeville,Pennsylvania,4-year,Private not-for-profit,Baccalaureate Colleges--Arts & Sciences,1596,99.1,1673,59,1182,82,26344,92,77155,84,75.4,90,79.1,87,21.5,17,89.3,86,71,75,468
216542,Valley Forge Christian College,Phoenixville,Pennsylvania,4-year,Private not-for-profit,Baccalaureate Colleges--Diverse Fields,964,71,819,30,976,22,7261,17,2865,10,30.6,30,43.9,29,42.9,62,73.6,46,41.8,34,157
216551,Valley Forge Military College,Wayne,Pennsylvania,2-year,Private not-for-profit,Not applicable- not in Carnegie universe,268,100,247,42,913,50,8372,88,46499,100,29.3,31,29.3,22,41.9,27,46.2,15,79.2,76,283
216597,Villanova University,Villanova,Pennsylvania,4-year,Private not-for-profit,Masters Colleges and Universities--larger programs,7042,93,7588,96,1316,92,25616,91,42422,74,86.2,96,90.1,95,11.6,2,94,93,62.6,64,1603
216667,Washington and Jefferson College,Washington,Pennsylvania,4-year,Private not-for-profit,Baccalaureate Colleges--Arts & Sciences,1328,99.2,1424,50,NULL,NULL,20949,82,85834,85,73.4,89,77.1,85,23.9,21,85.9,79,75,78,406
216694,Waynesburg University,Waynesburg,Pennsylvania,4-year,Private not-for-profit,Masters Colleges and Universities--larger programs,1598,92.7,1633,57,1015,34,10935,33,25526,60,45.3,55,54,48,34,43,81.5,69,27.8,16,402
216764,West Chester University of Pennsylvania,West Chester,Pennsylvania,4-year,Public,Masters Colleges and Universities--larger programs,13711,90.9,13049,75,1105,76,5291,32,1756,22,43.8,86,68.6,88,24.1,13,87.4,89,72,70,1955
216782,Sanford-Brown Institute - Pittsburgh,Pittsburgh,Pennsylvania,2-year,Private for-profit,Associates--Private For-profit,438,55.5,665,64,NULL,NULL,5748,85,NULL,NULL,22.2,24,40.7,18,82.7,78,56.2,20,58.8,72,297
216807,Westminster College (Pa.),New Wilmington,Pennsylvania,4-year,Private not-for-profit,Baccalaureate Colleges--Arts & Sciences,1313,95.5,1543,54,1040,44,28507,94,64784,82,62.7,80,76.5,85,30.6,35,86.4,80,60.2,60,311
216825,Westmoreland County Community College,Youngwood,Pennsylvania,2-year,Public,Associates--Public Suburban-serving Single Campus,6104,48.6,4669,63,NULL,NULL,1094,0,109,10,4.6,20,12.4,18,42.2,50,58.8,55,18.9,8,1412
216852,Widener University,Chester,Pennsylvania,4-year,Private not-for-profit,Doctoral/Research Universities,3424,84,3026,82,1025,37,19117,75,14327,44,39.9,45,56,51,27,28,75.5,51,41.3,34,782
216931,Wilkes University,Wilkes-Barre,Pennsylvania,4-year,Private not-for-profit,Masters Colleges and Universities--larger programs,2388,91.3,2323,73,1060,52,17402,69,9646,32,46.9,57,57.9,56,31,35,78.4,59,43.9,38,620
217013,Wilson College (Pa.),Chambersburg,Pennsylvania,4-year,Private not-for-profit,Baccalaureate Colleges--Diverse Fields,571,57.8,509,19,993,27,14467,54,127590,90,43.9,52,56.1,52,37.7,51,53.3,9,41.9,35,82
217059,York College of Pennsylvania,York,Pennsylvania,4-year,Private not-for-profit,Masters Colleges and Universities--smaller programs,5010,88.9,4963,92,1045,45,5533,11,13243,42,37.1,41,57.3,55,24.2,22,74.9,49,37.6,29,1177
217077,YTI Career Institute at York,York,Pennsylvania,2-year,Private for-profit,Associates--Private For-profit,2027,100,2212,97,NULL,NULL,5069,74,NULL,NULL,58.4,73,63.5,57,67.7,45,83,88,55.9,70,1196
217086,Yorktowne Business Institute,York,Pennsylvania,2-year,Private for-profit,Associates--Private For-profit,122,94.3,176,11,NULL,NULL,6203,89,NULL,NULL,34.4,45,45.3,23,74.1,60,56.6,22,16.7,12,64
217156,Brown University,Providence,Rhode Island,4-year,Private not-for-profit,Research Universities--very high research activity,6455,95.6,6447,95,1425,97,32988,97,303300,95,84.4,96,94.5,99,14.4,5,97.1,97,86.2,88,1477
217165,Bryant University,Smithfield,Rhode Island,4-year,Private not-for-profit,Masters Colleges and Universities--medium programs,3287,97.4,3215,85,1137,74,17127,68,44633,75,77.7,91,82,90,16.8,9,90.3,88,61.2,62,849
217235,Johnson & Wales University (R.I.),Providence,Rhode Island,4-year,Private not-for-profit,Masters Colleges and Universities--larger programs,9401,93.1,10090,98,NULL,NULL,11519,36,13776,43,42.9,50,53.9,48,33.5,41,79,61,54.8,53,1885
217305,New England Institute of Technology,East Greenwich,Rhode Island,4-year,Private not-for-profit,Baccalaureate/Associates Colleges,2860,83.8,3126,84,NULL,NULL,4785,8,46293,76,NULL,NULL,NULL,NULL,48.4,73,NULL,NULL,39.6,31,NULL
217402,Providence College,Providence,Rhode Island,4-year,Private not-for-profit,Masters Colleges and Universities--larger programs,4135,91.9,3927,88,1158,78,22460,86,44556,75,82.9,95,85,93,13.4,3,90.8,89,61.4,62,989
217420,Rhode Island College,Providence,Rhode Island,4-year,Public,Masters Colleges and Universities--larger programs,7505,74.6,6422,51,930,13,4712,19,2236,29,14.6,27,42.9,41,39,52,77.5,62,43.4,18,1095
217475,Community College of Rhode Island,Warwick,Rhode Island,2-year,Public,Associates--Public Urban-serving Multicampus,17699,30.8,10500,89,NULL,NULL,4280,60,1,0,2.9,9,12.6,19,55.7,81,64.5,79,35.9,60,2041
217484,University of Rhode Island,Kingston,Rhode Island,4-year,Public,Research Universities--high research activity,13354,88.6,13047,75,1076,68,9226,91,8281,73,41.3,84,63.4,80,26.7,17,81.3,73,58.1,41,3003
217493,Rhode Island School of Design,Providence,Rhode Island,4-year,Private not-for-profit,Schools of art- music- and design,2005,100,2104,69,1239,87,19029,75,118596,89,72.3,88,87.3,94,15.4,7,92.6,91,27.5,15,426
217518,Roger Williams University,Bristol,Rhode Island,4-year,Private not-for-profit,Masters Colleges and Universities--smaller programs,4411,87.8,4107,89,NULL,NULL,13219,46,14636,44,50.2,62,62.5,65,13.6,4,83,73,44.2,38,1044
217536,Salve Regina University,Newport,Rhode Island,4-year,Private not-for-profit,Masters Colleges and Universities--medium programs,2026,92.6,2012,67,1109,67,16775,66,21272,55,60.8,77,64,68,23.3,20,79,61,44,38,556
217606,Zion Bible College,Haverhill,Massachusetts,4-year,Private not-for-profit,Theological seminaries- Bible colleges- and other faith-related institutions,396,79.5,323,13,NULL,NULL,5842,12,1357,5,35.7,39,40.5,23,49,75,78.8,60,39.3,31,42
217615,Aiken Technical College,Graniteville,South Carolina,2-year,Public,Associates--Public Rural-serving Medium,2583,37,2107,33,NULL,NULL,3263,24,1897,75,3.5,12,9.4,8,56.5,83,48.4,13,23.3,20,491
217624,Allen University,Columbia,South Carolina,4-year,Private not-for-profit,Baccalaureate Colleges--Arts & Sciences,651,97.5,681,25,NULL,NULL,7753,19,459,2,11.4,5,22.9,6,89.1,98,44.6,3,93.6,93,245
217633,Anderson University (S.C.),Anderson,South Carolina,4-year,Private not-for-profit,Baccalaureate Colleges--Diverse Fields,2652,80.4,2291,72,1079,58,14449,54,15079,45,35.6,39,41.4,24,34.2,43,73.4,45,41.2,33,435
217688,Charleston Southern University,Charleston,South Carolina,4-year,Private not-for-profit,Masters Colleges and Universities--medium programs,2912,89.3,2777,80,973,21,21115,83,5013,17,22.8,17,36.1,15,46.7,70,64.7,22,57.6,56,675
217712,Technical College of the Lowcountry,Beaufort,South Carolina,2-year,Public,Associates--Public Rural-serving Medium,2427,30.2,1649,24,NULL,NULL,4563,70,234,23,3.4,12,9.9,10,59,87,49.7,18,28.6,37,232
217721,Benedict College,Columbia,South Carolina,4-year,Private not-for-profit,Baccalaureate Colleges--Diverse Fields,2512,98.3,3039,83,NULL,NULL,19507,77,6909,23,14.3,7,30,10,82.8,97,53.3,9,74.2,78,891
217749,Bob Jones University,Greenville,South Carolina,4-year,Private for-profit,Theological seminaries- Bible colleges- and other faith-related institutions,2913,92.4,2985,92,1070,78,8359,97,NULL,NULL,51.4,91,61.4,92,41.3,6,79.8,82,75.4,97,848
217776,Southern Wesleyan University,Central,South Carolina,4-year,Private not-for-profit,Masters Colleges and Universities--larger programs,1333,97.8,1163,42,916,8,9497,27,2753,9,29.2,28,43.5,28,48.6,74,65.6,24,42.4,36,168
217819,College of Charleston,Charleston,South Carolina,4-year,Public,Masters Colleges and Universities--medium programs,10488,92.6,10248,68,1165,87,8737,87,6141,64,52,92,64.5,82,22.6,9,82.6,78,61.3,46,2061
217837,Northeastern Technical College,Cheraw,South Carolina,2-year,Public,Associates--Public Rural-serving Small,1153,53.1,938,10,NULL,NULL,3631,36,NULL,NULL,3.6,13,14.3,26,68.3,95,51.4,22,29.9,41,223
217864,Citadel,Charleston,South Carolina,4-year,Public,Masters Colleges and Universities--larger programs,2735,92,3105,26,1080,69,11244,96,58834,98,62.3,96,68.9,88,23.5,11,84.6,82,69.4,64,610
217873,Claflin University,Orangeburg,South Carolina,4-year,Private not-for-profit,Baccalaureate Colleges--Arts & Sciences,1834,96.3,1910,64,873,4,7915,20,11053,36,28.8,27,43.7,28,80.4,96,70.2,36,70.4,73,389
217882,Clemson University,Clemson,South Carolina,4-year,Public,Research Universities--high research activity,16931,94.8,16791,82,1259,96,13817,98,25762,93,59.1,95,82.5,97,17.8,4,91.9,95,86.8,94,2702
217891,Clinton Junior College,Rock Hill,South Carolina,4-year,Private not-for-profit,Associates--Private Not-for-profit,185,98.4,143,4,NULL,NULL,6157,13,4462,15,NULL,NULL,NULL,NULL,97.8,100,NULL,NULL,18.2,7,NULL
217907,Coker College,Hartsville,South Carolina,4-year,Private not-for-profit,Baccalaureate Colleges--Diverse Fields,1144,88,1114,40,956,17,7887,20,22100,56,38.7,44,43.2,27,55.2,82,59.4,14,65.3,68,199
217925,Columbia International University,Columbia,South Carolina,4-year,Private not-for-profit,Masters Colleges and Universities--smaller programs,584,87.5,560,21,1055,51,10629,32,4647,16,52.2,65,64.1,68,48.3,73,85.1,77,54.9,53,92
217934,Columbia College (S.C.),Columbia,South Carolina,4-year,Private not-for-profit,Masters Colleges and Universities--medium programs,1010,71.6,1019,36,1027,38,16850,67,18743,51,31.7,32,42.4,25,59.2,86,64.2,22,58.9,58,271
217961,Converse College,Spartanburg,South Carolina,4-year,Private not-for-profit,Masters Colleges and Universities--medium programs,746,89.9,753,28,1072,57,20296,80,52827,79,54.8,70,61.9,64,45.5,68,73.5,45,92,92,155
217989,Denmark Technical College,Denmark,South Carolina,2-year,Public,Associates--Public Rural-serving Small,1838,77,2050,32,NULL,NULL,7325,98,NULL,NULL,14.1,69,22.4,58,79.8,99,36.5,1,74.5,96,263
217998,Erskine College,Due West,South Carolina,4-year,Private not-for-profit,Baccalaureate Colleges--Arts & Sciences,605,93.4,541,21,1010,32,25526,90,60083,81,51.5,64,56.4,52,35.6,46,83.2,74,80.8,84,163
218025,Florence-Darlington Technical College,Florence,South Carolina,2-year,Public,Associates--Public Rural-serving Medium,5991,47.5,4468,62,NULL,NULL,4779,75,186,18,5.7,29,11.6,15,65.5,93,46.3,9,39.2,68,914
218043,Forrest Junior College,Anderson,South Carolina,2-year,Private for-profit,Associates--Private For-profit,135,71.9,177,12,NULL,NULL,4183,43,NULL,NULL,65.2,83,78.3,86,94.1,96,60.7,29,0,0,23
218061,Francis Marion University,Florence,South Carolina,4-year,Public,Masters Colleges and Universities--smaller programs,3714,89.3,3398,29,938,16,10809,95,6684,66,16.4,33,40.6,35,56,89,66.8,25,76.4,77,776
218070,Furman University,Greenville,South Carolina,4-year,Private not-for-profit,Baccalaureate Colleges--Arts & Sciences,2797,95.7,2865,81,1237,87,26216,92,198459,93,80,93,84.3,92,14.6,6,87.5,82,74.4,78,699
218113,Greenville Technical College,Greenville,South Carolina,2-year,Public,Associates--Public Urban-serving Multicampus,13448,40.5,9859,88,NULL,NULL,6562,94,441,37,5.3,26,8.8,7,50.8,72,48.9,15,44.6,76,1744
218140,Horry-Georgetown Technical College,Conway,South Carolina,2-year,Public,Associates--Public Rural-serving Medium,7660,38,5772,73,NULL,NULL,3397,28,411,36,7.8,40,17.6,39,59.4,87,56.9,47,42.4,72,772
218229,Lander University,Greenwood,South Carolina,4-year,Public,Baccalaureate Colleges--Diverse Fields,2792,92.6,2798,24,945,18,7816,81,4753,56,32.1,71,51.5,62,49.1,81,61.4,15,55.4,37,433
218238,Limestone College,Gaffney,South Carolina,4-year,Private not-for-profit,Baccalaureate Colleges--Diverse Fields,3241,73.6,2736,79,1010,32,6680,15,5102,17,18.7,12,36.4,15,52,79,58.3,13,48.8,45,225
218353,Midlands Technical College,West Columbia,South Carolina,2-year,Public,Associates--Public Urban-serving Multicampus,11634,45.1,8916,86,NULL,NULL,5633,89,345,33,3.2,10,9.9,10,53.1,78,52,25,29.8,41,1573
218399,Morris College,Sumter,South Carolina,4-year,Private not-for-profit,Baccalaureate Colleges--Diverse Fields,824,99.2,944,34,NULL,NULL,7728,19,14368,44,13.6,6,26.4,7,88.7,98,50,6,74.6,78,295
218414,Newberry College,Newberry,South Carolina,4-year,Private not-for-profit,Baccalaureate Colleges--Diverse Fields,1039,96.9,1072,39,938,12,18982,75,20081,54,27.2,23,44.6,30,46.5,70,68.6,31,60.4,61,323
218441,North Greenville University,Tigerville,South Carolina,4-year,Private not-for-profit,Baccalaureate Colleges--Diverse Fields,2257,88.3,2215,71,1137,74,12257,41,8936,30,41.2,47,54.6,49,38.2,52,73.3,44,70.7,74,507
218487,Orangeburg-Calhoun Technical College,Orangeburg,South Carolina,2-year,Public,Associates--Public Rural-serving Medium,2718,45.8,2113,33,NULL,NULL,3397,28,89,9,4.8,21,10.2,11,60.9,89,52.8,28,52.6,87,413
218520,Piedmont Technical College,Greenwood,South Carolina,2-year,Public,Associates--Public Rural-serving Medium,6171,42.1,4831,66,NULL,NULL,6702,95,166,15,5.8,30,13.2,22,64,92,58.6,54,34.8,57,703
218539,Presbyterian College,Clinton,South Carolina,4-year,Private not-for-profit,Baccalaureate Colleges--Arts & Sciences,1123,96.8,1178,42,1121,70,27133,93,59223,81,60,76,67.6,74,22.5,19,80.1,64,75.9,80,290
218645,University of South Carolina at Aiken,Aiken,South Carolina,4-year,Public,Baccalaureate Colleges--Diverse Fields,3175,75.8,2743,23,973,28,6181,53,157,3,20.7,46,42.1,39,41.6,62,65.8,22,51.3,30,584
218654,University of South Carolina at Beaufort,Bluffton,South Carolina,4-year,Public,Baccalaureate Colleges--Diverse Fields,1724,79.8,1575,11,932,14,5765,43,50,1,9.8,15,26.9,11,39.6,55,55.8,7,47,22,264
218663,University of South Carolina at Columbia,Columbia,South Carolina,4-year,Public,Research Universities--very high research activity,24180,93.2,23165,93,1200,91,7423,76,13185,84,54.2,92,72.7,91,23.9,12,87.4,89,68.5,61,3690
218672,University of South Carolina at Lancaster,Lancaster,South Carolina,2-year,Public,Associates--Public 2-year colleges under 4-year universities,1811,43.5,1226,15,865,29,4365,64,4127,91,7.7,39,15.6,31,31.8,25,53.7,32,58.6,92,352
218681,University of South Carolina-Salkehatchie,Allendale,South Carolina,2-year,Public,Associates--Public 2-year colleges under 4-year universities,1021,58.8,770,7,789,7,4883,78,NULL,NULL,18.7,81,23.9,63,53.3,78,45.5,8,34.4,55,230
218690,University of South Carolina at Sumter,Sumter,South Carolina,2-year,Public,Associates--Public 2-year colleges under 4-year universities,924,56.9,695,7,927,64,4354,63,134,12,9.9,51,14,26,39.4,44,55.4,39,62.5,94,242
218706,University of South Carolina at Union,Union,South Carolina,2-year,Public,Associates--Public 2-year colleges under 4-year universities,484,48.8,351,3,826,14,4033,53,NULL,NULL,21.3,86,29.3,79,49.9,70,44.2,6,35.5,58,75
218724,Coastal Carolina University,Conway,South Carolina,4-year,Public,Masters Colleges and Universities--smaller programs,8867,90.6,8432,60,993,35,7584,78,2881,37,26.9,63,45.8,49,37.7,47,62.6,16,69,62,1647
218733,South Carolina State University,Orangeburg,South Carolina,4-year,Public,Doctoral/Research Universities,2937,92.4,3084,26,851,3,15554,99,232,4,13.7,25,35.7,25,70.4,97,60.3,12,70.7,67,1292
218742,University of South Carolina Upstate,Spartanburg,South Carolina,4-year,Public,Baccalaureate Colleges--Diverse Fields,5308,79.6,4924,40,982,30,6857,67,1349,16,23.7,55,40.5,35,45.6,72,66.1,23,49.4,26,805
218821,Spartanburg Methodist College,Spartanburg,South Carolina,2-year,Private not-for-profit,Associates--Private Not-for-profit,818,97.6,821,85,859,33,13269,99,22969,76,38.6,39,41.2,37,51.5,39,52.8,29,58,61,459
218830,Spartanburg Community College,Spartanburg,South Carolina,2-year,Public,Associates--Public Urban-serving Single Campus,5864,47.6,4309,61,NULL,NULL,6611,95,NULL,NULL,6,31,11.7,15,55.8,81,56.2,43,29.5,40,897
218858,Central Carolina Technical College,Sumter,South Carolina,2-year,Public,Associates--Public Rural-serving Medium,4456,30.3,3108,48,NULL,NULL,4283,61,81,9,8.7,47,11.1,13,68.2,95,48.9,15,42.5,73,542
218885,Tri-County Technical College,Pendleton,South Carolina,2-year,Public,Associates--Public Suburban-serving Single Campus,6553,56.2,5174,68,NULL,NULL,4520,68,3456,88,5.2,25,12.7,20,42.8,52,45.6,8,33.8,53,1708
218894,Trident Technical College,Charleston,South Carolina,2-year,Public,Associates--Public Urban-serving Multicampus,17489,43,13125,94,NULL,NULL,4604,71,307,31,4.4,19,10,10,53.4,78,52.9,28,37.7,64,2004
218919,Voorhees College,Denmark,South Carolina,4-year,Private not-for-profit,Baccalaureate Colleges--Diverse Fields,536,96.3,658,25,NULL,NULL,8980,24,8945,30,20.2,14,33,12,87.3,98,46.3,4,77.2,81,109
218955,Williamsburg Technical College,Kingstree,South Carolina,2-year,Public,Associates--Public Rural-serving Small,729,39.4,498,4,NULL,NULL,3432,29,10,2,4.7,20,7.5,4,66.5,94,38.5,2,36.5,61,106
218964,Winthrop University,Rock Hill,South Carolina,4-year,Public,Masters Colleges and Universities--larger programs,5048,87.8,4806,40,1030,51,9043,90,6506,66,34.8,76,55.9,71,40.4,58,71.8,43,55,36,1074
218973,Wofford College,Spartanburg,South Carolina,4-year,Private not-for-profit,Baccalaureate Colleges--Arts & Sciences,1615,98.9,1750,60,1186,82,25677,91,95720,86,78.2,91,81.6,89,19,12,89.5,87,80.4,83,385
218991,York Technical College,Rock Hill,South Carolina,2-year,Public,Associates--Public Suburban-serving Single Campus,5030,49.3,3572,53,NULL,NULL,4177,58,1092,60,6.6,33,12.1,16,61.2,89,52.3,26,34.4,55,904
219000,Augustana College (S.D.),Sioux Falls,South Dakota,4-year,Private not-for-profit,Baccalaureate Colleges--Diverse Fields,1697,93.4,1815,62,NULL,NULL,15715,61,33083,67,48.3,59,66.4,72,22.8,20,80,64,64.1,66,429
219046,Black Hills State University,Spearfish,South Dakota,4-year,Public,Masters Colleges and Universities--smaller programs,4002,62.1,2974,25,993,35,4271,9,2898,38,10.8,17,30.7,17,34.8,38,59.3,10,50.6,29,472
219055,Kilian Community College,Sioux Falls,South Dakota,2-year,Private not-for-profit,Associates--Private Not-for-profit,253,13.4,227,34,NULL,NULL,1260,4,678,4,5.6,7,5.6,3,71.7,70,33.3,3,20,16,18
219082,Dakota State University,Madison,South Dakota,4-year,Public,Masters Colleges and Universities--smaller programs,2876,41.4,1765,13,1010,43,3842,5,4392,52,19.6,42,48.7,55,23.6,11,69.3,35,79.2,83,224
219091,Dakota Wesleyan University,Mitchell,South Dakota,4-year,Private not-for-profit,Baccalaureate Colleges--Diverse Fields,810,86.3,748,27,1058,51,13753,50,29980,65,31.2,31,37.6,17,41.8,60,76.8,55,40.9,33,141
219143,Lake Area Technical Institute,Watertown,South Dakota,2-year,Public,Associates--Public Rural-serving Small,1559,87.6,1795,28,NULL,NULL,3832,44,1049,59,55.7,99,64.5,99,44.5,57,80.4,100,69.7,95,623
219189,Mitchell Technical Institute,Mitchell,South Dakota,2-year,Public,Associates--Public Rural-serving Small,1203,76.3,1147,14,NULL,NULL,4268,60,623,45,58.3,99,64.3,99,40.5,46,78.7,99,98.7,98,367
219198,Mount Marty College,Yankton,South Dakota,4-year,Private not-for-profit,Baccalaureate Colleges--Diverse Fields,1068,48.9,793,29,NULL,NULL,11255,35,18673,51,45.4,55,51.9,44,31.2,36,67,28,40.7,33,108
219204,National American University Rapid City,Rapid City,South Dakota,4-year,Private for-profit,Masters Colleges and Universities--smaller programs,1926,10.2,1469,82,NULL,NULL,3036,3,NULL,NULL,9.5,21,11.9,13,69.6,52,83.3,86,3.2,2,42
219213,National American University at Sioux Falls,Sioux Falls,South Dakota,4-year,Private for-profit,Baccalaureate/Associates Colleges,659,11.8,577,49,NULL,NULL,3068,4,NULL,NULL,0,0,8.3,6,72.2,62,66.7,68,18,48,12
219259,Northern State University,Aberdeen,South Dakota,4-year,Public,Baccalaureate Colleges--Diverse Fields,2826,54.2,2004,17,NULL,NULL,4647,16,14960,86,23.6,55,52.9,64,22.5,9,71.1,40,60.1,44,297
219277,Oglala Lakota College,Kyle,South Dakota,4-year,Public,Tribal Colleges,1517,58.3,1005,5,NULL,NULL,6698,64,37398,96,5,4,6.9,0,51.2,85,42.6,1,100,99,101
219295,Presentation College,Aberdeen,South Dakota,4-year,Private not-for-profit,Baccalaureate Colleges--Diverse Fields,791,67.8,610,23,934,12,5776,12,17512,50,33.3,35,39.7,22,49.3,75,57.7,12,64.8,67,63
219347,South Dakota School of Mines and Technology,Rapid City,South Dakota,4-year,Public,Schools of engineering,2328,83.8,1892,15,1183,89,4795,20,22979,92,16.6,34,45.2,48,25.2,15,78.9,67,90.5,96,343
219356,South Dakota State University,Brookings,South Dakota,4-year,Public,Research Universities--high research activity,10969,78.8,9649,65,1050,59,4255,9,9087,75,26.7,62,56.8,73,27.2,19,75.9,57,83.1,89,1853
219374,Sinte Gleska University,Mission,South Dakota,4-year,Private not-for-profit,Tribal Colleges,577,43.8,591,22,NULL,NULL,3122,2,4331,14,0,0,0,0,55.2,82,75,49,100,95,11
219383,University of Sioux Falls,Sioux Falls,South Dakota,4-year,Private not-for-profit,Baccalaureate Colleges--Diverse Fields,1100,84.5,1193,43,1064,53,13278,47,16655,48,35.2,38,47,34,28.4,30,65.8,24,34.8,25,253
219408,Sisseton-Wahpeton College,Sisseton,South Dakota,2-year,Public,Tribal Colleges,194,77.8,139,1,NULL,NULL,2248,4,15121,100,6.6,33,6.6,2,64.6,92,31,0,45.5,78,61
219426,Southeast Technical Institute,Sioux Falls,South Dakota,2-year,Public,Associates--Public Rural-serving Medium,2467,68.2,2386,38,NULL,NULL,3628,35,383,35,29.7,93,36.6,91,46.4,62,60.1,61,52.5,87,528
219471,University of South Dakota,Vermillion,South Dakota,4-year,Public,Research Universities--high research activity,7633,62,5889,48,NULL,NULL,4499,14,22053,92,30.2,69,54.1,68,28.8,22,76.5,58,77.9,80,933
219480,Western Dakota Technical Institute,Rapid City,South Dakota,2-year,Public,Associates--Public Rural-serving Small,1030,77.2,1023,11,NULL,NULL,3940,50,12,2,39.3,96,43.8,96,57.1,83,41.1,3,23.3,20,356
219505,American Baptist College,Nashville,Tennessee,4-year,Private not-for-profit,Theological seminaries- Bible colleges- and other faith-related institutions,141,69.5,92,2,NULL,NULL,3197,2,17743,50,37.5,41,50,40,64.6,89,60,15,17.6,6,8
219578,Aquinas College (Tenn.),Nashville,Tennessee,4-year,Private not-for-profit,Baccalaureate/Associates Colleges,505,37.4,419,16,1115,69,4174,5,20013,53,44.4,53,66.7,72,39,54,87.5,82,34.7,25,9
219602,Austin Peay State University,Clarksville,Tennessee,4-year,Public,Masters Colleges and Universities--larger programs,9550,71.9,8013,58,1009,42,6783,66,2599,34,15.2,30,36,25,53.8,87,66.2,23,57.4,40,1173
219639,Baptist Memorial College of Health Science,Memphis,Tennessee,4-year,Private not-for-profit,Other health professions schools,1101,43.8,924,33,1125,72,6657,15,20953,55,38.8,44,38.8,20,47.7,72,74.2,47,100,95,49
219709,Belmont University,Nashville,Tennessee,4-year,Private not-for-profit,Masters Colleges and Universities--larger programs,5506,92.9,5311,93,1193,83,10581,32,13557,42,56.2,72,68,75,17.6,10,83.3,74,45,39,799
219718,Bethel University (Tenn.),McKenzie,Tennessee,4-year,Private not-for-profit,Masters Colleges and Universities--medium programs,5124,77.5,4685,91,930,11,8674,23,518,2,10.6,5,30.2,10,60.7,87,55.6,10,25.5,13,255
219790,Bryan College,Dayton,Tennessee,4-year,Private not-for-profit,Baccalaureate Colleges--Diverse Fields,1573,71.8,1290,46,1053,49,11974,39,4180,14,54.3,69,61.5,63,33.9,42,70.8,37,42.1,35,234
219806,Carson-Newman College,Jefferson City,Tennessee,4-year,Private not-for-profit,Baccalaureate Colleges--Diverse Fields,1713,96.8,1635,58,1064,53,18314,73,27524,62,37.1,41,49.5,40,41.1,58,68.7,31,59.5,59,434
219824,Chattanooga State Community College,Chattanooga,Tennessee,2-year,Public,Associates--Public Rural-serving Large,9910,44.5,6827,78,NULL,NULL,3411,28,343,32,2.8,9,8.3,6,48.8,67,51.9,25,38.1,65,1414
219833,Christian Brothers University,Memphis,Tennessee,4-year,Private not-for-profit,Masters Colleges and Universities--medium programs,1168,87.4,1209,43,1105,66,22654,87,18432,51,31.3,32,56.7,53,42.3,61,77.8,57,61,62,307
219879,Cleveland State Community College,Cleveland,Tennessee,2-year,Public,Associates--Public Rural-serving Medium,3790,49.7,2500,40,910,43,3750,41,2067,78,5.3,26,12.7,20,48.7,67,53.2,30,38.3,66,644
219888,Columbia State Community College,Columbia,Tennessee,2-year,Public,Associates--Public Rural-serving Medium,5225,43.3,3383,51,NULL,NULL,3826,43,1592,69,7.4,38,18.5,43,42.9,53,57.9,51,32.6,49,812
219903,Concorde Career College (Tenn.),Memphis,Tennessee,2-year,Private for-profit,Associates--Private For-profit,1313,100,1529,93,NULL,NULL,5480,82,NULL,NULL,52.2,67,86.8,95,52.2,22,68.9,52,72.2,84,1133
219949,Cumberland University,Lebanon,Tennessee,4-year,Private not-for-profit,Masters Colleges and Universities--medium programs,1269,83.2,1237,44,986,25,13742,50,7201,24,20.5,14,37.1,16,39.8,56,63.7,21,38,30,210
219976,Lipscomb University,Nashville,Tennessee,4-year,Private not-for-profit,Masters Colleges and Universities--larger programs,2890,89.6,2807,80,1149,76,15621,60,15082,45,43.7,51,64,68,28.5,30,76.7,54,42.9,36,575
220002,Daymar Institute at Nashville,Nashville,Tennessee,4-year,Private for-profit,Associates--Private For-profit,141,76.6,195,7,NULL,NULL,4868,67,NULL,NULL,NULL,NULL,NULL,NULL,85.8,96,33.3,8,25,66,NULL
220057,Dyersburg State Community College,Dyersburg,Tennessee,2-year,Public,Associates--Public Rural-serving Medium,3258,39.7,2211,35,NULL,NULL,4141,57,1697,71,1.5,3,7.4,4,52.2,76,47.5,11,30.2,43,748
220075,East Tennessee State University,Johnson City,Tennessee,4-year,Public,Doctoral/Research Universities,11820,82.3,10945,71,1026,49,6947,69,7875,71,17.2,36,41.3,36,43.7,68,66.2,23,73.5,73,1918
220118,Chattanooga College,Chattanooga,Tennessee,2-year,Private for-profit,Associates--Private For-profit,345,100,351,34,NULL,NULL,5250,78,NULL,NULL,34.4,45,64.1,59,89.7,92,69.6,54,46.7,60,64
220181,Fisk University,Nashville,Tennessee,4-year,Private not-for-profit,Baccalaureate Colleges--Arts & Sciences,611,96.4,535,20,854,3,16715,66,31203,66,41,47,52.2,44,62.1,88,70.1,35,66.3,70,161
220206,Free Will Baptist Bible College,Nashville,Tennessee,4-year,Private not-for-profit,Baccalaureate Colleges--Diverse Fields,338,69.2,209,8,NULL,NULL,6003,13,6459,22,16.1,9,37.5,17,39.9,57,71.7,40,47.1,43,56
220215,Freed-Hardeman University,Henderson,Tennessee,4-year,Private not-for-profit,Masters Colleges and Universities--medium programs,1385,91.1,1436,51,1098,64,12578,42,24638,59,38.4,43,51.7,43,34.2,43,77.6,57,71.7,76,385
220312,Hiwassee College,Madisonville,Tennessee,4-year,Private not-for-profit,Associates--Private Not-for-profit,364,56.9,239,9,863,4,11249,35,34439,68,NULL,NULL,NULL,NULL,41.6,59,70,35,47.1,43,NULL
220400,Jackson State Community College,Jackson,Tennessee,2-year,Public,Associates--Public Rural-serving Medium,4587,44,2958,46,NULL,NULL,3713,39,478,39,2.2,5,10,10,48.7,67,43.2,6,28.8,38,1007
220464,John A. Gupton College,Nashville,Tennessee,2-year,Private not-for-profit,Associates--Private Not-for-profit,122,59,104,13,NULL,NULL,4367,48,4486,40,52.6,57,52.6,45,57.2,46,52.6,26,27.3,23,19
220473,Johnson Bible College,Knoxville,Tennessee,4-year,Private not-for-profit,Theological seminaries- Bible colleges- and other faith-related institutions,830,94.1,789,29,1022,37,6912,16,120500,90,44,52,54.2,48,48.8,74,80.4,65,50.6,48,166
220516,King College,Bristol,Tennessee,4-year,Private not-for-profit,Masters Colleges and Universities--medium programs,2191,93.1,2106,69,1039,44,12985,44,13326,42,44.5,53,51.6,43,45.9,69,68.7,31,45.9,41,182
220552,South College (Tenn.),Knoxville,Tennessee,4-year,Private for-profit,Baccalaureate/Associates Colleges,710,100,892,68,NULL,NULL,7176,95,NULL,NULL,29.6,71,29.6,58,48.2,12,52.7,48,72.5,96,27
220598,Lane College,Jackson,Tennessee,4-year,Private not-for-profit,Baccalaureate Colleges--Arts & Sciences,1554,98.7,1544,54,716,0,7186,17,NULL,NULL,19.8,14,30.8,10,92.5,99,48.6,5,92,92,597
220604,Lemoyne-Owen College,Memphis,Tennessee,4-year,Private not-for-profit,Baccalaureate Colleges--Diverse Fields,1023,85.9,1009,36,760,1,4072,5,13979,43,5.6,2,16.9,4,76.2,94,45.7,3,47.7,44,89
220613,Lee University,Cleveland,Tennessee,4-year,Private not-for-profit,Masters Colleges and Universities--medium programs,4550,84.2,4107,89,1094,63,8439,22,3331,11,34.6,37,53.1,46,39.3,55,77.2,56,32.5,21,783
220631,Lincoln Memorial University,Harrogate,Tennessee,4-year,Private not-for-profit,Masters Colleges and Universities--larger programs,1713,69.2,1556,54,1054,50,18776,74,6065,21,14.2,7,47.5,36,50.6,78,74.4,47,70.7,74,162
220701,Martin Methodist College,Pulaski,Tennessee,4-year,Private not-for-profit,Baccalaureate Colleges--Diverse Fields,1144,88.8,1045,38,NULL,NULL,16932,68,12085,39,40,45,42.8,26,55.9,83,55.1,10,57.4,56,215
220710,Maryville College,Maryville,Tennessee,4-year,Private not-for-profit,Baccalaureate Colleges--Arts & Sciences,1168,96.9,1143,41,1068,54,21288,83,54942,80,46.7,57,55.8,51,42.5,61,72.2,42,48,44,317
220808,Memphis College of Art,Memphis,Tennessee,4-year,Private not-for-profit,Schools of art- music- and design,368,88.3,326,13,1030,39,15221,57,11418,37,29.2,28,47.2,35,56.9,84,69.1,32,43.1,37,72
220862,University of Memphis,Memphis,Tennessee,4-year,Public,Research Universities--high research activity,17223,71.5,14524,78,1031,55,6618,62,12196,82,13.1,22,43.2,42,47.1,77,75.8,57,62.2,48,2007
220941,Victory University,Memphis,Tennessee,4-year,Private for-profit,Baccalaureate Colleges--Diverse Fields,2456,57.8,1380,81,NULL,NULL,6557,93,NULL,NULL,0,0,5.4,1,59.5,28,60,58,100,98,111
220978,Middle Tennessee State University,Murfreesboro,Tennessee,4-year,Public,Doctoral/Research Universities,21162,82.1,19577,87,1011,45,6754,65,3501,44,16.1,33,45.6,49,44.9,71,68.4,31,72.5,71,3571
221014,Milligan College,Milligan College,Tennessee,4-year,Private not-for-profit,Baccalaureate Colleges--Diverse Fields,973,90.9,915,33,1096,64,17571,70,19028,52,51.5,64,52.1,44,35.7,47,86.8,81,100,95,194
221096,Motlow State Community College,Tullahoma,Tennessee,2-year,Public,Associates--Public Rural-serving Medium,4900,40.4,2915,46,910,43,3175,21,1717,71,15.7,73,16.4,35,30.7,22,53.1,29,34.5,55,999
221148,Nashville Auto-Diesel College,Nashville,Tennessee,2-year,Private for-profit,Associates--Private For-profit,1856,100,1815,96,NULL,NULL,3922,30,NULL,NULL,31.6,39,61.9,52,68.3,46,70.9,59,100,94,1498
221184,Nashville State Community College,Nashville,Tennessee,2-year,Public,Associates--Public Urban-serving Multicampus,10007,33.4,6436,76,NULL,NULL,3324,25,1,0,12.2,62,12.2,17,48.5,66,49.9,18,38.1,65,883
221254,O'More College of Design,Franklin,Tennessee,4-year,Private not-for-profit,Schools of art- music- and design,180,81.1,188,6,NULL,NULL,10239,30,NULL,NULL,31,31,42.9,26,32.2,38,60,15,27.5,15,42
221351,Rhodes College (Tenn.),Memphis,Tennessee,4-year,Private not-for-profit,Baccalaureate Colleges--Arts & Sciences,2027,99.4,1958,66,1288,90,21868,85,149425,92,74.1,89,78.3,86,14.3,5,92.6,91,81.2,84,452
221397,Roane State Community College,Harriman,Tennessee,2-year,Public,Associates--Public Rural-serving Medium,6214,40.8,4302,61,910,43,3725,40,1702,71,7.9,41,17,37,47.8,66,60.5,63,35.7,59,1156
221485,Southwest Tennessee Community College,Memphis,Tennessee,2-year,Public,Associates--Public Urban-serving Multicampus,10817,43.7,8043,83,756,0,3746,40,165,15,5.7,29,5.7,1,59.7,88,47,10,35.9,60,1797
221519,Sewanee: the University of the South,Sewanee,Tennessee,4-year,Private not-for-profit,Baccalaureate Colleges--Arts & Sciences,1620,98.9,1659,58,1248,88,22139,85,190019,93,75.6,90,78.1,86,17.6,10,90.7,88,86.4,89,401
221643,Pellissippi State Community College,Knoxville,Tennessee,2-year,Public,Associates--Public Urban-serving Multicampus,10704,48.7,7271,80,NULL,NULL,3874,46,957,56,21.8,87,21.8,55,41.3,49,54.6,35,41.1,70,1697
221661,Southern Adventist University,Collegedale,Tennessee,4-year,Private not-for-profit,Baccalaureate Colleges--Diverse Fields,2825,83.1,2546,76,1050,48,7854,20,9011,30,19.2,13,53.6,47,37.6,51,77,56,99.4,95,521
221731,Tennessee Wesleyan College,Athens,Tennessee,4-year,Private not-for-profit,Baccalaureate Colleges--Diverse Fields,1068,92.8,1138,41,1006,30,13980,51,8453,28,32,33,44.4,30,45.9,69,60.6,16,84.7,87,153
221740,University of Tennessee at Chattanooga,Chattanooga,Tennessee,4-year,Public,Masters Colleges and Universities--larger programs,10297,88,9199,63,1069,65,6880,67,9533,76,15.1,30,37.1,28,35.3,40,69.1,34,61.4,46,1933
221759,University of Tennessee at Knoxville,Knoxville,Tennessee,4-year,Public,Research Universities--very high research activity,21182,93.5,20256,89,1199,90,7269,74,23336,92,36.8,78,67.5,87,29.9,24,85.6,84,80.5,85,4331
221768,University of Tennessee at Martin,Martin,Tennessee,4-year,Public,Masters Colleges and Universities--medium programs,7025,84.4,6728,52,1050,59,7521,77,4610,54,21.4,48,46.5,52,47.1,77,69.9,37,75.5,77,1283
221795,Fountainhead College of Technology,Knoxville,Tennessee,4-year,Private for-profit,Other technology-related schools,180,100,267,13,NULL,NULL,10745,99,NULL,NULL,90.3,97,90.3,97,45.7,10,20,1,62.5,94,31
221838,Tennessee State University,Nashville,Tennessee,4-year,Public,Doctoral/Research Universities,6816,79.6,5869,47,NULL,NULL,7041,71,5489,60,7.8,8,29.1,14,66.6,96,59.8,10,74.7,75,1215
221847,Tennessee Technological University,Cookeville,Tennessee,4-year,Public,Masters Colleges and Universities--larger programs,10052,90.9,9021,63,1071,67,7824,81,6754,67,22.5,52,50.6,59,36.9,45,74.6,53,61.3,46,1649
221856,Tennessee Temple University,Chattanooga,Tennessee,4-year,Private not-for-profit,Theological seminaries- Bible colleges- and other faith-related institutions,743,60.7,493,19,878,5,9396,26,1111,4,9.6,4,17.5,4,79.1,96,66.7,26,16.3,5,114
221892,Trevecca Nazarene University,Nashville,Tennessee,4-year,Private not-for-profit,Doctoral/Research Universities,1492,68.1,1315,47,1049,48,12432,41,9927,33,35.7,39,46.6,34,42.3,61,74.8,48,43.5,37,238
221908,Northeast State Community College,Blountville,Tennessee,2-year,Public,Associates--Public Rural-serving Medium,5893,52.8,4480,62,NULL,NULL,3667,37,1855,74,4.3,18,13.4,23,51.8,75,56.3,44,37.2,63,1168
221953,Tusculum College,Greeneville,Tennessee,4-year,Private not-for-profit,Masters Colleges and Universities--smaller programs,1844,94.4,1890,64,961,18,11929,39,8281,27,17.6,11,33.9,13,58.7,86,50,6,39.3,31,289
221971,Union University,Jackson,Tennessee,4-year,Private not-for-profit,Masters Colleges and Universities--larger programs,2826,77,2742,79,1174,81,14502,55,7673,26,50.8,63,63.6,67,28.1,29,93.8,92,57.9,57,374
221999,Vanderbilt University,Nashville,Tennessee,4-year,Private not-for-profit,Research Universities--very high research activity,6835,99,6755,96,1475,99,37771,99,311592,96,86.7,97,92.5,97,14.3,5,97.3,97,93.3,93,1671
222053,Volunteer State Community College,Gallatin,Tennessee,2-year,Public,Associates--Public Suburban-serving Single Campus,8153,42.3,5311,70,NULL,NULL,3388,27,739,49,3.7,13,16,33,38.8,43,57.1,47,37.9,64,1413
222062,Walters State Community College,Morristown,Tennessee,2-year,Public,Associates--Public Rural-serving Large,6265,50.6,4359,61,NULL,NULL,4120,56,2480,82,4.9,22,15.5,30,42.7,52,55.5,40,45.5,78,1415
222099,West Tennessee Business College,Jackson,Tennessee,2-year,Private for-profit,Associates--Private For-profit,212,98.6,205,15,NULL,NULL,3200,8,NULL,NULL,62.2,77,62.2,53,81.5,77,75.6,72,76.9,87,156
222105,William R. Moore College of Technology,Memphis,Tennessee,2-year,Private not-for-profit,Associates--Private Not-for-profit,219,39.3,129,16,NULL,NULL,3309,16,NULL,NULL,87.5,95,87.5,95,32.1,4,83.3,85,37.5,35,24
222178,Abilene Christian University,Abilene,Texas,4-year,Private not-for-profit,Masters Colleges and Universities--larger programs,3727,94.2,3452,86,1087,61,12674,43,82162,85,36.7,40,56.6,53,23.5,21,79.4,62,91.7,92,884
222567,Alvin Community College,Alvin,Texas,2-year,Public,Associates--Public Rural-serving Large,5118,28.5,3953,56,NULL,NULL,3874,46,450,38,5.1,24,12.4,18,15.4,2,58.4,53,43.4,74,356
222576,Amarillo College,Amarillo,Texas,2-year,Public,Associates--Public Rural-serving Large,10873,29.2,6622,77,NULL,NULL,5039,82,525,40,7.8,40,15.3,30,46.2,62,56.4,45,51.6,86,1020
222822,Angelina College,Lufkin,Texas,2-year,Public,Associates--Public Rural-serving Medium,5490,37.9,3478,52,NULL,NULL,1787,1,1732,72,4,15,9.1,8,43.3,54,35.1,1,29.6,41,707
222831,Angelo State University,San Angelo,Texas,4-year,Public,Masters Colleges and Universities--medium programs,5473,85.8,5278,43,965,24,6209,54,21480,91,14.4,27,29.7,15,42.6,65,54.6,6,78.5,81,1432
222877,Arlington Baptist College,Arlington,Texas,4-year,Private not-for-profit,Theological seminaries- Bible colleges- and other faith-related institutions,231,89.6,206,8,NULL,NULL,3441,3,NULL,NULL,20,14,33.3,12,63.9,89,50,6,55,53,15
222938,Art Institute of Houston,Houston,Texas,4-year,Private for-profit,Schools of art- music- and design,2338,71.9,2429,91,NULL,NULL,4270,46,NULL,NULL,29.2,70,36.5,73,58.4,25,49.5,38,32.7,77,178
222983,Austin College,Sherman,Texas,4-year,Private not-for-profit,Baccalaureate Colleges--Arts & Sciences,1207,99.8,1209,43,1181,81,20468,80,101878,87,67,84,71.8,79,28.4,30,82.8,72,86.5,89,333
222992,Austin Community College,Austin,Texas,2-year,Public,Associates--Public Urban-serving Multicampus,41627,22.8,25957,99,NULL,NULL,4253,59,177,17,1.3,2,5.9,1,26.1,14,55.5,40,30.3,43,2034
223232,Baylor University,Waco,Texas,4-year,Private not-for-profit,Research Universities--high research activity,13292,98.2,13093,99,1215,85,17040,68,67958,83,57.2,73,74.7,83,22,18,88.2,84,80.6,83,2721
223320,Coastal Bend College,Beeville,Texas,2-year,Public,Associates--Public Rural-serving Medium,3533,38.9,2880,45,NULL,NULL,5637,89,247,25,19.3,82,29.5,80,35.5,34,41.7,4,46.5,80,431
223427,Blinn College,Brenham,Texas,2-year,Public,Associates--Public Rural-serving Large,18561,51.2,12644,93,NULL,NULL,2189,3,800,51,4.1,16,6.2,2,25.6,12,54.8,36,53,88,2418
223463,Remington College at Dallas,Garland,Texas,4-year,Private not-for-profit,Associates--Private For-profit,904,100,1618,56,NULL,NULL,4196,5,NULL,NULL,NULL,NULL,NULL,NULL,73.5,93,100,99,88.4,90,NULL
223472,Vet Tech Institute of Houston,Houston,Texas,2-year,Private for-profit,Associates--Private For-profit,196,100,386,38,NULL,NULL,3740,21,NULL,NULL,85.7,97,91.8,98,55.9,25,50,12,71.4,83,49
223506,Brazosport College,Lake Jackson,Texas,4-year,Public,Associates--Public 4-year Primarily Associates,4127,23.4,2573,21,NULL,NULL,3267,1,1847,23,NULL,NULL,NULL,NULL,17.7,3,100,100,35.3,10,NULL
223524,Brookhaven College,Farmers Branch,Texas,2-year,Public,Associates--Public Urban-serving Multicampus,12319,19,6868,78,NULL,NULL,2644,9,NULL,NULL,2.1,4,7.1,3,26.6,15,63,74,26,29,630
223773,Cedar Valley College,Lancaster,Texas,2-year,Public,Associates--Public Urban-serving Multicampus,6676,23.4,3603,53,NULL,NULL,2824,13,NULL,NULL,4.8,21,8.9,7,42.4,51,44.4,7,33,51,436
223816,Central Texas College,Killeen,Texas,2-year,Public,Associates--Public Special Use,21647,17.3,15911,97,NULL,NULL,7195,97,351,33,4.5,20,14.5,27,33.1,28,44.6,7,13.7,2,905
223898,Cisco Junior College,Cisco,Texas,2-year,Public,Associates--Public Rural-serving Medium,3617,44.3,2687,42,NULL,NULL,3376,27,529,41,7.9,41,12.9,21,34.3,31,24.7,0,43.7,75,774
223922,Clarendon College,Clarendon,Texas,2-year,Public,Associates--Public Rural-serving Small,1214,47.4,922,9,NULL,NULL,3762,41,3175,87,12.3,63,18.1,41,49.6,70,63.6,76,44.2,76,243
224004,Concordia University Texas,Austin,Texas,4-year,Private not-for-profit,Masters Colleges and Universities--larger programs,1531,73,1454,51,1035,42,12107,40,8035,26,18.1,11,34.4,14,39.2,55,48.4,5,24.7,12,160
224110,North Central Texas College,Gainesville,Texas,2-year,Public,Associates--Public Rural-serving Large,10335,36.7,6550,76,NULL,NULL,2885,14,1020,58,5.7,29,13.9,25,27.1,15,49.2,16,30.5,44,1012
224147,Texas A&M University at Corpus Christi,Corpus Christi,Texas,4-year,Public,Doctoral/Research Universities,9152,79.1,7926,58,960,23,5072,28,1241,14,24.3,57,40.2,34,41.8,63,57.3,8,69.1,63,1512
224183,Court Reporting Institute of Dallas,Dallas,Texas,2-year,Private for-profit,Associates--Private For-profit,183,7.1,159,8,NULL,NULL,3125,6,NULL,NULL,0,0,0,0,28.5,3,36.4,5,71.4,83,20
224226,Dallas Baptist University,Dallas,Texas,4-year,Private not-for-profit,Masters Colleges and Universities--larger programs,3435,71.7,2904,81,1078,58,8918,24,8514,28,43,50,55.2,50,30.3,34,69.7,34,99.2,95,328
224244,Dallas Christian College,Dallas,Texas,4-year,Private not-for-profit,Theological seminaries- Bible colleges- and other faith-related institutions,316,72.5,256,10,930,11,2719,1,656,3,18.6,12,30.2,10,46.9,71,58.3,13,23.7,11,43
224271,Dallas Institute of Funeral Service,Dallas,Texas,2-year,Private not-for-profit,Associates--Private Not-for-profit,114,100,236,39,NULL,NULL,2831,10,NULL,NULL,82.8,92,82.8,91,81.4,90,84,88,62.5,66,58
224323,University of Dallas,Irving,Texas,4-year,Private not-for-profit,Masters Colleges and Universities--larger programs,1380,98.9,1388,49,1216,85,17863,71,22938,57,55.5,71,66,71,21.5,17,77.1,56,52,49,362
224350,Del Mar College,Corpus Christi,Texas,2-year,Public,Associates--Public Rural-serving Large,10502,29,5213,69,NULL,NULL,4430,66,2544,82,3,10,9.7,9,37.6,40,56.6,45,47.2,81,792
224439,Career Point College at San Antonio,San Antonio,Texas,4-year,Private for-profit,Associates--Private For-profit,1208,100,1208,77,NULL,NULL,2359,1,NULL,NULL,NULL,NULL,NULL,NULL,73.8,68,68.7,73,100,98,NULL
224527,East Texas Baptist University,Marshall,Texas,4-year,Private not-for-profit,Baccalaureate Colleges--Diverse Fields,1196,89.1,1010,36,957,17,11152,34,61745,82,24,19,33.3,12,46,69,57.1,11,74.4,78,312
224545,Texas A & M University-Texarkana,Texarkana,Texas,4-year,Public,Masters Colleges and Universities--larger programs,1401,66,1034,6,993,35,6626,62,3247,40,NULL,NULL,NULL,NULL,46.2,74,40.3,1,26.7,4,NULL
224554,Texas A&M University at Commerce,Commerce,Texas,4-year,Public,Doctoral/Research Universities,6969,74.3,5700,46,987,32,6488,60,1859,24,24.1,56,45.2,48,49.5,82,66.9,26,58.1,41,602
224572,Eastfield College,Mesquite,Texas,2-year,Public,Associates--Public Urban-serving Multicampus,14529,23,8323,84,NULL,NULL,2924,15,NULL,NULL,3.5,12,10,10,37,38,63.1,74,29.1,39,749
224615,El Centro College,Dallas,Texas,2-year,Public,Associates--Public Urban-serving Multicampus,10771,18.5,6086,75,NULL,NULL,2898,14,NULL,NULL,0.8,1,3.8,0,39.2,44,56.6,45,34.8,57,501
224642,El Paso Community College,El Paso,Texas,2-year,Public,Associates--Public Urban-serving Multicampus,30468,32.1,19576,98,NULL,NULL,3993,52,38,5,4.4,19,10.2,11,46.5,62,63,74,30.4,43,3171
224660,"Western Technical College, Branch Campus",El Paso,Texas,2-year,Private for-profit,Associates--Private For-profit,651,76.8,822,73,NULL,NULL,4533,58,NULL,NULL,47.9,61,64.1,59,70.2,51,63.5,37,65.7,80,351
224679,Western Technical College main campus,El Paso,Texas,2-year,Private for-profit,Associates--Private For-profit,815,79.6,1698,95,NULL,NULL,5978,87,NULL,NULL,47,60,47,25,79,72,71.1,59,68.4,82,1001
224776,Art Institute of Dallas,Dallas,Texas,4-year,Private for-profit,Schools of art- music- and design,1408,77.3,1532,83,NULL,NULL,4433,53,NULL,NULL,19.3,48,27.1,54,58.9,27,46.2,34,43.7,87,140
224891,Frank Phillips College,Borger,Texas,2-year,Public,Associates--Public Rural-serving Small,1148,43.6,802,7,NULL,NULL,4550,70,1658,70,12.1,62,25.2,68,33.3,28,41.1,3,29.7,41,214
224961,Galveston College,Galveston,Texas,2-year,Public,Associates--Public Rural-serving Medium,2131,27.1,1555,22,NULL,NULL,4988,81,NULL,NULL,17.5,78,25.2,68,38.8,43,51.6,23,52.9,88,234
225070,Grayson County College,Denison,Texas,2-year,Public,Associates--Public Rural-serving Medium,5014,41.9,2496,40,NULL,NULL,4315,62,4560,93,10.4,54,19,45,44,56,55.6,40,40.5,69,625
225201,Hallmark College of Technology,San Antonio,Texas,4-year,Private not-for-profit,Associates--Private For-profit,729,100,825,30,NULL,NULL,3548,3,NULL,NULL,NULL,NULL,NULL,NULL,56.2,83,35.1,1,51.4,49,NULL
225247,Hardin-Simmons University,Abilene,Texas,4-year,Private not-for-profit,Masters Colleges and Universities--medium programs,1772,87.8,1613,56,1035,42,10216,30,66871,83,33.8,36,51.4,43,33.8,42,62.8,19,70.4,73,465
225308,Trinity Valley Community College,Athens,Texas,2-year,Public,Associates--Public Suburban-serving Multicampus,5172,51.9,5333,70,NULL,NULL,3806,43,692,48,12.7,64,23.1,60,50.9,72,55.3,39,58.7,92,624
225371,Hill College,Hillsboro,Texas,2-year,Public,Associates--Public Rural-serving Medium,4495,42.9,2968,46,NULL,NULL,4114,56,3290,88,5.6,28,20.4,51,39.9,45,65.5,82,37.6,63,658
225399,Houston Baptist University,Houston,Texas,4-year,Private not-for-profit,Masters Colleges and Universities--medium programs,2171,92.4,1931,65,1075,57,15076,57,36525,70,24,19,44.3,29,48.7,74,62.8,19,55.2,54,445
225423,Houston Community College,Houston,Texas,2-year,Public,Associates--Public Urban-serving Multicampus,57978,30.6,38303,100,NULL,NULL,3077,19,241,24,4,15,11.1,13,66.2,94,61.1,66,30.3,43,3675
225432,University of Houston-Downtown,Houston,Texas,4-year,Public,Baccalaureate Colleges--Diverse Fields,13486,51.1,9983,67,894,8,4646,16,3647,45,2.6,1,14.1,2,47.4,77,63.1,17,52.4,33,831
225502,University of Houston-Victoria,Victoria,Texas,4-year,Public,Masters Colleges and Universities--larger programs,2889,50.7,2076,17,903,9,4725,19,5131,58,NULL,NULL,NULL,NULL,43.7,68,47.8,2,59.1,43,NULL
225511,University of Houston main campus,Houston,Texas,4-year,Public,Research Universities--very high research activity,31706,72,26905,96,1136,82,6759,65,18003,89,16.5,34,47.5,52,38.8,51,84.6,82,88.1,95,3292
225520,Howard College,Big Spring,Texas,2-year,Public,Associates--Public Rural-serving Medium,4130,26.5,2587,41,NULL,NULL,2600,9,1534,68,11.5,59,18.2,42,34,30,41.5,4,64.6,95,468
225548,Howard Payne University,Brownwood,Texas,4-year,Private not-for-profit,Baccalaureate Colleges--Diverse Fields,1100,89.4,950,34,953,16,11958,39,53054,79,30.2,29,42,25,42.5,61,60.9,16,66.2,69,255
225575,Huston-Tillotson University,Austin,Texas,4-year,Private not-for-profit,Baccalaureate Colleges--Arts & Sciences,926,90.7,647,24,780,1,8436,22,13531,42,10.1,5,25.5,7,70.2,91,51.2,7,63.2,65,188
225627,University of the Incarnate Word,San Antonio,Texas,4-year,Private not-for-profit,Masters Colleges and Universities--larger programs,6491,64.7,5934,94,967,19,12048,39,14574,44,19.3,13,40,22,41.9,60,69.1,32,42.3,35,715
225779,International Business College - El Paso West,El Paso,Texas,2-year,Private for-profit,Associates--Private For-profit,196,85.2,151,7,NULL,NULL,7665,97,NULL,NULL,72.5,89,86,94,93,95,82.8,87,100,94,193
225788,International Business College - El Paso East,El Paso,Texas,2-year,Private for-profit,Associates--Private For-profit,195,56.9,151,7,NULL,NULL,3431,12,NULL,NULL,62.6,78,73.7,80,71.7,54,77.2,75,100,94,179
225849,"ITT Technical Institute (Arlington, Tex.)",Arlington,Texas,4-year,Private for-profit,Associates--Private For-profit,612,81.4,650,56,NULL,NULL,4097,36,NULL,NULL,NULL,NULL,NULL,NULL,65.3,40,NULL,NULL,6.7,9,NULL
225858,"ITT Technical Institute at South Gessner, Houston",Houston,Texas,4-year,Private for-profit,Associates--Private For-profit,609,90.3,674,57,NULL,NULL,5212,78,NULL,NULL,NULL,NULL,NULL,NULL,72.6,63,NULL,NULL,12.5,33,NULL
225876,Jacksonville College,Jacksonville,Texas,2-year,Private not-for-profit,Associates--Private Not-for-profit,524,50.8,342,55,NULL,NULL,6788,78,6740,60,6.1,8,11.1,8,33.9,9,45.7,14,51.5,50,99
225885,Jarvis Christian College,Hawkins,Texas,4-year,Private not-for-profit,Baccalaureate Colleges--Diverse Fields,609,93.4,297,12,NULL,NULL,14483,54,38425,71,4.5,2,9,1,90,99,58.3,13,100,95,133
225991,KD Studio-Actors Conservatory,Dallas,Texas,2-year,Private for-profit,Associates--Private For-profit,153,100,202,15,NULL,NULL,4828,67,NULL,NULL,56.2,71,59.4,45,65.6,41,54.2,17,4.7,0,32
226019,Kilgore College,Kilgore,Texas,2-year,Public,Associates--Public Rural-serving Medium,5867,44.7,3127,48,NULL,NULL,3310,25,2711,84,8.3,44,16.9,36,30.5,21,55.8,41,43.2,74,1027
226091,Lamar University,Beaumont,Texas,4-year,Public,Doctoral/Research Universities,9382,70.4,8930,62,974,29,5173,29,2011,26,13.1,22,34.5,23,45.6,72,53.5,5,78.5,81,1416
226107,Lamar State College-Orange,Orange,Texas,2-year,Public,Associates--Public Rural-serving Medium,2426,40.9,1751,26,NULL,NULL,2576,8,9,1,7.5,39,17.9,40,39.6,45,46.8,10,45.8,78,453
226116,Lamar State College at Port Arthur,Port Arthur,Texas,2-year,Public,Associates--Public Rural-serving Medium,2721,35.1,1762,27,NULL,NULL,5682,89,623,45,6.9,35,17.2,37,34.2,30,56.7,46,58.9,93,406
226134,Laredo Community College,Laredo,Texas,2-year,Public,Associates--Public Rural-serving Large,8726,37,9743,88,NULL,NULL,3758,41,305,30,6.8,34,18.3,42,56.9,83,60.9,66,55.1,90,1022
226152,Texas A&M International University,Laredo,Texas,4-year,Public,Masters Colleges and Universities--larger programs,6585,61.1,4740,39,892,8,6578,61,6117,63,21.2,48,43,42,57.3,90,73.7,49,68.1,60,605
226204,Lee College,Baytown,Texas,2-year,Public,Associates--Public Suburban-serving Multicampus,5911,24.6,4278,60,NULL,NULL,3481,31,88,9,12.6,64,21.1,53,35.9,35,63,74,49,83,436
226231,LeTourneau University,Longview,Texas,4-year,Private not-for-profit,Masters Colleges and Universities--medium programs,2305,57.8,2077,69,1175,81,10894,33,5901,20,33.8,36,52.2,44,40.9,58,76.7,54,48.4,45,320
226277,Lincoln College of Technology at Grand Prarie,Grand Prairie,Texas,2-year,Private for-profit,Associates--Private For-profit,867,100,965,78,NULL,NULL,4064,37,NULL,NULL,53.6,68,62.1,53,71.9,54,81.6,85,96.2,94,789
226383,Lubbock Christian University,Lubbock,Texas,4-year,Private not-for-profit,Masters Colleges and Universities--smaller programs,1531,82.2,1435,51,1010,32,8925,24,7821,26,30,28,41.3,24,39.3,55,69.7,34,54.3,52,303
226408,College of the Mainland,Texas City,Texas,2-year,Public,Associates--Public Rural-serving Medium,4188,26.8,2739,43,NULL,NULL,3834,44,657,46,9.4,50,13.3,22,25.7,13,54.3,34,40,69,278
226471,University of Mary Hardin-Baylor,Belton,Texas,4-year,Private not-for-profit,Masters Colleges and Universities--smaller programs,3063,91.2,2591,77,1069,54,10294,30,23638,58,28.3,25,47.2,35,41,58,66,25,56.4,55,481
226578,McLennan Community College,Waco,Texas,2-year,Public,Associates--Public Rural-serving Large,8555,45,6673,77,NULL,NULL,4509,68,821,52,14.3,70,18.8,45,48.1,66,52.5,27,50.2,85,1288
226587,McMurry University,Abilene,Texas,4-year,Private not-for-profit,Baccalaureate Colleges--Diverse Fields,1212,85.1,1222,44,982,23,13422,48,57169,81,24.8,20,37.9,18,45.7,68,59.1,14,97.6,94,311
226806,Midland College,Midland,Texas,4-year,Public,Associates--Public 4-year Primarily Associates,5233,29.4,3650,31,NULL,NULL,2813,1,8039,72,NULL,NULL,NULL,NULL,20.1,6,NULL,NULL,48.4,25,NULL
226833,Midwestern State University,Wichita Falls,Texas,4-year,Public,Masters Colleges and Universities--medium programs,5193,74.4,4507,38,993,35,4996,25,3790,46,16.8,35,44.2,45,37.4,46,67.3,27,75.1,76,702
226879,Wade College Dallas Market Center,Dallas,Texas,4-year,Private for-profit,Associates--Private For-profit,201,80.6,334,20,NULL,NULL,4433,53,NULL,NULL,NULL,NULL,NULL,NULL,70.5,56,69.2,74,36.4,82,NULL
226930,Mountain View College,Dallas,Texas,2-year,Public,Associates--Public Urban-serving Multicampus,8797,22.2,4988,67,NULL,NULL,3026,18,NULL,NULL,1.1,1,7.1,3,37.7,40,58.9,56,30.5,44,651
227146,Navarro College,Corsicana,Texas,2-year,Public,Associates--Public Rural-serving Large,10256,43.4,7711,82,NULL,NULL,3858,45,509,40,8.1,43,15.7,32,45.4,59,50,19,23.4,21,1716
227182,Lone Star College system,The Woodlands,Texas,2-year,Public,Associates--Public Suburban-serving Multicampus,64072,30.9,45205,100,NULL,NULL,3271,24,226,22,5.1,24,10.9,13,35.4,33,61.8,70,17.4,6,4661
227191,North Lake College,Irving,Texas,2-year,Public,Associates--Public Urban-serving Multicampus,11365,22.2,6191,75,NULL,NULL,2554,7,NULL,NULL,2.4,6,9.5,9,27.5,16,60.5,63,33.1,51,589
227216,University of North Texas,Denton,Texas,4-year,Public,Research Universities--high research activity,31243,77.2,26524,96,1100,75,6835,66,3907,48,24.7,58,49.9,57,36.4,44,75,54,77.8,80,3495
227225,Northeast Texas Community College,Mount Pleasant,Texas,2-year,Public,Associates--Public Rural-serving Medium,3225,34.3,2320,37,NULL,NULL,4557,70,959,56,9.6,51,16.4,35,51.3,74,61.4,67,35.9,60,544
227243,Northwood University (Tex.),Cedar Hill,Texas,4-year,Private not-for-profit,Schools of business and management,648,80.9,644,24,924,9,14080,52,6394,22,23.3,18,30,10,52.3,80,56.7,11,17.6,6,120
227304,Odessa College,Odessa,Texas,2-year,Public,Associates--Public Rural-serving Medium,5059,28.1,3107,48,NULL,NULL,5354,86,270,27,5.1,24,20.2,50,26.9,15,54.2,33,40.1,69,312
227331,Our Lady of the Lake University,San Antonio,Texas,4-year,Private not-for-profit,Doctoral/Research Universities,1555,84.4,1250,45,882,5,21195,83,11538,38,19.2,13,34.1,13,57.1,84,55.7,10,31.8,21,261
227368,University of Texas-Pan American,Edinburg,Texas,4-year,Public,Masters Colleges and Universities--larger programs,17230,76.1,14694,79,937,15,6920,69,NULL,NULL,15.6,31,39.3,32,63.6,95,76.3,58,85.4,91,2527
227377,University of Texas at Brownsville,Brownsville,Texas,4-year,Public,Masters Colleges and Universities--medium programs,11220,51.8,8538,60,NULL,NULL,4851,23,1755,22,8.9,12,26,10,57.5,90,45.7,2,67.5,59,986
227386,Panola College,Carthage,Texas,2-year,Public,Associates--Public Rural-serving Medium,2699,49.2,1817,28,NULL,NULL,1675,1,2268,80,15.2,72,20.1,50,14.9,2,43.7,6,49.3,84,369
227401,Paris Junior College,Paris,Texas,2-year,Public,Associates--Public Rural-serving Medium,5301,46.6,3875,56,NULL,NULL,3822,43,4382,92,13,66,19,45,47.3,64,48.7,14,36.5,61,1082
227429,Paul Quinn College,Dallas,Texas,4-year,Private not-for-profit,Baccalaureate Colleges--Diverse Fields,243,88.9,187,6,775,1,6018,13,26972,62,1,0,4.9,0,78.6,95,57.1,11,29,17,102
227526,Prairie View A&M University,Prairie View,Texas,4-year,Public,Masters Colleges and Universities--larger programs,6731,92.6,6386,51,845,2,7846,82,8014,72,11.1,17,36.5,26,65.4,96,67.9,30,86.1,92,1391
227687,Ranger College,Ranger,Texas,2-year,Public,Associates--Public Rural-serving Small,1893,51.9,1429,20,NULL,NULL,4377,64,NULL,NULL,13.7,68,22.5,58,36.8,37,44,6,29.5,40,364
227757,Rice University,Houston,Texas,4-year,Private not-for-profit,Research Universities--very high research activity,3965,98.5,3895,88,1454,98,28662,94,729227,99,78.8,92,91.1,96,17.2,9,98.2,99,77.6,81,742
227766,Richland College,Dallas,Texas,2-year,Public,Associates--Public Urban-serving Multicampus,19287,23.9,11617,91,NULL,NULL,2787,12,NULL,NULL,2.7,8,8.4,6,28.5,18,66.4,84,23.1,19,950
227836,Kaplan Career Institute at McAllen,McAllen,Texas,2-year,Private for-profit,Associates--Private For-profit,540,100,966,79,NULL,NULL,3736,20,NULL,NULL,0,0,76.9,84,44.4,13,79,80,65,79,642
227845,St. Edward's University,Austin,Texas,4-year,Private not-for-profit,Masters Colleges and Universities--larger programs,4089,84.2,3707,87,1117,70,16086,63,19187,52,51.3,64,69.5,77,34.4,43,82.6,72,43.7,38,725
227854,St. Philip's College,San Antonio,Texas,2-year,Public,Associates--Public Urban-serving Multicampus,10238,17.3,5970,74,NULL,NULL,3946,50,NULL,NULL,0.9,1,4.3,0,32,25,49.6,17,17.5,6,1177
227863,University of St. Thomas (Tex.),Houston,Texas,4-year,Private not-for-profit,Masters Colleges and Universities--larger programs,1572,80.7,1355,48,1121,70,13377,47,28528,64,26.7,23,51,42,33.6,42,76.6,54,57.7,57,288
227881,Sam Houston State University,Huntsville,Texas,4-year,Public,Doctoral/Research Universities,16255,82.2,14184,77,999,38,5835,44,4573,54,27.9,65,50.6,59,43.4,67,77.5,62,71.2,68,2213
227924,San Antonio College,San Antonio,Texas,2-year,Public,Associates--Public Urban-serving Multicampus,23004,24.7,15182,96,NULL,NULL,3766,41,NULL,NULL,2.7,8,7.1,3,31.8,25,58,51,23.6,22,1565
227979,San Jacinto College Central,Pasadena,Texas,2-year,Public,Associates--Public Suburban-serving Multicampus,28385,27,13517,95,NULL,NULL,3762,41,NULL,NULL,5.4,27,14.7,28,29.5,20,66.9,85,37.7,64,2914
228042,Schreiner University,Kerrville,Texas,4-year,Private not-for-profit,Baccalaureate Colleges--Diverse Fields,1065,96.6,1052,38,995,27,13565,49,51276,78,35.1,38,40.8,23,42,60,66.5,26,54.2,51,262
228149,St. Mary's University,San Antonio,Texas,4-year,Private not-for-profit,Masters Colleges and Universities--larger programs,2393,95.5,1374,49,1050,48,15664,60,52574,79,33.1,34,55,49,51.4,78,72.8,43,60.4,61,565
228158,South Plains College,Levelland,Texas,2-year,Public,Associates--Public Rural-serving Large,9559,48.9,7007,79,NULL,NULL,1515,1,1509,68,10.7,56,23,60,32.2,26,46.9,10,99.3,99,1152
228246,Southern Methodist University,Dallas,Texas,4-year,Private not-for-profit,Research Universities--high research activity,6357,96.3,6398,95,1302,91,24201,89,127702,90,66.6,83,79,87,17.3,10,88.9,86,64.2,66,1306
228316,Southwest Texas Junior College,Uvalde,Texas,2-year,Public,Associates--Public Rural-serving Medium,5410,37.7,3569,52,NULL,NULL,5227,84,893,55,12.3,63,21.1,53,46.5,62,54.9,37,58.7,92,795
228325,Southwestern Assemblies of God University,Waxahachie,Texas,4-year,Private not-for-profit,Masters Colleges and Universities--smaller programs,1700,84.4,1397,49,NULL,NULL,7502,18,4772,16,14.3,7,33.5,13,53.2,81,67,28,53.6,51,272
228343,Southwestern University (Tex.),Georgetown,Texas,4-year,Private not-for-profit,Baccalaureate Colleges--Arts & Sciences,1535,99,1404,49,1168,80,19974,78,180164,93,65.2,82,70.1,78,25.9,25,87.4,82,65.9,69,371
228431,Stephen F. Austin State University,Nacogdoches,Texas,4-year,Public,Masters Colleges and Universities--larger programs,11006,84.8,10328,68,998,38,6347,58,5137,58,23,53,43.2,42,44.8,71,67.3,27,79.1,82,2268
228459,Texas State University at San Marcos,San Marcos,Texas,4-year,Public,Masters Colleges and Universities--larger programs,31005,82.8,25911,95,1045,57,5963,47,4699,55,30.4,70,57.4,74,34.5,37,77.1,61,73.2,72,3237
228468,Southwestern Adventist University,Keene,Texas,4-year,Private not-for-profit,Baccalaureate Colleges--Diverse Fields,791,81.2,686,25,949,15,8882,24,10207,34,21.6,15,38.2,18,45.8,69,71.6,39,54.7,52,102
228486,Southwestern Christian College,Terrell,Texas,4-year,Private not-for-profit,Baccalaureate/Associates Colleges,172,91.3,188,6,NULL,NULL,9195,25,NULL,NULL,NULL,NULL,NULL,NULL,71.8,93,50,6,86.7,89,NULL
228501,Sul Ross State University,Alpine,Texas,4-year,Public,Masters Colleges and Universities--larger programs,2003,60.6,1581,11,865,5,4806,21,7398,69,14.2,26,27.1,12,60.6,93,47.8,2,68.2,60,240
228529,Tarleton State University,Stephenville,Texas,4-year,Public,Masters Colleges and Universities--larger programs,11348,69.1,7988,58,984,31,5525,38,3803,46,21.8,49,43.4,43,41.1,60,68.3,31,52.3,32,1190
228547,Tarrant County College,Fort Worth,Texas,2-year,Public,Associates--Public Urban-serving Multicampus,50771,34.3,33775,100,NULL,NULL,3550,33,NULL,NULL,2.3,5,9.4,8,36.7,37,56.1,43,33.4,52,2957
228608,Temple College,Temple,Texas,2-year,Public,Associates--Public Rural-serving Medium,5506,33.1,3796,55,NULL,NULL,7232,97,1289,64,2.7,8,7.6,4,79.8,99,47.9,12,42.6,73,526
228680,Texas State Technical College at Waco,Waco,Texas,2-year,Public,Associates--Public Rural-serving Medium,3988,71.4,4210,59,NULL,NULL,4088,55,51,6,13.3,67,24.4,65,58.2,85,48.9,15,91.5,98,985
228699,Texarkana College,Texarkana,Texas,2-year,Public,Associates--Public Rural-serving Medium,4233,39.2,2629,42,NULL,NULL,3831,44,1824,73,5.4,27,22.7,59,42.8,52,49.8,18,48.9,83,538
228705,Texas A&M University at Kingsville,Kingsville,Texas,4-year,Public,Doctoral/Research Universities,9430,68,7471,55,895,8,6888,68,2018,26,17.7,37,34.1,23,54.3,88,63.7,18,64.3,53,651
228723,Texas A&M University at College Station,College Station,Texas,4-year,Public,Research Universities--very high research activity,44072,89.9,38712,99,1182,89,8440,85,171461,99,49.4,89,79.1,94,21.6,7,91.4,94,89,96,8025
228769,University of Texas at Arlington,Arlington,Texas,4-year,Public,Research Universities--high research activity,25690,62,22019,92,1077,68,6301,57,3706,45,16.9,35,40.4,34,40.4,58,70.8,40,66.8,57,2096
228778,University of Texas at Austin,Austin,Texas,4-year,Public,Research Universities--very high research activity,39979,92.3,36764,99,1262,96,8627,87,63743,99,50.9,91,79.4,95,26.8,18,93.6,97,90.7,97,7419
228787,University of Texas at Dallas,Richardson,Texas,4-year,Public,Research Universities--high research activity,13049,81.5,10813,70,1262,96,9577,92,17865,89,45.8,87,62.9,80,35.4,40,88.1,90,74.7,75,1030
228796,University of Texas at El Paso,El Paso,Texas,4-year,Public,Research Universities--high research activity,19696,65.9,15631,80,923,12,6855,67,10862,80,12.1,19,39.5,32,58,91,69.9,37,69.9,65,2017
228802,University of Texas at Tyler,Tyler,Texas,4-year,Public,Masters Colleges and Universities--larger programs,5591,73.2,4516,38,1064,64,6111,51,12416,83,27.3,64,44.1,45,38.8,51,66.4,24,76.2,77,612
228875,Texas Christian University,Fort Worth,Texas,4-year,Private not-for-profit,Doctoral/Research Universities,8640,96.4,8341,97,1206,84,17218,68,134191,91,58.6,74,76,84,14.5,6,90.2,88,71,75,1639
228884,Texas College,Tyler,Texas,4-year,Private not-for-profit,Baccalaureate Colleges--Diverse Fields,971,95.9,788,29,NULL,NULL,13805,50,2365,8,4.2,2,14.6,3,100,100,31.5,1,82.1,85,213
228981,Texas Lutheran University,Seguin,Texas,4-year,Private not-for-profit,Baccalaureate Colleges--Diverse Fields,1329,94.7,1187,42,1041,44,23154,87,72835,84,31.2,31,51.5,43,39.9,57,70.1,35,59.7,59,365
229018,University of Texas of the Permian Basin,Odessa,Texas,4-year,Public,Masters Colleges and Universities--medium programs,4246,45.3,2625,22,1008,41,3583,2,12071,82,12.9,21,26.9,11,21.2,7,66.4,24,59.6,43,372
229027,University of Texas at San Antonio,San Antonio,Texas,4-year,Public,Research Universities--high research activity,24342,82.3,22635,92,1050,59,6632,62,3953,48,9.6,14,30,15,43.8,69,64.4,19,71.3,69,4833
229036,Texas School of Business - Houston North,Houston,Texas,2-year,Private for-profit,Associates--Private For-profit,436,100,788,71,NULL,NULL,3812,24,NULL,NULL,0,0,74.7,81,57.6,28,76.7,74,10,5,443
229063,Texas Southern University,Houston,Texas,4-year,Public,Doctoral/Research Universities,6288,84.6,5956,48,832,1,6607,61,4455,53,6.4,6,16.3,3,67.2,96,55.2,6,75.3,76,1139
229115,Texas Tech University,Lubbock,Texas,4-year,Public,Research Universities--high research activity,27044,90,24958,94,1116,79,6236,55,18131,89,32.8,73,59,75,28.9,23,82.3,76,86.5,93,4439
229160,Texas Wesleyan University,Fort Worth,Texas,4-year,Private not-for-profit,Masters Colleges and Universities--larger programs,1724,82.9,1478,52,997,28,6970,16,14031,43,15.2,8,41.2,24,48.5,73,70.5,37,58.6,58,211
229179,Texas Woman's University,Denton,Texas,4-year,Public,Doctoral/Research Universities,9515,70.6,7806,56,953,21,5809,44,3383,42,22.3,52,41.5,37,49.2,81,72.8,46,52.2,32,726
229267,Trinity University,San Antonio,Texas,4-year,Private not-for-profit,Masters Colleges and Universities--medium programs,2161,97.7,2306,72,1270,89,19400,76,410997,97,71.9,88,81.6,89,15.5,7,95.6,95,78.1,81,631
229319,Texas State Technical College at Harlingen,Harlingen,Texas,2-year,Public,Associates--Public Rural-serving Medium,5332,43.5,3700,55,NULL,NULL,4539,69,NULL,NULL,14,69,20.9,53,57.7,85,52.4,26,72.2,96,401
229328,Texas State Technical College West Texas,Sweetwater,Texas,2-year,Public,Associates--Public Rural-serving Small,1281,50.1,909,9,NULL,NULL,3703,38,110,11,34.2,95,34.2,88,61.2,89,41.7,4,74.7,96,38
229355,Tyler Junior College,Tyler,Texas,2-year,Public,Associates--Public Rural-serving Large,11308,54.8,8104,83,NULL,NULL,4394,65,4480,93,8.8,48,15.4,30,40.8,47,47,10,44.5,76,2227
229504,Vernon College,Vernon,Texas,2-year,Public,Associates--Public Rural-serving Medium,3084,35.6,2216,35,NULL,NULL,3552,33,2156,79,17.4,78,26.6,72,43.9,55,52.5,27,92.6,98,218
229540,Victoria College,Victoria,Texas,2-year,Public,Associates--Public Rural-serving Medium,4419,31.3,2730,43,NULL,NULL,3357,26,3316,88,6.8,34,15,28,35.7,34,65.4,81,38,65,366
229780,Wayland Baptist University,Plainview,Texas,4-year,Private not-for-profit,Masters Colleges and Universities--larger programs,4515,25.3,4210,89,940,13,6250,14,12944,41,21.5,15,33.2,12,32.2,38,47,4,29.5,18,247
229799,Weatherford College,Weatherford,Texas,2-year,Public,Associates--Public Suburban-serving Single Campus,5694,42.9,4080,58,NULL,NULL,3199,21,1252,63,10,52,16.5,35,33.5,29,50.1,19,36.4,61,981
229814,West Texas A&M University,Canyon,Texas,4-year,Public,Masters Colleges and Universities--larger programs,6906,80,5837,47,994,36,5330,34,3232,40,24.6,57,40.3,34,38.6,51,65.6,22,74.3,74,923
229832,Western Texas College,Snyder,Texas,2-year,Public,Associates--Public Rural-serving Medium,2044,29.7,1161,14,NULL,NULL,3433,29,NULL,NULL,24.9,89,57.1,98,11.7,1,55.2,38,61.1,93,354
229841,Wharton County Junior College,Wharton,Texas,2-year,Public,Associates--Public Rural-serving Large,7386,38,5009,67,NULL,NULL,6935,96,1649,70,10.6,55,18.4,43,27.4,16,61.1,66,53.5,89,1125
229887,Wiley College,Marshall,Texas,4-year,Private not-for-profit,Baccalaureate Colleges--Diverse Fields,1388,95.5,1366,48,NULL,NULL,15742,61,4935,17,7,3,22,6,86.2,98,49.5,6,62.4,64,200
230038,Brigham Young University,Provo,Utah,4-year,Private not-for-profit,Research Universities--high research activity,27765,90.3,30775,100,1277,89,6457,14,30954,66,30.9,31,78,86,35.8,47,84.6,76,71.1,75,3118
230047,Brigham Young University Hawaii,Laie,Hawaii,4-year,Private not-for-profit,Baccalaureate Colleges--Diverse Fields,2882,86.9,3527,86,1081,59,5501,11,26362,61,28.2,25,45,31,29.8,33,61.3,17,47.8,44,202
230056,Broadview University at West Jordan,West Jordan,Utah,4-year,Private for-profit,Other health professions schools,229,62,232,10,NULL,NULL,4308,47,NULL,NULL,0,0,0,0,69.6,52,NULL,NULL,46.4,89,1
230171,Dixie State College of Utah,Saint George,Utah,4-year,Public,Baccalaureate/Associates Colleges,8350,61.9,6485,51,NULL,NULL,4341,10,1608,19,8.5,10,18.1,4,48,79,59.8,10,38.6,13,177
230366,Eagle Gate College at Murray,Murray,Utah,4-year,Private for-profit,Associates--Private For-profit 4-year Primarily Associates,290,52.4,496,38,NULL,NULL,4388,52,NULL,NULL,NULL,NULL,NULL,NULL,82.8,92,80,83,20.9,56,NULL
230384,"ITT Technical Institute (Murray, Utah)",Murray,Utah,4-year,Private for-profit,Other technology-related schools,471,72.4,528,42,NULL,NULL,4377,51,NULL,NULL,0,0,0,0,74.3,71,NULL,NULL,6.8,10,6
230418,Latter-Day Saints Business College,Salt Lake City,Utah,2-year,Private not-for-profit,Associates--Private Not-for-profit,2036,69.2,2059,100,NULL,NULL,4956,57,3669,36,16.8,18,30.7,25,34.9,15,73.9,75,100,92,446
230472,Everest College at Salt Lake City,West Valley City,Utah,4-year,Private for-profit,Associates--Private For-profit 4-year Primarily Associates,404,79,543,45,NULL,NULL,4345,49,NULL,NULL,0,0,13.3,16,74.1,70,NULL,NULL,11.5,29,15
230597,Snow College,Ephraim,Utah,4-year,Public,Associates--Public Rural-serving Medium,4605,61.1,3393,29,NULL,NULL,5046,27,1667,20,NULL,NULL,NULL,NULL,30.7,26,43.9,1,54.4,36,NULL
230603,Southern Utah University,Cedar City,Utah,4-year,Public,Masters Colleges and Universities--larger programs,7017,74.9,6009,48,1066,64,7961,82,3223,40,21.9,50,41,35,38.4,49,64.7,20,74.8,75,843
230621,Stevens Henager College at Ogden,West Haven,Utah,4-year,Private not-for-profit,Baccalaureate/Associates Colleges,320,100,729,26,NULL,NULL,20215,80,NULL,NULL,100,100,100,100,87,98,61.8,17,100,95,21
230630,Stevens-Henager College of Business,Orem,Utah,4-year,Private not-for-profit,Baccalaureate Colleges--Diverse Fields,351,100,695,25,NULL,NULL,12742,43,NULL,NULL,34.3,36,34.8,14,79.8,96,38.1,2,29.4,18,181
230728,Utah State University,Logan,Utah,4-year,Public,Research Universities--high research activity,24385,62.6,19217,86,1087,71,6139,52,11426,81,25.1,59,50.5,59,36,42,65.8,22,96.3,99,2168
230737,Utah Valley University,Orem,Utah,4-year,Public,Baccalaureate Colleges--Diverse Fields,30370,51.9,24295,94,NULL,NULL,4657,16,689,7,7.3,7,21.6,6,41.3,61,60.7,13,35.3,10,778
230746,Salt Lake Community College,Salt Lake City,Utah,2-year,Public,Associates--Public Urban-serving Multicampus,32003,27.1,20797,99,NULL,NULL,3676,38,193,19,15.1,72,23.2,60,35.5,34,52.2,26,23,19,2024
230764,University of Utah,Salt Lake City,Utah,4-year,Public,Research Universities--very high research activity,24492,70.7,21931,91,1109,77,6211,55,21846,91,24,55,60.4,78,32.2,30,87.9,90,95.4,98,1953
230782,Weber State University,Ogden,Utah,4-year,Public,Masters Colleges and Universities--medium programs,24498,44.4,17119,83,NULL,NULL,4150,8,5890,62,14,25,42.9,41,30.4,25,67.6,29,51.5,30,783
230807,Westminster College (Utah),Salt Lake City,Utah,4-year,Private not-for-profit,Masters Colleges and Universities--medium programs,2295,93.2,2323,73,1134,73,15758,61,22021,56,42.9,50,57.1,54,27.7,29,75,49,43.8,38,441
230816,Bennington College,Bennington,Vermont,4-year,Private not-for-profit,Baccalaureate Colleges--Arts & Sciences,619,98.4,707,26,NULL,NULL,26453,92,17627,50,58.3,74,67.2,73,21.5,17,83.3,74,47.9,44,204
230825,Burlington College,Burlington,Vermont,4-year,Private not-for-profit,Baccalaureate Colleges--Arts & Sciences,220,72.7,172,6,NULL,NULL,8192,21,176,1,0,0,20,5,53.5,81,23.1,0,81.8,84,15
230834,Castleton State College,Castleton,Vermont,4-year,Public,Baccalaureate Colleges--Arts & Sciences,2068,89.7,1938,16,954,21,5868,45,NULL,NULL,34.4,75,50.8,60,34.8,38,74.5,52,37.5,12,384
230852,Champlain College,Burlington,Vermont,4-year,Private not-for-profit,Baccalaureate Colleges--Diverse Fields,2898,80.5,2378,73,1122,71,10485,32,4224,14,50,62,56.8,53,24.9,23,78.9,61,29.6,18,454
230861,Community College of Vermont,Winooski,Vermont,2-year,Public,Associates--Public Rural-serving Large,6200,15.6,3394,51,NULL,NULL,2821,12,NULL,NULL,1.8,3,11.1,13,46.1,61,57.7,50,0,0,342
230889,Goddard College,Plainfield,Vermont,4-year,Private not-for-profit,Masters Colleges and Universities--medium programs,209,98.6,231,9,NULL,NULL,4441,6,1557,5,28.6,26,28.6,8,75,93,66.7,26,15.5,5,7
230898,Green Mountain College,Poultney,Vermont,4-year,Private not-for-profit,Baccalaureate Colleges--Arts & Sciences,590,96.4,632,24,NULL,NULL,17272,68,4423,15,31.4,32,41.2,24,37.5,51,70,35,52.5,50,255
230913,Johnson State College,Johnson,Vermont,4-year,Public,Masters Colleges and Universities--smaller programs,1486,64.3,1215,7,948,18,5565,40,NULL,NULL,16.8,35,37.3,28,49.6,83,61.9,15,22.6,2,268
230931,Lyndon State College,Lyndonville,Vermont,4-year,Public,Baccalaureate Colleges--Diverse Fields,1415,88.8,1293,7,930,13,5497,37,NULL,NULL,17.5,37,33.7,22,44.1,69,64.4,19,38.8,14,359
230940,Marlboro College,Marlboro,Vermont,4-year,Private not-for-profit,Baccalaureate Colleges--Arts & Sciences,260,87.7,249,10,NULL,NULL,25337,90,126979,90,50,62,57.6,55,34.2,43,82,70,52.6,50,66
230959,Middlebury College,Middlebury,Vermont,4-year,Private not-for-profit,Baccalaureate Colleges--Arts & Sciences,2495,99.3,2790,80,1391,96,35039,98,289779,95,86.7,97,93.6,98,11,1,95.2,94,84.6,87,641
230977,New England Culinary Institute,Montpelier,Vermont,4-year,Private for-profit,Other special-focus institutions,462,75.1,625,54,NULL,NULL,6680,93,NULL,NULL,10.3,25,25.6,52,31.9,3,83.3,86,59.4,93,39
230995,Norwich University,Northfield,Vermont,4-year,Private not-for-profit,Masters Colleges and Universities--larger programs,2456,90.7,2647,78,1065,54,23419,88,43490,75,50.6,63,56.7,53,26.3,26,75,49,48.9,45,543
231059,Saint Michael's College,Colchester,Vermont,4-year,Private not-for-profit,Baccalaureate Colleges--Arts & Sciences,1998,98,2062,68,1173,80,19379,76,33531,68,69.5,86,74.8,83,17.3,10,87.9,83,100,95,524
231077,College of St. Joseph,Rutland,Vermont,4-year,Private not-for-profit,Masters Colleges and Universities--smaller programs,176,68.2,142,4,842,2,11445,36,23206,57,12.9,6,19.4,5,52.5,80,72.7,43,23.1,11,31
231086,Southern Vermont College,Bennington,Vermont,4-year,Private not-for-profit,Baccalaureate Colleges--Diverse Fields,480,94.4,565,22,883,5,8233,21,3595,12,28.3,25,28.3,8,51.7,79,66.4,25,50,47,60
231095,Sterling College (Vt.),Craftsbury Common,Vermont,4-year,Private not-for-profit,Baccalaureate Colleges--Arts & Sciences,116,89.7,93,2,NULL,NULL,29473,94,9916,33,27.6,24,31,11,62.5,88,62.5,19,41.4,34,29
231165,Vermont Technical College,Randolph Center,Vermont,4-year,Public,Baccalaureate/Associates Colleges,1543,68,1412,9,933,14,6011,48,NULL,NULL,28.9,66,37.8,29,38.5,50,69.9,37,45,19,45
231174,University of Vermont,Burlington,Vermont,4-year,Public,Research Universities--high research activity,10912,89.5,10706,70,1190,89,12926,97,28952,94,64.8,96,75.8,93,19.5,5,85.8,84,80.9,86,2432
231411,"Advanced Technology Institute, Virginia",Virginia Beach,Virginia,2-year,Private for-profit,Associates--Private For-profit,824,100,878,76,NULL,NULL,4983,72,NULL,NULL,49.6,62,68.1,69,53.6,24,76,73,62,76,226
231420,Averett University,Danville,Virginia,4-year,Private not-for-profit,Baccalaureate Colleges--Diverse Fields,877,97,844,30,941,13,16227,64,25676,60,18.1,11,32.8,12,48.5,73,66.9,27,60.2,60,238
231536,Blue Ridge Community College (Va.),Weyers Cave,Virginia,2-year,Public,Associates--Public Rural-serving Medium,4437,36.2,2891,45,NULL,NULL,3061,18,2078,78,12.9,65,25.2,68,38.6,42,65.6,82,28.5,36,564
231554,Bluefield College,Bluefield,Virginia,4-year,Private not-for-profit,Baccalaureate Colleges--Diverse Fields,837,86.4,833,30,900,7,14079,52,7372,25,38.2,42,44.9,31,20.2,14,48.5,5,51.3,49,89
231581,Bridgewater College,Bridgewater,Virginia,4-year,Private not-for-profit,Baccalaureate Colleges--Arts & Sciences,1848,99.6,1829,62,1033,41,25663,91,38588,71,52,65,59.9,60,26.7,27,76.3,53,75.7,79,444
231624,College of William and Mary,Williamsburg,Virginia,4-year,Public,Research Universities--high research activity,6271,98.8,6098,49,1358,100,13615,97,84573,99,83.1,100,89.9,99,11.7,0,95.6,98,78.8,82,1341
231651,Regent University,Virginia Beach,Virginia,4-year,Private not-for-profit,Doctoral/Research Universities,2400,62.4,1761,61,1067,54,7155,17,41565,73,20.9,14,51.2,42,51.1,78,76.8,55,93.9,93,43
231697,Central Virginia Community College,Lynchburg,Virginia,2-year,Public,Associates--Public Rural-serving Medium,4730,31,2759,44,NULL,NULL,3315,25,361,33,11.6,60,24.7,66,27.8,17,55.4,39,20.5,12,558
231712,Christopher Newport University,Newport News,Virginia,4-year,Public,Masters Colleges and Universities--smaller programs,5094,97.4,4925,40,1161,87,4673,18,3813,47,49.8,90,65.5,82,16.6,2,83.9,80,64.4,53,1241
231785,Bryant & Stratton College at Virginia Beach,Virginia Beach,Virginia,4-year,Private for-profit,Baccalaureate/Associates Colleges,728,49.7,873,67,NULL,NULL,4032,33,NULL,NULL,NULL,NULL,NULL,NULL,80.1,86,NULL,NULL,22.5,61,NULL
231828,Bryant & Stratton College at Richmond,North Chesterfield,Virginia,4-year,Private for-profit,Baccalaureate/Associates Colleges,906,53.9,1130,75,NULL,NULL,4503,56,NULL,NULL,NULL,NULL,NULL,NULL,79.5,85,100,91,25.6,67,NULL
231837,Jefferson College of Health Sciences,Roanoke,Virginia,4-year,Private not-for-profit,Other health professions schools,813,85.1,773,28,963,18,8730,23,2030,7,12.2,6,29.3,9,40.7,58,61.1,16,46.8,42,41
231873,Dabney S. Lancaster Community College,Clifton Forge,Virginia,2-year,Public,Associates--Public Rural-serving Small,1312,32.9,811,8,NULL,NULL,3385,27,5843,96,16.2,75,27.2,74,33.2,28,60.7,64,27.9,34,173
231882,Danville Community College,Danville,Virginia,2-year,Public,Associates--Public Rural-serving Medium,4280,36,2747,43,NULL,NULL,3890,47,2031,77,9.4,50,22.7,59,47.1,64,63.3,75,27.9,34,458
232016,Centura College - Virginia Beach,Virginia Beach,Virginia,4-year,Private for-profit,Associates--Private For-profit 4-year Primarily Associates,477,56.6,1308,79,NULL,NULL,3859,23,NULL,NULL,NULL,NULL,NULL,NULL,30.4,2,NULL,NULL,34.6,80,NULL
232025,Emory & Henry College,Emory,Virginia,4-year,Private not-for-profit,Baccalaureate Colleges--Arts & Sciences,936,95,872,31,1004,29,21170,83,95410,86,33.3,35,47.9,36,39.7,56,72.5,43,73.5,77,240
232043,Eastern Mennonite University,Harrisonburg,Virginia,4-year,Private not-for-profit,Baccalaureate Colleges--Arts & Sciences,1184,94.8,1121,40,999,28,21411,84,14927,45,49.5,61,63.4,67,30.5,34,77.4,56,53.9,51,202
232052,Eastern Shore Community College,Melfa,Virginia,2-year,Public,Associates--Public Rural-serving Small,857,30.8,591,5,NULL,NULL,3726,40,2219,80,11.8,61,26.4,71,51.4,74,49.4,17,25.4,27,110
232089,Ferrum College,Ferrum,Virginia,4-year,Private not-for-profit,Baccalaureate Colleges--Diverse Fields,1512,98.7,1434,51,868,4,20050,79,30190,66,19.6,13,31.8,11,56.9,84,49.3,5,66.1,69,525
232186,George Mason University,Fairfax,Virginia,4-year,Public,Research Universities--high research activity,21990,78.5,19480,87,1155,85,6609,61,2229,29,43.3,86,66.7,85,26.8,18,87.3,88,56,38,2174
232195,Germanna Community College,Locust Grove,Virginia,2-year,Public,Associates--Public Rural-serving Medium,7379,31.9,4455,61,NULL,NULL,2754,11,528,41,10.8,57,22.7,59,26.9,15,60.8,65,26.4,30,758
232256,Hampden-Sydney College,Hampden-Sydney,Virginia,4-year,Private not-for-profit,Baccalaureate Colleges--Arts & Sciences,1070,99.8,1078,39,1113,69,20181,79,124516,90,60.1,77,62.2,64,19.9,14,78.4,59,93,93,333
232265,Hampton University,Hampton,Virginia,4-year,Private not-for-profit,Masters Colleges and Universities--medium programs,3742,93.3,4094,89,990,26,8983,25,54657,80,49.6,61,67.5,74,39.1,55,75.5,51,97.9,95,1179
232308,Hollins University,Roanoke,Virginia,4-year,Private not-for-profit,Baccalaureate Colleges--Arts & Sciences,580,96.7,742,27,1099,65,21417,84,174079,93,56.3,72,59.7,59,35.7,47,67.2,28,65.4,68,206
232414,J. Sargeant Reynolds Community College,Richmond,Virginia,2-year,Public,Associates--Public Urban-serving Multicampus,12454,28.5,8271,83,NULL,NULL,3079,19,664,47,4.3,18,13.3,22,41.3,49,60.7,64,19.3,9,935
232423,James Madison University,Harrisonburg,Virginia,4-year,Public,Masters Colleges and Universities--larger programs,18431,95.1,18261,85,1149,85,6704,64,3391,42,65.2,97,81.5,96,13.4,1,92.4,96,69.1,63,3864
232450,John Tyler Community College,Chester,Virginia,2-year,Public,Associates--Public Suburban-serving Multicampus,10103,26.7,5864,73,NULL,NULL,2976,16,405,36,4.7,20,14.2,26,29.5,20,58.3,52,24.7,25,860
232557,Liberty University,Lynchburg,Virginia,4-year,Private not-for-profit,Masters Colleges and Universities--larger programs,47464,54.6,38762,100,1030,39,5682,12,1646,6,26.9,23,50.1,41,50.2,77,68.5,31,62.5,64,2661
232566,Longwood University,Farmville,Virginia,4-year,Public,Masters Colleges and Universities--medium programs,4497,91.7,4254,36,1002,39,7519,77,12640,84,41.9,85,63.4,80,23.4,10,81.6,74,82.5,89,984
232575,Lord Fairfax Community College,Middletown,Virginia,2-year,Public,Associates--Public Rural-serving Large,7238,27.1,4144,59,NULL,NULL,2674,10,1692,71,14.5,70,32.9,86,28.7,18,70.5,91,16.2,4,614
232609,Lynchburg College,Lynchburg,Virginia,4-year,Private not-for-profit,Masters Colleges and Universities--smaller programs,2178,95.9,2192,70,1002,29,17497,69,31293,66,45.8,56,56.2,52,29.9,33,78.3,58,100,95,598
232672,Mary Baldwin College,Staunton,Virginia,4-year,Private not-for-profit,Masters Colleges and Universities--smaller programs,1441,72,1301,46,959,17,20276,80,22345,57,39.1,44,39.1,20,38,52,68.6,31,27.2,15,238
232681,University of Mary Washington,Fredericksburg,Virginia,4-year,Public,Masters Colleges and Universities--larger programs,4383,87.7,4184,35,1110,78,5588,40,9026,75,65.8,97,73.7,92,15.4,1,80,70,63.5,51,951
232706,Marymount University,Arlington,Virginia,4-year,Private not-for-profit,Masters Colleges and Universities--larger programs,2396,89.4,2412,74,1030,39,11818,38,9700,33,44.4,53,57.6,55,23.9,21,72.1,41,40.2,32,396
232788,Mountain Empire Community College,Big Stone Gap,Virginia,2-year,Public,Associates--Public Rural-serving Medium,2924,44.8,1948,30,NULL,NULL,3801,42,6675,97,16.5,76,29.3,79,46.8,63,62.5,72,32.8,50,526
232797,National College Roanoke Valley,Salem,Virginia,4-year,Private for-profit,Associates--Private For-profit 4-year Primarily Associates,1821,58.5,2265,90,NULL,NULL,4754,65,NULL,NULL,NULL,NULL,NULL,NULL,82.6,91,NULL,NULL,20.2,54,NULL
232867,New River Community College,Dublin,Virginia,2-year,Public,Associates--Public Rural-serving Medium,4808,39.2,3007,46,NULL,NULL,3405,28,1431,67,12.9,65,24.1,64,31.3,23,57.3,48,25.2,26,464
232937,Norfolk State University,Norfolk,Virginia,4-year,Public,Masters Colleges and Universities--larger programs,6021,82.7,5541,45,879,5,7489,77,1401,17,21.2,48,36.8,27,61.7,94,72,44,70.5,67,844
232946,Northern Virginia Community College,Annandale,Virginia,2-year,Public,Associates--Public Suburban-serving Multicampus,51803,38,35721,100,NULL,NULL,2850,13,107,10,8.1,43,22.8,60,23.9,10,69.5,90,27.1,32,4577
232982,Old Dominion University,Norfolk,Virginia,4-year,Public,Research Universities--high research activity,19819,76.2,16867,82,1016,46,6883,68,8279,73,23.1,53,51.2,61,33.9,35,79.6,68,59.2,43,2513
233019,Patrick Henry Community College,Martinsville,Virginia,2-year,Public,Associates--Public Rural-serving Medium,3163,47,2266,36,NULL,NULL,3884,47,4678,93,17.9,80,29.3,79,52.2,76,58.7,54,23.1,19,375
233037,Paul D. Camp Community College,Franklin,Virginia,2-year,Public,Associates--Public Rural-serving Small,1392,31.2,922,9,NULL,NULL,3782,42,550,41,12.8,65,24.2,64,44.3,57,54.3,34,15.9,4,149
233091,Miller-Motte Technical College at Lynchburg,Lynchburg,Virginia,2-year,Private for-profit,Associates--Private For-profit,472,64.6,446,46,NULL,NULL,4790,66,NULL,NULL,6.5,6,54.8,36,86.9,85,66.3,45,23.5,21,31
233116,Piedmont Virginia Community College,Charlottesville,Virginia,2-year,Public,Associates--Public Rural-serving Medium,5630,21.5,3029,47,NULL,NULL,1727,1,1927,75,13.5,67,27,73,28.4,17,63.4,76,23.2,20,318
233277,Radford University,Radford,Virginia,4-year,Public,Masters Colleges and Universities--larger programs,8913,95.9,8551,60,980,30,7542,78,4317,51,41.2,83,58.5,75,28.5,21,78.1,64,66.8,57,1840
233295,Randolph-Macon College,Ashland,Virginia,4-year,Private not-for-profit,Baccalaureate Colleges--Arts & Sciences,1315,98.5,1300,46,1082,59,20749,82,101394,87,56.9,73,62.2,64,25.3,24,77.4,56,64.2,66,392
233301,Randolph College,Lynchburg,Virginia,4-year,Private not-for-profit,Baccalaureate Colleges--Arts & Sciences,665,97.6,616,23,1094,63,31091,96,211002,94,45.5,55,52.2,44,29.2,31,75,49,98.6,95,178
233310,Rappahannock Community College,Glenns,Virginia,2-year,Public,Associates--Public Suburban-serving Multicampus,3555,23.4,1990,31,NULL,NULL,3383,27,2581,83,16.7,76,31.4,84,25.9,13,56.1,43,14.5,3,299
233329,Fortis College at Norfolk,Norfolk,Virginia,2-year,Private for-profit,Associates--Private For-profit,291,100,530,54,NULL,NULL,4549,59,NULL,NULL,24.1,27,60.3,48,80.1,74,53.1,15,53.1,67,340
233338,Richard Bland College,Petersburg,Virginia,2-year,Public,Associates--Public 2-year colleges under 4-year universities,1428,62.7,1095,12,837,21,3859,45,4239,92,10.5,55,25.3,68,35.5,34,55,38,57.1,91,487
233356,Bon Secours Memorial College of Nursing,Richmond,Virginia,4-year,Private not-for-profit,Not applicable- not in Carnegie universe,408,50.7,258,10,NULL,NULL,8075,21,NULL,NULL,NULL,NULL,NULL,NULL,17.2,9,66.7,26,88.5,90,NULL
233374,University of Richmond,University of Richmond,Virginia,4-year,Private not-for-profit,Baccalaureate Colleges--Arts & Sciences,3215,93.6,3427,86,1313,92,29950,95,479753,98,81.5,94,85,93,20.1,14,93.7,92,64.5,67,801
233426,Roanoke College,Salem,Virginia,4-year,Private not-for-profit,Baccalaureate Colleges--Arts & Sciences,2029,96.8,2316,73,1086,60,19461,77,54414,79,57.9,74,64.2,69,24.5,23,80.5,65,79.3,82,565
233541,Shenandoah University,Winchester,Virginia,4-year,Private not-for-profit,Masters Colleges and Universities--larger programs,2150,83.3,2023,67,1016,34,9989,29,13689,42,34.1,36,45.5,32,18.7,12,75.7,51,59,59,396
233611,Southern Virginia University,Buena Vista,Virginia,4-year,Private not-for-profit,Baccalaureate Colleges--Arts & Sciences,662,96.1,689,25,1015,34,10962,34,1036,4,28.4,26,32.5,12,52.9,80,70.5,37,100,95,169
233639,Southside Virginia Community College,Alberta,Virginia,2-year,Public,Associates--Public Rural-serving Large,5784,32,3716,55,NULL,NULL,3621,35,546,41,21.8,87,35.1,90,37.5,39,62.9,73,29,38,450
233648,Southwest Virginia Community College,Richlands,Virginia,2-year,Public,Associates--Public Rural-serving Medium,2630,43.9,1853,29,NULL,NULL,3826,43,NULL,NULL,20.1,84,31.6,84,39.5,44,58.7,54,31,46,412
233684,Strayer Virginia,Arlington,Virginia,4-year,Private for-profit,Not applicable- not in Carnegie universe,4943,24.9,4975,95,NULL,NULL,7412,95,NULL,NULL,24.7,59,30.1,59,38.8,5,51.9,46,14.5,39,73
233718,Sweet Briar College,Sweet Briar,Virginia,4-year,Private not-for-profit,Baccalaureate Colleges--Arts & Sciences,703,96.7,638,24,1084,60,20048,79,132618,91,54.5,69,56.9,54,23.1,20,68.8,32,78.3,82,202
233754,Thomas Nelson Community College,Hampton,Virginia,2-year,Public,Associates--Public Suburban-serving Single Campus,11033,32.3,7056,79,NULL,NULL,2980,16,813,52,6,31,15.7,32,42.7,52,60.4,62,18.7,8,934
233772,Tidewater Community College,Norfolk,Virginia,2-year,Public,Associates--Public Suburban-serving Single Campus,28999,39.7,20975,99,NULL,NULL,3190,21,131,11,6,31,14.3,26,43.1,53,60.2,61,21.3,14,3321
233897,University of Virginia's College at Wise,Wise,Virginia,4-year,Public,Baccalaureate Colleges--Arts & Sciences,2291,64.2,1848,14,949,19,11916,96,32350,94,24.2,56,41.9,38,38,48,71.1,40,57.1,40,401
233903,Virginia Highlands Community College,Abingdon,Virginia,2-year,Public,Associates--Public Rural-serving Medium,2484,42.7,1682,25,NULL,NULL,3613,35,588,43,14.9,71,24.5,65,44.5,57,66.4,84,26.3,30,396
233912,Virginia Intermont College,Bristol,Virginia,4-year,Private not-for-profit,Baccalaureate Colleges--Arts & Sciences,378,88.1,478,18,928,10,14058,52,8422,28,32.1,33,46.4,34,50.6,78,52.6,8,38.2,30,84
233921,Virginia Tech,Blacksburg,Virginia,4-year,Public,Research Universities--very high research activity,24034,97.8,25061,94,1220,93,8540,86,20679,90,60.6,95,82.6,97,17.3,3,91.2,94,83.2,89,5052
233949,Virginia Western Community College,Roanoke,Virginia,2-year,Public,Associates--Public Rural-serving Large,8654,31.1,4762,65,NULL,NULL,3104,19,994,57,11.6,60,22.3,57,32.2,26,59.2,57,21.8,16,891
234030,Virginia Commonwealth University,Richmond,Virginia,4-year,Public,Research Universities--very high research activity,23356,84.5,21713,91,1102,75,7328,75,19817,90,29.7,68,56.8,73,28.6,22,86.6,86,69.9,65,3802
234076,University of Virginia,Charlottesville,Virginia,4-year,Public,Research Universities--very high research activity,16087,93.8,15560,80,1362,100,15508,99,213079,100,86.3,100,93.1,100,12,0,97,99,93.3,98,3246
234085,Virginia Military Institute,Lexington,Virginia,4-year,Public,Baccalaureate Colleges--Arts & Sciences,1675,100,1907,15,1141,82,11189,95,177204,100,58.5,95,75.9,93,15.1,1,84.1,81,82.1,88,410
234137,Virginia University of Lynchburg,Lynchburg,Virginia,4-year,Private not-for-profit,Theological seminaries- Bible colleges- and other faith-related institutions,493,52.5,427,16,NULL,NULL,23737,88,532,2,36.4,40,45.5,32,96.4,99,55.8,10,100,95,11
234155,Virginia State University,Petersburg,Virginia,4-year,Public,Masters Colleges and Universities--smaller programs,5073,95,5334,44,811,0,14963,98,6090,63,25,58,45.9,50,68.3,97,64.9,20,63.5,51,1037
234164,Virginia Union University,Richmond,Virginia,4-year,Private not-for-profit,Baccalaureate Colleges--Diverse Fields,1359,97.8,1308,47,750,1,8287,21,15608,46,21.6,15,35.5,14,67.8,91,54.2,9,65.2,68,375
234173,Virginia Wesleyan College,Norfolk,Virginia,4-year,Private not-for-profit,Baccalaureate Colleges--Arts & Sciences,1459,92.5,1435,51,1021,36,17517,70,36117,69,37.4,41,44,29,36.7,49,67.4,29,70.2,73,361
234207,Washington and Lee University,Lexington,Virginia,4-year,Private not-for-profit,Baccalaureate Colleges--Arts & Sciences,1855,99.8,1781,61,1392,96,34128,98,599001,98,85.9,96,90.2,95,9.6,1,96.7,97,75.1,79,461
234377,Wytheville Community College,Wytheville,Virginia,2-year,Public,Associates--Public Rural-serving Medium,3468,34.9,2193,34,NULL,NULL,3887,47,1999,76,19.7,83,33.3,87,38.4,42,59.8,59,28.9,38,462
234492,Art Institute of Seattle,Seattle,Washington,4-year,Private for-profit,Schools of art- music- and design,1573,64.1,1580,84,NULL,NULL,4638,61,NULL,NULL,19.8,48,28.2,57,44,8,62,62,35.2,81,131
234669,Bellevue College,Bellevue,Washington,4-year,Public,Associates--Public 4-year Primarily Associates,13820,48.5,10940,71,NULL,NULL,4833,22,478,5,NULL,NULL,NULL,NULL,15.4,1,NULL,NULL,23.3,2,NULL
234696,Bellingham Technical College,Bellingham,Washington,2-year,Public,Associates--Public Rural-serving Medium,2258,55.6,1995,31,NULL,NULL,6236,93,1321,65,25,90,42.3,95,44.9,58,77.1,98,50.4,85,52
234711,Big Bend Community College,Moses Lake,Washington,2-year,Public,Associates--Public Rural-serving Medium,1991,72.3,1722,26,NULL,NULL,6215,93,868,54,16.7,76,33.1,87,50.8,72,67.5,86,36.7,62,293
234827,Central Washington University,Ellensburg,Washington,4-year,Public,Masters Colleges and Universities--medium programs,10423,86.3,10514,69,986,31,7806,81,1546,19,42.8,86,51.4,62,35.5,41,73.9,50,67.6,59,1478
234845,Centralia College,Centralia,Washington,4-year,Public,Associates--Public Rural-serving Medium,3453,52.3,2354,19,NULL,NULL,7050,71,3646,45,NULL,NULL,NULL,NULL,30.9,27,NULL,NULL,62.2,48,NULL
234915,City University of Seattle,Seattle,Washington,4-year,Private not-for-profit,Masters Colleges and Universities--larger programs,1272,50.2,746,27,NULL,NULL,2504,1,NULL,NULL,0,0,0,0,30.2,34,40,2,4.2,1,3
234933,Clark College,Vancouver,Washington,2-year,Public,Associates--Public Urban-serving Single Campus,11462,49.2,9330,87,NULL,NULL,5174,83,5466,95,10.9,57,24.2,64,40.5,46,60.2,61,32.7,50,632
234951,Clover Park Technical College,Lakewood,Washington,2-year,Public,Associates--Public Suburban-serving Multicampus,3720,63.4,4185,59,NULL,NULL,6811,96,214,21,25.9,91,36.5,91,36.6,37,63.2,75,45.3,78,170
234979,Columbia Basin College,Pasco,Washington,4-year,Public,Associates--Public Rural-serving Large,6480,57,5111,42,NULL,NULL,5015,26,2797,37,NULL,NULL,NULL,NULL,30.8,27,NULL,NULL,83.6,90,NULL
235024,Cornish College of the Arts,Seattle,Washington,4-year,Private not-for-profit,Schools of art- music- and design,775,96.6,802,29,NULL,NULL,10663,32,8376,28,43.4,51,46.8,34,38.7,53,78.1,58,29.3,18,173
235097,Eastern Washington University,Cheney,Washington,4-year,Public,Masters Colleges and Universities--larger programs,11678,83.2,10531,69,970,26,8483,85,1985,25,18.5,39,45.2,48,38.7,51,74.8,53,63.4,51,1313
235103,Edmonds Community College,Lynnwood,Washington,2-year,Public,Associates--Public Suburban-serving Multicampus,9070,46.1,7271,80,NULL,NULL,5720,89,467,38,13.8,68,26.8,72,17.8,4,62.7,72,27.7,34,579
235149,Everett Community College,Everett,Washington,2-year,Public,Associates--Public Urban-serving Single Campus,7154,54.9,5818,73,NULL,NULL,5476,87,303,30,15.8,74,26.1,71,21.7,7,58.2,52,25.6,27,436
235167,Evergreen State College,Olympia,Washington,4-year,Public,Masters Colleges and Universities--smaller programs,4087,92.1,4342,36,1081,70,14806,98,2222,29,42.5,85,56.9,73,44.3,70,74.1,51,71.6,69,677
235237,Pierce College Fort Steilacoom,Lakewood,Washington,2-year,Public,Associates--Public Suburban-serving Multicampus,6203,45.1,5228,69,NULL,NULL,5326,86,36,5,10.6,55,20.3,51,32.4,26,51.6,23,66.1,95,360
235316,Gonzaga University,Spokane,Washington,4-year,Private not-for-profit,Masters Colleges and Universities--larger programs,4896,98.6,5350,93,1204,84,16515,65,22282,56,71,87,82.3,91,18.8,12,94.2,93,58,57,1033
235334,Grays Harbor College,Aberdeen,Washington,2-year,Public,Associates--Public Rural-serving Medium,1958,68.7,1727,26,NULL,NULL,6461,94,4620,93,20.9,86,37.4,92,45.9,61,63.3,75,57.9,91,182
235343,Green River Community College,Auburn,Washington,2-year,Public,Associates--Public Suburban-serving Multicampus,7801,64.4,7425,81,NULL,NULL,5552,88,1650,70,23.5,88,36.5,91,22.9,9,62.5,72,33.6,53,694
235422,Heritage University (Wash.),Toppenish,Washington,4-year,Private not-for-profit,Masters Colleges and Universities--medium programs,876,74.3,717,26,NULL,NULL,11614,37,12771,41,2.8,1,15.3,3,76.3,94,67.9,30,33.9,23,72
235431,Highline Community College,Des Moines,Washington,2-year,Public,Associates--Public Suburban-serving Multicampus,6612,59.5,6074,75,NULL,NULL,5236,84,NULL,NULL,20.3,84,31.8,84,29.4,19,58.5,54,42.8,73,434
235495,Interface College - Spokane,Spokane,Washington,2-year,Private for-profit,Associates--Private For-profit,49,100,111,3,NULL,NULL,9471,100,NULL,NULL,71.4,88,71.4,75,77.9,69,78.6,78,76.9,87,28
235510,"ITT Technical Institute (Spokane, Wash.)",Seattle,Washington,4-year,Private for-profit,Other technology-related schools,444,79.3,493,38,NULL,NULL,4340,49,NULL,NULL,16.7,42,25,48,65.3,40,NULL,NULL,9.8,21,12
235529,"ITT Technical Institute (Seattle, Wash.)",Spokane Valley,Washington,4-year,Private for-profit,Other technology-related schools,297,80.5,322,18,NULL,NULL,4805,66,NULL,NULL,0,0,0,0,77.3,79,NULL,NULL,11.1,28,4
235671,Bates Technical College,Tacoma,Washington,2-year,Public,Associates--Public Urban-serving Multicampus,3704,53.6,4929,66,NULL,NULL,5958,91,153,14,55.9,99,65.3,100,16.7,3,62.3,71,42.4,72,118
235699,Lake Washington Technical College,Kirkland,Washington,4-year,Public,Associates--Public Suburban-serving Multicampus,3819,50.2,2947,25,NULL,NULL,5529,38,158,3,NULL,NULL,NULL,NULL,25.5,15,NULL,NULL,32.9,8,NULL
235750,Lower Columbia College,Longview,Washington,2-year,Public,Associates--Public Rural-serving Medium,3152,51.8,2595,41,NULL,NULL,5761,90,3648,90,20.8,85,30,81,49.2,69,54.5,35,30.8,45,327
235769,Trinity Lutheran College,Everett,Washington,4-year,Private not-for-profit,Baccalaureate Colleges--Diverse Fields,194,93.8,187,6,NULL,NULL,11516,36,21524,55,78.6,92,85.7,93,43.8,64,67.4,29,64.3,66,28
236072,North Seattle Community College,Seattle,Washington,4-year,Public,Associates--Public Urban-serving Multicampus,6118,36.6,4220,35,NULL,NULL,5536,39,1270,15,NULL,NULL,NULL,NULL,15.4,1,NULL,NULL,26.8,4,NULL
236133,Northwest University (Wash.),Kirkland,Washington,4-year,Private not-for-profit,Baccalaureate Colleges--Diverse Fields,1438,84.9,1250,45,1079,58,12485,41,4681,16,37.3,41,42.9,26,42,60,77.7,57,24.3,12,177
236188,Olympic College,Bremerton,Washington,4-year,Public,Associates--Public 4-year Primarily Associates,7329,58.5,6158,49,NULL,NULL,5672,41,1615,20,NULL,NULL,NULL,NULL,31.8,29,NULL,NULL,28,5,NULL
236230,Pacific Lutheran University,Tacoma,Washington,4-year,Private not-for-profit,Masters Colleges and Universities--medium programs,3142,95.8,3248,85,1112,68,17664,71,22431,57,55.2,70,70.4,78,30.9,35,81.8,69,85.7,87,714
236258,Peninsula College,Port Angeles,Washington,4-year,Public,Associates--Public 4-year Primarily Associates,2405,59.3,2012,17,NULL,NULL,5546,39,642,7,NULL,NULL,NULL,NULL,35.6,41,NULL,NULL,26.5,4,NULL
236328,University of Puget Sound,Tacoma,Washington,4-year,Private not-for-profit,Baccalaureate Colleges--Arts & Sciences,2544,99.1,2476,75,1233,87,20532,81,103991,87,68.2,85,78.2,86,20.7,15,86.7,80,84.2,86,641
236382,Renton Technical College,Renton,Washington,2-year,Public,Associates--Public Suburban-serving Single Campus,3338,37.2,2549,41,NULL,NULL,5804,90,296,29,53.8,99,60.8,99,21.6,6,68.9,89,25.8,28,158
236452,Saint Martin's University,Lacey,Washington,4-year,Private not-for-profit,Masters Colleges and Universities--smaller programs,1428,77.8,1340,48,1057,51,17579,70,9649,33,35,37,47.7,36,36.6,49,82.9,73,37.9,30,243
236504,South Seattle Community College,Seattle,Washington,4-year,Public,Associates--Public 4-year Primarily Associates,4951,40.2,3986,34,NULL,NULL,5220,31,2579,34,NULL,NULL,NULL,NULL,16.5,2,NULL,NULL,32.2,7,NULL
236513,Seattle Central Community College,Seattle,Washington,4-year,Public,Associates--Public Urban-serving Multicampus,7110,58.8,5825,47,NULL,NULL,6319,58,1135,13,NULL,NULL,NULL,NULL,26.1,16,NULL,NULL,32.5,7,NULL
236577,Seattle Pacific University,Seattle,Washington,4-year,Private not-for-profit,Masters Colleges and Universities--larger programs,3366,96,3286,85,1145,75,17871,71,15069,45,54.5,69,69,76,31.5,36,85.5,78,54.6,52,716
236595,Seattle University,Seattle,Washington,4-year,Private not-for-profit,Masters Colleges and Universities--larger programs,4608,95,4438,91,1175,81,17661,70,27642,63,58.7,74,76.6,85,21.1,16,86,79,69.5,73,736
236610,Shoreline Community College,Shoreline,Washington,2-year,Public,Associates--Public Suburban-serving Single Campus,5937,54.4,5026,67,NULL,NULL,5197,84,297,29,15,71,26.4,71,23.4,9,62.4,71,30.8,45,280
236638,Skagit Valley College,Mount Vernon,Washington,2-year,Public,Associates--Public Rural-serving Large,4790,53.7,3803,56,NULL,NULL,5272,85,2216,80,11.5,59,18.3,42,27.2,16,57.9,51,39.3,68,393
236656,South Puget Sound Community College,Olympia,Washington,2-year,Public,Associates--Public Rural-serving Large,4938,56,3981,57,NULL,NULL,4808,76,1291,64,17.6,79,28.5,77,31,23,60,60,38.8,66,459
236692,Spokane Community College,Spokane,Washington,2-year,Public,Associates--Public Rural-serving Large,6731,65.1,6482,76,NULL,NULL,6106,92,847,53,15.6,73,25.8,70,52.2,76,51.8,24,63.8,94,681
236708,Spokane Falls Community College,Spokane,Washington,2-year,Public,Associates--Public Rural-serving Large,8855,50.9,6052,74,NULL,NULL,5629,89,657,46,12.6,64,22.6,59,30.9,22,54.5,35,52.3,87,899
236753,Tacoma Community College,Tacoma,Washington,2-year,Public,Associates--Public Urban-serving Multicampus,7146,61.2,6622,77,NULL,NULL,5849,90,700,48,14.1,69,26.6,72,37.1,38,62.3,71,24.8,25,455
236887,Walla Walla Community College,Walla Walla,Washington,2-year,Public,Associates--Public Rural-serving Large,5109,58.1,4263,60,NULL,NULL,5264,85,609,44,26.9,91,37.5,92,31.3,23,67.2,86,39.3,68,331
236896,Walla Walla University,College Place,Washington,4-year,Private not-for-profit,Masters Colleges and Universities--medium programs,1686,94.4,1604,56,1072,57,10121,29,10282,34,16.9,10,44.2,29,31.3,36,77.4,56,61.7,63,344
236939,Washington State University,Pullman,Washington,4-year,Public,Research Universities--very high research activity,23070,88,21384,90,1030,51,9800,93,29245,94,40,82,65.5,82,33.2,33,79.8,68,77.1,79,3184
236948,University of Washington,Seattle,Washington,4-year,Public,Research Universities--very high research activity,29756,90.9,29161,97,1234,94,13441,97,51447,97,57.5,94,81.8,96,24.9,14,93,97,75.4,76,5163
236975,Wenatchee Valley College,Wenatchee,Washington,2-year,Public,Associates--Public Rural-serving Medium,3619,72.5,2951,46,NULL,NULL,5957,91,1999,76,16.7,76,27.2,74,49.6,70,61.2,67,28.1,35,467
236993,Everest College at Vancouver,Vancouver,Washington,2-year,Private for-profit,Associates--Private For-profit,324,84.6,465,49,NULL,NULL,3846,26,NULL,NULL,47.8,61,56.7,40,76.1,65,69.7,55,23.5,21,201
237011,Western Washington University,Bellingham,Washington,4-year,Public,Masters Colleges and Universities--larger programs,14026,92.3,13352,76,1114,79,7836,81,3716,46,37.7,80,69.3,88,25.5,15,82.8,78,62.4,49,2572
237039,Whatcom Community College,Bellingham,Washington,2-year,Public,Associates--Public Rural-serving Medium,4427,55.7,3265,50,NULL,NULL,5364,86,1193,63,15.4,72,31.4,84,32,25,59.4,58,27.6,34,408
237057,Whitman College,Walla Walla,Washington,4-year,Private not-for-profit,Baccalaureate Colleges--Arts & Sciences,1541,97.7,1481,52,1327,92,16822,67,300205,95,79.8,93,87.8,95,10.4,1,94,93,75.5,79,400
237066,Whitworth University,Spokane,Washington,4-year,Private not-for-profit,Masters Colleges and Universities--medium programs,2358,98.3,2479,75,NULL,NULL,18782,74,40194,72,65.2,82,73.9,82,23,20,89.1,86,57.8,57,532
237109,Yakima Valley Community College,Yakima,Washington,2-year,Public,Associates--Public Rural-serving Medium,4105,70,3632,53,NULL,NULL,5889,91,2337,81,11,57,25.3,68,54.8,80,61.4,67,42.2,72,364
237118,Alderson-Broaddus College,Philippi,West Virginia,4-year,Private not-for-profit,Baccalaureate Colleges--Diverse Fields,1052,94.6,840,30,989,26,16947,68,6104,21,35.3,38,45.1,32,48.2,73,57.6,12,72.4,76,153
237136,Appalachian Bible College,Mount Hope,West Virginia,4-year,Private not-for-profit,Theological seminaries- Bible colleges- and other faith-related institutions,278,70.9,248,10,1026,37,7782,19,5670,19,62.2,79,64.4,69,45.8,69,59.6,14,100,95,45
237181,Bethany College (W.Va.),Bethany,West Virginia,4-year,Private not-for-profit,Baccalaureate Colleges--Arts & Sciences,693,99.6,731,27,936,12,16112,63,60234,82,38.6,43,47.8,36,45.7,68,53,8,67.6,72,251
237215,Bluefield State College,Bluefield,West Virginia,4-year,Public,Baccalaureate Colleges--Diverse Fields,1747,82.4,1721,13,905,10,6011,48,818,9,6.2,5,17.7,4,59.5,93,60.1,11,52.3,32,288
237312,University of Charleston,Charleston,West Virginia,4-year,Private not-for-profit,Baccalaureate Colleges--Diverse Fields,1386,90.2,1212,44,991,26,23171,87,19512,53,34.8,37,45.8,33,37.8,51,66.2,25,63.3,65,310
237330,Concord University (W.Va.),Athens,West Virginia,4-year,Public,Baccalaureate Colleges--Diverse Fields,2505,90.8,2576,22,980,30,9923,93,7495,70,18.6,39,35.8,25,47.4,77,63.9,19,53.3,34,618
237358,Davis & Elkins College,Elkins,West Virginia,4-year,Private not-for-profit,Baccalaureate Colleges--Diverse Fields,874,96.9,830,30,945,14,15373,59,34082,68,21.6,15,38.1,18,46.2,69,49.5,6,62.2,63,97
237367,Fairmont State University,Fairmont,West Virginia,4-year,Public,Masters Colleges and Universities--smaller programs,3966,86.6,3536,30,965,24,6130,52,NULL,NULL,14.4,27,34.2,23,48,79,61.2,14,56.7,39,605
237385,Glenville State College,Glenville,West Virginia,4-year,Public,Baccalaureate Colleges--Diverse Fields,1850,60.2,1397,8,879,5,6158,52,9614,77,13.5,24,30.3,16,40.5,58,63.3,17,62.2,48,267
237437,Huntington Junior College,Huntington,West Virginia,2-year,Private for-profit,Associates--Private For-profit,685,85.1,756,70,NULL,NULL,5375,80,NULL,NULL,25,29,27.7,8,81.3,76,39.8,7,59.4,73,148
237525,Marshall University,Huntington,West Virginia,4-year,Public,Masters Colleges and Universities--larger programs,9756,84.7,9089,63,1022,48,7530,78,8586,74,23.1,53,44.6,46,43.6,68,68.6,32,74.3,74,1633
237598,Mountain State College,Parkersburg,West Virginia,2-year,Private for-profit,Associates--Private For-profit,153,92.2,196,14,NULL,NULL,4009,34,NULL,NULL,77.8,94,77.8,86,83,79,86.8,95,46.7,60,9
237604,Everest Institute - Cross Lanes,Cross Lanes,West Virginia,2-year,Private for-profit,Associates--Private For-profit,232,100,408,41,NULL,NULL,4856,69,NULL,NULL,49.6,62,54.9,36,82.5,78,62.5,33,14.3,10,339
237640,Ohio Valley University,Vienna,West Virginia,4-year,Private not-for-profit,Baccalaureate Colleges--Diverse Fields,410,90.7,383,15,971,20,11606,36,3524,12,22,16,39.6,21,50.2,77,64,21,25.6,13,91
237686,West Virginia University at Parkersburg,Parkersburg,West Virginia,4-year,Public,Baccalaureate/Associates Colleges,3461,61.5,2619,22,NULL,NULL,3660,3,2883,37,7.5,7,28.6,13,27.6,20,70,37,36.2,10,161
237701,Potomac State College of West Virginia University,Keyser,West Virginia,4-year,Public,Associates--Public 2-year colleges under 4-year universities,1660,77.7,1473,9,NULL,NULL,5644,41,6333,65,NULL,NULL,NULL,NULL,53.5,87,45.2,2,47.2,22,NULL
237783,Salem International University,Salem,West Virginia,4-year,Private for-profit,Masters Colleges and Universities--medium programs,441,100,660,56,NULL,NULL,6999,94,NULL,NULL,7.2,14,7.2,4,69.8,53,40.6,23,59,92,83
237792,Shepherd University,Shepherdstown,West Virginia,4-year,Public,Masters Colleges and Universities--smaller programs,3990,82.4,3615,31,1007,41,11550,96,6213,64,17.9,38,37.9,29,32.9,32,68.4,31,44.9,19,691
237817,Southern West Virginia Community and Technical College,Mount Gay,West Virginia,2-year,Public,Associates--Public Rural-serving Medium,2002,63.7,1578,23,NULL,NULL,4468,67,NULL,NULL,2.8,9,8.7,6,49.2,69,45.7,9,44.8,77,504
237899,West Virginia State University,Institute,West Virginia,4-year,Public,Baccalaureate Colleges--Arts & Sciences,2622,72,2089,18,942,17,6123,52,1942,25,3.8,2,17,3,46.1,74,51.8,3,63.6,52,364
237932,West Liberty University,West Liberty,West Virginia,4-year,Public,Baccalaureate Colleges--Diverse Fields,2660,82.7,2574,21,984,31,7020,70,3871,47,22.1,51,41.4,36,40,56,67.7,29,61.5,47,498
237950,West Virginia University Institute of Technology,Montgomery,West Virginia,4-year,Public,Baccalaureate Colleges--Diverse Fields,1222,79.1,942,4,990,33,6980,70,9902,77,4.5,3,20.2,5,39,52,53.2,5,73.4,73,247
237969,West Virginia Wesleyan College,Buckhannon,West Virginia,4-year,Private not-for-profit,Baccalaureate Colleges--Diverse Fields,1367,98.4,1238,44,1021,36,20338,80,28946,64,43.4,51,60.1,60,36.7,49,65.1,23,67.2,71,401
237978,West Virginia Business College at Wheeling,Wheeling,West Virginia,2-year,Private for-profit,Associates--Private For-profit,147,100,67,1,NULL,NULL,7000,94,NULL,NULL,60,75,60,47,100,100,66.7,46,0,0,25
237987,West Virginia Junior College at Charleston,Charleston,West Virginia,2-year,Private for-profit,Associates--Private For-profit,213,95.3,231,18,NULL,NULL,6942,94,NULL,NULL,42.4,55,52.5,32,90.3,93,75.4,71,16.7,12,59
237996,West Virginia Junior College at Morgantown,Morgantown,West Virginia,2-year,Private for-profit,Associates--Private For-profit,291,100,278,27,NULL,NULL,5865,86,NULL,NULL,49.5,62,70.3,73,67.7,45,60.5,28,21.4,19,91
238014,West Virginia Northern Community College,Wheeling,West Virginia,2-year,Public,Associates--Public Rural-serving Medium,2086,45.6,1774,27,NULL,NULL,5238,85,NULL,NULL,8.6,47,11.9,15,56.9,83,52.4,26,34.3,55,452
238032,West Virginia University,Morgantown,West Virginia,4-year,Public,Research Universities--high research activity,22757,92.4,23083,92,1062,63,7167,73,15289,86,33.7,74,57.1,74,26.6,17,77.1,61,76.8,78,4626
238078,Wheeling Jesuit University,Wheeling,West Virginia,4-year,Private not-for-profit,Baccalaureate Colleges--Diverse Fields,1180,79.5,1055,38,1023,37,17376,69,12760,41,41.7,48,53.8,47,24.7,23,67.2,28,61.8,63,240
238193,Alverno College,Milwaukee,Wisconsin,4-year,Private not-for-profit,Masters Colleges and Universities--smaller programs,1862,73,1594,56,NULL,NULL,10351,30,11564,38,11.1,5,38.5,19,61,87,71.7,40,44.9,39,270
238263,Madison Area Technical College,Madison,Wisconsin,4-year,Public,Associates--Public Rural-serving Large,15340,33.5,9570,65,NULL,NULL,2734,0,NULL,NULL,NULL,NULL,NULL,NULL,31.4,28,NULL,NULL,27.3,4,NULL
238324,"Bellin College, Inc.",Green Bay,Wisconsin,4-year,Private not-for-profit,Other health professions schools,286,82.9,217,8,1070,55,4461,7,39141,71,67.9,85,67.9,74,26.2,26,75,49,83.3,85,28
238333,Beloit College,Beloit,Wisconsin,4-year,Private not-for-profit,Baccalaureate Colleges--Arts & Sciences,1306,96,1270,45,1227,86,22090,85,92305,86,70.5,86,78.2,86,18,10,92.3,90,81.5,84,325
238397,Blackhawk Technical College,Janesville,Wisconsin,2-year,Public,Associates--Public Rural-serving Medium,2637,40,1930,30,NULL,NULL,6947,96,NULL,NULL,28.4,92,33.7,88,58.7,86,58,51,22.9,18,419
238430,Cardinal Stritch University,Milwaukee,Wisconsin,4-year,Private not-for-profit,Doctoral/Research Universities,2693,93.6,2145,70,1027,38,8854,24,2498,8,29.1,27,54.7,49,43.8,64,71,38,21.7,9,86
238458,Carroll University,Waukesha,Wisconsin,4-year,Private not-for-profit,Masters Colleges and Universities--smaller programs,3119,87.5,3084,84,NULL,NULL,13649,49,13359,42,42.5,49,56.3,52,28.3,30,76,52,40.4,32,652
238476,Carthage College,Kenosha,Wisconsin,4-year,Private not-for-profit,Baccalaureate Colleges--Arts & Sciences,2902,88.9,3049,83,1105,66,20433,80,20588,54,54.3,69,65,70,27.7,29,78.4,59,45.3,40,683
238616,Concordia University Wisconsin,Mequon,Wisconsin,4-year,Private not-for-profit,Masters Colleges and Universities--larger programs,4363,70.1,3508,86,1049,48,10631,32,9039,30,33.9,36,55.7,51,34.4,43,71,38,22.7,10,422
238661,Edgewood College,Madison,Wisconsin,4-year,Private not-for-profit,Doctoral/Research Universities,1998,84.1,1907,64,NULL,NULL,11417,35,14991,45,32.5,33,56.6,53,33.5,41,81.8,69,49.7,46,302
238722,Fox Valley Technical College,Appleton,Wisconsin,2-year,Public,Associates--Public Rural-serving Large,10511,27.7,5682,72,NULL,NULL,3836,44,NULL,NULL,25.3,90,37.7,92,30.7,22,63.5,76,32.5,49,430
238759,Gateway Technical College,Kenosha,Wisconsin,2-year,Public,Associates--Public Rural-serving Large,8268,19.1,5089,68,NULL,NULL,3882,47,64,7,12.4,63,23.5,61,50.8,72,63.5,76,100,99,533
238892,"ITT Technical Institute (GreenField, Wis.)",Greenfield,Wisconsin,4-year,Private for-profit,Other technology-related schools,448,76.1,478,36,NULL,NULL,4264,45,NULL,NULL,8.9,19,14.3,17,73.6,67,100,91,6.2,8,56
238980,Lakeland College,Plymouth,Wisconsin,4-year,Private not-for-profit,Masters Colleges and Universities--larger programs,2972,34.5,1899,64,1007,31,8041,21,5260,18,36.5,40,50.8,42,34.8,44,69.5,34,18.2,7,181
239008,Lakeshore Technical College,Cleveland,Wisconsin,2-year,Public,Associates--Public Rural-serving Medium,2930,31.1,1767,27,NULL,NULL,3810,43,478,39,25.8,91,39.1,93,35.9,35,69.8,90,58.3,92,151
239017,Lawrence University,Appleton,Wisconsin,4-year,Private not-for-profit,Baccalaureate Colleges--Arts & Sciences,1553,97.7,1567,55,NULL,NULL,21435,84,135566,91,68.7,85,81.7,90,22.4,19,87.9,83,80.2,83,345
239071,Maranatha Baptist Bible College and Seminary,Watertown,Wisconsin,4-year,Private not-for-profit,Baccalaureate Colleges--Diverse Fields,946,72.8,867,31,1061,52,6025,13,239,1,28.4,26,46,33,43.9,64,72,41,64.3,66,215
239080,Marian University (Wis.),Fond Du Lac,Wisconsin,4-year,Private not-for-profit,Masters Colleges and Universities--larger programs,1688,79.3,1652,58,NULL,NULL,10458,31,3586,12,30.1,29,48.9,39,42.1,60,68.2,30,35,25,266
239105,Marquette University,Milwaukee,Wisconsin,4-year,Private not-for-profit,Doctoral/Research Universities,8365,96.2,8438,97,1217,86,14167,53,41607,73,57.3,73,78.2,86,16.9,9,90.7,88,55.4,54,1811
239220,Mid-State Technical College,Wisconsin Rapids,Wisconsin,2-year,Public,Associates--Public Rural-serving Medium,2905,35.1,2128,34,NULL,NULL,3899,48,847,53,15.5,73,25.4,69,48.6,67,55.9,42,44,75,303
239248,Milwaukee Area Technical College,Milwaukee,Wisconsin,2-year,Public,Associates--Public Urban-serving Multicampus,17961,31.9,13156,94,NULL,NULL,6971,96,NULL,NULL,5.6,28,13,21,51.7,75,50.1,19,39.2,68,1188
239309,Milwaukee Institute of Art & Design,Milwaukee,Wisconsin,4-year,Private not-for-profit,Schools of art- music- and design,667,97.8,717,26,NULL,NULL,15263,58,3892,13,44.9,54,63.2,66,42.3,61,81.3,68,35,25,136
239318,Milwaukee School of Engineering,Milwaukee,Wisconsin,4-year,Private not-for-profit,Masters Colleges and Universities--smaller programs,2459,92.9,2300,72,1244,88,18699,74,20755,55,38.5,43,55.8,51,28.7,31,82.9,73,54.7,52,550
239372,Moraine Park Technical College,Fond du Lac,Wisconsin,2-year,Public,Associates--Public Rural-serving Large,6613,16.8,3041,47,NULL,NULL,3611,35,NULL,NULL,25.8,91,35,89,22.3,8,74.1,96,51.9,87,426
239390,Mount Mary College,Milwaukee,Wisconsin,4-year,Private not-for-profit,Masters Colleges and Universities--smaller programs,926,74,839,30,957,17,13018,45,9280,31,21,15,41.2,24,47.2,71,71.6,39,37.1,28,119
239442,Nicolet Area Technical College,Rhinelander,Wisconsin,2-year,Public,Associates--Public Rural-serving Small,1271,49,949,10,NULL,NULL,6234,93,NULL,NULL,18.6,81,29.4,80,53.7,79,65.2,81,37,62,269
239460,Northcentral Technical College,Wausau,Wisconsin,2-year,Public,Associates--Public Rural-serving Medium,4384,42.4,3356,50,NULL,NULL,4100,56,NULL,NULL,23.4,88,35.9,90,44.8,58,66.1,83,99.2,99,504
239488,Northeast Wisconsin Technical College,Green Bay,Wisconsin,2-year,Public,Associates--Public Rural-serving Large,10441,34,6069,74,NULL,NULL,4072,55,NULL,NULL,32.3,95,44.1,96,35.5,34,53.1,29,37.2,63,737
239503,Northland International University,Dunbar,Wisconsin,4-year,Private not-for-profit,Baccalaureate Colleges--Diverse Fields,261,92.7,390,15,NULL,NULL,8617,23,299,1,35.1,38,50,40,62,88,51.5,7,60,60,134
239512,Northland College,Ashland,Wisconsin,4-year,Private not-for-profit,Baccalaureate Colleges--Arts & Sciences,552,97.5,598,22,1105,66,19002,75,31282,66,51.7,65,57.6,55,41.9,60,68.1,30,87.9,89,151
239628,Ripon College,Ripon,Wisconsin,4-year,Private not-for-profit,Baccalaureate Colleges--Arts & Sciences,904,98.2,979,35,1130,72,20633,81,72755,83,60.3,77,74,82,35.3,45,86.3,79,76.9,80,262
239716,Saint Norbert College,De Pere,Wisconsin,4-year,Private not-for-profit,Baccalaureate Colleges--Arts & Sciences,2160,98.1,2302,72,1125,72,16684,65,36623,70,68.6,85,74.2,82,21,16,80.7,66,77.4,81,542
239743,Silver Lake College,Manitowoc,Wisconsin,4-year,Private not-for-profit,Baccalaureate Colleges--Diverse Fields,501,42.5,319,13,950,15,9869,27,13413,42,23.7,18,36.8,16,29.8,33,72,41,36.4,27,38
239910,Southwest Wisconsin Technical College,Fennimore,Wisconsin,2-year,Public,Associates--Public Rural-serving Medium,4144,17.8,1520,22,NULL,NULL,4190,58,NULL,NULL,55.8,99,55.8,98,21.3,6,66.3,84,82.4,98,335
239929,Bryant & Stratton College at Milwaukee,Milwaukee,Wisconsin,4-year,Private for-profit,Associates--Private For-profit 4-year Primarily Associates,1051,39.8,1086,74,NULL,NULL,3899,26,NULL,NULL,NULL,NULL,NULL,NULL,94.2,99,0,0,17.3,47,NULL
240055,University of Wisconsin Colleges,Madison,Wisconsin,2-year,Public,Associates--Public 2-year colleges under 4-year universities,13947,57.5,10019,88,970,86,4669,73,1560,69,13.9,69,22.9,60,34.6,32,56.3,44,46.7,80,3911
240107,Viterbo University,La Crosse,Wisconsin,4-year,Private not-for-profit,Masters Colleges and Universities--larger programs,2079,76,1904,64,1090,62,11976,39,12103,39,30.6,30,47.3,35,38,52,80.9,66,38.1,30,353
240116,Chippewa Valley Technical College,Eau Claire,Wisconsin,2-year,Public,Associates--Public Rural-serving Medium,5617,43.5,4038,57,NULL,NULL,3940,50,NULL,NULL,20,84,30.5,83,43.4,54,59.1,56,45.2,77,1310
240125,Waukesha County Technical College,Pewaukee,Wisconsin,2-year,Public,Associates--Public Suburban-serving Multicampus,8799,21.7,4415,61,NULL,NULL,3372,26,NULL,NULL,14.7,71,28.3,76,21.3,6,69.9,90,22.5,17,428
240170,Western Technical College (Wis.),La Crosse,Wisconsin,2-year,Public,Associates--Public Rural-serving Medium,4572,42,3322,50,NULL,NULL,3908,49,NULL,NULL,20.6,85,32.6,86,43.4,54,62.8,73,26.1,29,592
240189,University of Wisconsin at Whitewater,Whitewater,Wisconsin,4-year,Public,Masters Colleges and Universities--larger programs,10864,91,10165,67,1030,51,4797,20,1554,19,27.5,64,54.8,69,29.6,23,76.9,60,78.1,80,2048
240198,Wisconsin Indianhead Technical College,Shell Lake,Wisconsin,2-year,Public,Associates--Public Rural-serving Medium,3418,43,2414,39,NULL,NULL,4040,53,NULL,NULL,41.2,97,50.3,97,44.7,58,68,87,44,75,447
240268,University of Wisconsin at Eau Claire,Eau Claire,Wisconsin,4-year,Public,Masters Colleges and Universities--medium programs,10404,91.4,9841,66,1110,78,4913,24,4356,52,26.5,61,66.9,86,26.5,17,82.3,76,80.9,86,2026
240277,University of Wisconsin at Green Bay,Green Bay,Wisconsin,4-year,Public,Masters Colleges and Universities--smaller programs,6445,67.2,5322,44,1070,65,5295,33,5300,59,20.4,44,46.4,51,32.9,32,71.9,44,67.6,59,987
240329,University of Wisconsin at La Crosse,La Crosse,Wisconsin,4-year,Public,Masters Colleges and Universities--larger programs,9702,94.7,9255,64,1130,81,4494,13,1919,24,35.5,77,67.2,86,22.6,9,86.6,86,85.4,91,1750
240338,Wisconsin Lutheran College,Milwaukee,Wisconsin,4-year,Private not-for-profit,Baccalaureate Colleges--Arts & Sciences,1070,93.6,1094,39,1097,64,13961,51,16388,48,45.3,55,63.5,67,33.2,40,81.8,69,56.2,55,181
240365,University of Wisconsin at Oshkosh,Oshkosh,Wisconsin,4-year,Public,Masters Colleges and Universities--larger programs,12622,72.8,10065,67,1030,51,4938,24,1529,19,17.4,36,53.5,66,27.6,20,75.2,55,69,62,1723
240374,University of Wisconsin-Parkside,Kenosha,Wisconsin,4-year,Public,Baccalaureate Colleges--Arts & Sciences,4450,74.9,3761,32,990,33,5942,46,1288,15,9,12,30.7,17,42.6,65,72.7,46,71.3,69,833
240392,Herzing University (Wis.),Madison,Wisconsin,4-year,Private for-profit,Baccalaureate/Associates Colleges,2452,47.6,2959,92,NULL,NULL,4099,37,NULL,NULL,14.3,34,33.1,65,68.9,50,43.2,28,12.5,33,133
240417,University of Wisconsin-Stout,Menomonie,Wisconsin,4-year,Public,Masters Colleges and Universities--larger programs,8208,83.1,7469,55,1030,51,4672,17,5158,58,20.8,46,54.3,68,29.6,23,73.3,47,69.8,65,1489
240426,University of Wisconsin at Superior,Superior,Wisconsin,4-year,Public,Masters Colleges and Universities--smaller programs,2527,79.9,2203,18,1010,43,5226,32,5303,59,13.7,25,41.1,36,41.8,63,65.7,22,78.8,82,343
240444,University of Wisconsin at Madison,Madison,Wisconsin,4-year,Public,Research Universities--very high research activity,30728,93,28314,97,1268,96,7596,78,60936,98,55,93,82.8,97,15,1,95.2,98,77.8,80,5980
240453,University of Wisconsin at Milwaukee,Milwaukee,Wisconsin,4-year,Public,Research Universities--high research activity,22648,83.6,21069,90,1030,51,6034,49,3882,47,13.1,22,41.4,36,35.7,42,70.1,38,67.5,59,4465
240462,University of Wisconsin at Platteville,Platteville,Wisconsin,4-year,Public,Masters Colleges and Universities--larger programs,7862,89.5,7282,55,1050,59,4569,14,2379,31,18.8,40,54.2,68,30.6,26,75.3,55,80,83,1466
240471,University of Wisconsin at River Falls,River Falls,Wisconsin,4-year,Public,Masters Colleges and Universities--medium programs,5782,90.8,5598,45,1030,51,4492,13,3121,39,23.3,54,51.4,62,32.2,30,72,44,66.9,58,1276
240480,University of Wisconsin at Stevens Point,Stevens Point,Wisconsin,4-year,Public,Masters Colleges and Universities--medium programs,9313,92.9,8851,61,1070,65,4752,19,2121,28,22.2,51,58,74,33.7,35,78.9,67,80,83,1611
240505,Casper College,Casper,Wyoming,2-year,Public,Associates--Public Rural-serving Medium,4082,47.9,2770,44,NULL,NULL,4226,59,10295,99,16.4,76,30,81,26.8,15,60.1,61,55.2,90,681
240514,Central Wyoming College,Riverton,Wyoming,2-year,Public,Associates--Public Rural-serving Medium,2182,38.1,1682,25,NULL,NULL,3692,38,9353,99,19.5,83,29.2,79,22.4,8,47.1,11,19.4,9,226
240596,Eastern Wyoming College,Torrington,Wyoming,2-year,Public,Associates--Public Rural-serving Small,1788,38.4,1297,16,NULL,NULL,4487,68,2414,82,27.9,92,35,89,18.8,4,60.9,66,57.9,91,197
240620,Laramie County Community College,Cheyenne,Wyoming,2-year,Public,Associates--Public Rural-serving Medium,4780,41,4110,58,NULL,NULL,3943,50,2840,85,6.4,32,13.6,23,25.4,12,52.9,28,16.2,4,346
240657,Northwest College (Wyo.),Powell,Wyoming,2-year,Public,Associates--Public Rural-serving Small,1880,57.4,1946,30,NULL,NULL,5464,87,6979,98,14,69,26.1,71,29.9,20,53.6,31,51.7,86,514
240666,Northern Wyoming Community College District,Sheridan,Wyoming,2-year,Public,Associates--Public Rural-serving Medium,4437,32.5,2587,41,NULL,NULL,3824,43,5704,96,27.6,92,27.6,75,17.2,3,55.5,40,48.6,83,474
240693,Western Wyoming Community College,Rock Springs,Wyoming,2-year,Public,Associates--Public Rural-serving Medium,3620,33.8,2608,42,NULL,NULL,3997,52,4127,91,32.2,94,53.3,98,21.9,7,68.5,88,23.1,19,261
240718,Wyoming Technical Institute,Laramie,Wyoming,2-year,Private for-profit,Associates--Private For-profit,1462,100,2765,98,NULL,NULL,3661,19,NULL,NULL,70.8,88,76.8,84,50.5,20,76.4,74,97.1,94,2088
240727,University of Wyoming,Laramie,Wyoming,4-year,Public,Research Universities--high research activity,10117,81.6,9351,64,1123,80,6276,56,35762,95,24.1,56,54.1,68,24.3,13,73.9,50,90.3,96,1614
243744,Stanford University,Stanford,California,4-year,Private not-for-profit,Research Universities--very high research activity,7274,96,7530,96,1466,99,38105,99,1215932,100,76.1,91,95.8,99,16,8,98.6,99,60.5,61,1721
243780,Purdue University at West Lafayette,West Lafayette,Indiana,4-year,Public,Research Universities--very high research activity,30446,94.1,30776,97,1211,92,8993,89,55060,98,41.8,84,70.2,90,20.6,6,90.6,93,85.1,91,6466
243823,Parker University,Dallas,Texas,4-year,Private not-for-profit,Other health professions schools,157,48.4,165,5,NULL,NULL,2154,1,27765,63,NULL,NULL,NULL,NULL,36.2,48,NULL,NULL,71.6,75,NULL
244011,ITT Technical Institute at Sylmar,Sylmar,California,4-year,Private for-profit,Baccalaureate/Associates Colleges,557,78.1,675,57,NULL,NULL,4894,69,NULL,NULL,23.1,55,23.1,42,72.9,65,NULL,NULL,10.9,27,13
244154,ITT Technical Institute at Thornton,Westminster,Colorado,4-year,Private for-profit,Other technology-related schools,218,78,238,11,NULL,NULL,3885,25,NULL,NULL,0,0,0,0,68.3,48,NULL,NULL,8,13,10
244190,Widener University-Delaware Campus,Wilmington,Delaware,4-year,Private not-for-profit,Schools of law,110,25.5,90,1,NULL,NULL,4391,6,14189,44,80,93,80,88,22.8,20,100,99,29.7,18,5
244233,City College at Fort Lauderdale,Fort Lauderdale,Florida,4-year,Private not-for-profit,Baccalaureate/Associates Colleges,633,61,615,23,NULL,NULL,4298,6,46,0,NULL,NULL,NULL,NULL,94,99,NULL,NULL,14,4,NULL
244279,Meridian Career Institute,Sarasota,Florida,2-year,Private for-profit,Not applicable- not in Carnegie universe,163,100,248,21,NULL,NULL,5573,83,NULL,NULL,73.2,90,73.2,79,71.2,53,76.9,74,20,16,123
244437,Georgia Perimeter College,Decatur,Georgia,2-year,Public,Associates--Public Suburban-serving Multicampus,21123,38.5,17138,97,NULL,NULL,3256,23,68,7,2.7,8,8.8,7,47.5,65,58.2,52,51.3,86,3072
244446,DeKalb Technical College,Clarkston,Georgia,2-year,Public,Associates--Public Suburban-serving Multicampus,4431,33.2,3276,50,NULL,NULL,4679,73,NULL,NULL,15.6,73,19.7,48,70.5,96,54.8,36,20.2,12,385
245032,Southwestern College Florence,Florence,Kentucky,2-year,Private for-profit,Associates--Private For-profit,97,100,224,17,NULL,NULL,1707,1,NULL,NULL,22,24,22,4,94.1,96,55.4,19,80,89,82
245342,Vatterott College - NorthPark,Berkeley,Missouri,4-year,Private for-profit,Associates--Private For-profit 4-year Primarily Associates,1344,100,1856,86,NULL,NULL,4379,51,NULL,NULL,100,98,100,97,38.4,5,54.1,50,60.5,93,1
245421,Metro Business College,Rolla,Missouri,2-year,Private for-profit,Not applicable- not in Carnegie universe,71,91.5,99,3,NULL,NULL,5536,83,NULL,NULL,40,51,60,47,87.5,86,90.9,98,75,86,20
245430,Metro Business College,Jefferson City,Missouri,2-year,Private for-profit,Not applicable- not in Carnegie universe,142,79.6,189,13,NULL,NULL,4880,70,NULL,NULL,50.9,65,50.9,30,83.6,80,77.8,76,64.3,78,55
245625,Warren County Community College,Washington,New Jersey,2-year,Public,Associates--Public Suburban-serving Single Campus,2358,39.1,1368,18,NULL,NULL,3937,49,160,14,17.9,80,20.4,51,29,19,60.5,63,25.2,26,357
245652,St. John's College (N.M.),Santa Fe,New Mexico,4-year,Private not-for-profit,Baccalaureate Colleges--Arts & Sciences,339,99.1,402,16,NULL,NULL,30155,95,58279,81,44.8,54,55.2,50,39.8,56,78.6,59,75,78,134
245883,Antioch University-Seattle,Seattle,Washington,4-year,Private not-for-profit,Masters Colleges and Universities--medium programs,230,34.8,152,5,NULL,NULL,8912,24,2597,9,NULL,NULL,NULL,NULL,56.8,84,0,0,37.4,29,NULL
245953,Mid-America Christian University,Oklahoma City,Oklahoma,4-year,Private not-for-profit,Baccalaureate Colleges--Diverse Fields,2407,79.9,2224,71,NULL,NULL,5276,10,905,3,13.5,6,28.1,8,57.6,85,57.8,12,11.4,3,96
245962,Platt College (Okla.),Tulsa,Oklahoma,4-year,Private for-profit,Associates--Private For-profit,360,100,727,60,NULL,NULL,5990,89,NULL,NULL,NULL,NULL,NULL,NULL,86,96,NULL,NULL,44.7,88,NULL
246008,Career Point College at Tulsa,Tulsa,Oklahoma,2-year,Private for-profit,Associates--Private For-profit,236,100,226,17,NULL,NULL,5550,83,NULL,NULL,5.7,3,79.7,89,98,99,65,42,100,94,300
246035,Carrington College at Portland,Portland,Oregon,2-year,Private for-profit,Associates--Private For-profit,242,97.9,374,36,NULL,NULL,3557,16,NULL,NULL,8.1,8,65.4,62,56.9,27,83.3,88,35.5,43,246
246202,Kaplan Career Institute at Nashville,Nashville,Tennessee,2-year,Private for-profit,Associates--Private For-profit,323,100,542,55,NULL,NULL,3421,11,NULL,NULL,0,0,62.6,55,64.8,38,77.3,75,12,8,318
246266,Kaplan College,El Paso,Texas,2-year,Private for-profit,Not applicable- not in Carnegie universe,681,100,1178,85,NULL,NULL,3181,7,NULL,NULL,0,0,76.4,83,29.9,3,81.1,84,24.4,25,774
246354,Palo Alto College,San Antonio,Texas,2-year,Public,Associates--Public Urban-serving Multicampus,8427,16.6,5055,67,NULL,NULL,4044,53,NULL,NULL,4,15,12.7,20,32.1,25,59,56,19.6,10,496
246813,Athens Technical College,Athens,Georgia,2-year,Public,Associates--Public Rural-serving Medium,4563,28.1,3204,49,NULL,NULL,3418,29,NULL,NULL,21.6,86,28.8,78,59.7,88,59.4,58,25.1,25,445
246974,Carrington College California at San Leandro,San Leandro,California,2-year,Private for-profit,Associates--Private For-profit,521,96.9,542,55,NULL,NULL,3796,24,NULL,NULL,10.4,11,60.7,49,76,64,70.3,57,41.7,54,346
247065,"Beckfield College (Florence, Ky.)",Florence,Kentucky,4-year,Private for-profit,Associates--Private For-profit 4-year Primarily Associates,807,61,716,59,NULL,NULL,3546,10,NULL,NULL,9.1,19,9.1,8,77.8,81,0,0,9.7,20,11
247603,Sussex County Community College,Newton,New Jersey,2-year,Public,Associates--Public Suburban-serving Single Campus,3235,54,2402,38,NULL,NULL,3646,36,503,40,20.7,85,20.7,52,31.4,24,66.5,84,17.9,7,723
247649,Landmark College,Putney,Vermont,4-year,Private not-for-profit,Associates--Private Not-for-profit,494,99.4,469,18,NULL,NULL,21966,85,34577,69,NULL,NULL,NULL,NULL,23.3,20,69.2,33,100,95,NULL
247700,National American University at Independence,Independence,Missouri,4-year,Private for-profit,Baccalaureate/Associates Colleges,633,4.4,501,39,NULL,NULL,2809,3,NULL,NULL,0,0,0,0,74.8,72,33.3,8,7.1,11,5
247834,Collin County Community College District,McKinney,Texas,2-year,Public,Associates--Public Suburban-serving Multicampus,27972,34.1,18044,98,NULL,NULL,6411,94,285,28,4.2,17,11.1,13,22.1,7,63.1,74,30.4,43,3185
247940,Owensboro Community and Technical College,Owensboro,Kentucky,2-year,Public,Associates--Public Rural-serving Medium,4286,43,2754,44,NULL,NULL,5374,86,NULL,NULL,16.8,77,29.5,80,46.5,62,60.4,62,36.7,62,606
248776,Okefenokee Technical College,Waycross,Georgia,2-year,Public,Associates--Public Rural-serving Medium,1180,32.4,992,10,NULL,NULL,4529,69,NULL,NULL,24.9,89,33.7,88,75.9,98,50.6,20,46.4,80,169
248846,Fashion Institute of Design & Merchandising-San Diego,San Diego,California,2-year,Private for-profit,Associates--Private For-profit,169,89.3,166,9,NULL,NULL,8120,99,NULL,NULL,NULL,NULL,NULL,NULL,48.6,18,67.6,49,9.1,4,NULL
248882,National American University at Albuquerque,Albuquerque,New Mexico,4-year,Private for-profit,Schools of business and management,397,12.8,354,22,NULL,NULL,3294,7,NULL,NULL,0,0,0,0,72.2,62,75,79,3.7,3,3
248934,ECPI College of Technology at Virginia Beach,Virginia Beach,Virginia,4-year,Private for-profit,Associates--Private For-profit 4-year Primarily Associates,10803,94.8,10657,98,NULL,NULL,3834,22,NULL,NULL,27.3,66,27.3,55,41.5,6,62.8,64,45.2,88,55
249609,"Allied Medical and Technical Institute, Forty Fort",Forty Fort,Pennsylvania,2-year,Private for-profit,Associates--Private For-profit,224,100,375,37,NULL,NULL,4698,63,NULL,NULL,55.3,70,66.9,65,62.6,34,71.4,61,24,22,257
250027,Laurel Business Institute,Uniontown,Pennsylvania,2-year,Private for-profit,Associates--Private For-profit,212,99.5,233,19,NULL,NULL,5685,85,NULL,NULL,52.4,67,62.2,53,81.1,76,61.8,32,72,84,143
250601,Carrington College-Westside,Phoenix,Arizona,2-year,Private for-profit,Not applicable- not in Carnegie universe,513,69.8,676,65,NULL,NULL,4135,40,NULL,NULL,1.4,0,61.9,52,63.6,35,61.5,31,35.6,44,210
251075,Kaplan Career Institute Harrisburg,Harrisburg,Pennsylvania,2-year,Private for-profit,Associates--Private For-profit,335,100,616,61,NULL,NULL,3871,27,NULL,NULL,0,0,59.5,46,63,34,80,82,22.2,19,328
251251,"ITT Technical Institute (Newburgh, Ind.)",Newburgh,Indiana,4-year,Private for-profit,Other technology-related schools,295,66.8,355,22,NULL,NULL,3851,23,NULL,NULL,0,0,20,34,75.2,73,NULL,NULL,15.6,43,5
251260,Southern Union State Community College,Wadley,Alabama,2-year,Public,Associates--Public Rural-serving Medium,4805,58.5,4120,59,NULL,NULL,4241,59,NULL,NULL,7.8,40,14.3,26,45.1,59,54.9,37,32.8,50,1011
251312,South University at Columbia,Columbia,South Carolina,4-year,Private for-profit,Masters Colleges and Universities--smaller programs,1167,57.7,1047,72,NULL,NULL,4753,65,NULL,NULL,7.4,14,7.4,5,71.9,61,41.7,25,27.3,70,27
260293,Everest University-Brandon Campus,Tampa,Florida,4-year,Private for-profit,Masters Colleges and Universities--medium programs,4140,52.1,7557,97,NULL,NULL,4837,67,NULL,NULL,21.8,53,24.8,48,82.3,91,0,0,10.8,26,101
260354,"Consolidated School of Business (Lancaster, Pa.)",Lancaster,Pennsylvania,2-year,Private for-profit,Associates--Private For-profit,112,95.5,117,4,NULL,NULL,8296,99,NULL,NULL,62.2,77,66.7,64,91,94,62.5,33,87.5,92,45
260372,Lac Courte Oreilles Ojibwa Community College,Hayward,Wisconsin,2-year,Public,Tribal Colleges,303,64,320,2,NULL,NULL,5272,85,9539,99,28.6,93,61.2,99,90.5,100,53.3,31,25.4,27,49
260691,Pima Medical Institute at Mesa,Mesa,Arizona,2-year,Private for-profit,Associates--Private For-profit,1146,100,1713,95,NULL,NULL,5009,73,NULL,NULL,40.6,52,72.7,77,49.5,19,72.7,65,59.4,73,1525
260789,"Platt College (Alhambra, Calif.)",Alhambra,California,4-year,Private for-profit,Baccalaureate/Associates Colleges,608,100,626,54,NULL,NULL,3625,13,NULL,NULL,NULL,NULL,NULL,NULL,59.6,28,88.9,89,36.4,82,NULL
260813,Platt College (Colo.),Aurora,Colorado,4-year,Private for-profit,Baccalaureate Colleges--Diverse Fields,209,100,265,13,NULL,NULL,4329,48,NULL,NULL,40,86,46.7,84,57.9,25,100,91,23.7,63,15
260901,Kaplan University at Davenport,Davenport,Iowa,4-year,Private for-profit,Masters Colleges and Universities--larger programs,40349,15.9,50397,100,NULL,NULL,4641,61,NULL,NULL,5.8,10,5.8,1,64.4,37,40,20,5.3,5,52
260910,Kaplan University - Cedar Falls,Cedar Falls,Iowa,4-year,Private for-profit,Baccalaureate/Associates Colleges,386,65,811,64,NULL,NULL,5717,86,NULL,NULL,0,0,0,0,76.6,78,NULL,NULL,42.9,87,1
260974,"ITT Technical Institute (Mt. Prospect, Ill.)",Arlington Heights,Illinois,4-year,Private for-profit,Other technology-related schools,248,77.8,250,11,NULL,NULL,3631,13,NULL,NULL,NULL,NULL,NULL,NULL,59.8,28,NULL,NULL,9.7,20,NULL
260992,Northwestern Business College-Southwestern Campus,Bridgeview,Illinois,2-year,Private for-profit,Associates--Private For-profit,756,45.2,614,60,NULL,NULL,NULL,NULL,NULL,NULL,66.9,84,66.9,65,NULL,NULL,62.7,34,NULL,NULL,178
261472,"ITT Technical Institute (Troy, Mich.)",Troy,Michigan,4-year,Private for-profit,Associates--Private For-profit,581,67.5,673,57,NULL,NULL,4186,41,NULL,NULL,NULL,NULL,NULL,NULL,70.1,55,NULL,NULL,9,18,NULL
261861,Pennsylvania Institute of Health and Technology,Mount Braddock,Pennsylvania,2-year,Private for-profit,Associates--Private For-profit,118,100,150,6,NULL,NULL,7585,97,NULL,NULL,52.4,67,70.2,73,81.7,77,62.5,33,16.7,12,84
261931,Skyline College at Roanoke,Roanoke,Virginia,4-year,Private for-profit,Baccalaureate/Associates Colleges,195,100,184,6,NULL,NULL,4260,45,NULL,NULL,33.3,75,33.3,65,57.5,24,0,0,75,97,6
262031,St. Charles Community College,Cottleville,Missouri,2-year,Public,Associates--Public Suburban-serving Single Campus,7396,48,5302,69,NULL,NULL,2856,14,14,2,5.2,25,18.6,44,25.9,13,60.1,61,24.6,24,1384
262086,Brandman University,Irvine,California,4-year,Private not-for-profit,Masters Colleges and Universities--larger programs,3885,39.9,3175,84,NULL,NULL,4883,8,NULL,NULL,NULL,NULL,NULL,NULL,42.2,61,NULL,NULL,8.7,2,NULL
262129,New College of Florida,Sarasota,Florida,4-year,Public,Baccalaureate Colleges--Arts & Sciences,793,100,946,4,1283,98,7622,79,40346,96,56.9,94,65.8,83,28.6,22,81.2,72,74.3,74,202
262332,Le Cordon Bleu College of Culinary Arts - Scottsdale,Scottsdale,Arizona,4-year,Private for-profit,Other special-focus institutions,1551,100,2123,89,NULL,NULL,5051,73,NULL,NULL,58.3,94,58.3,91,59.9,29,NULL,NULL,25.4,67,48
262457,San Joaquin Valley College at Fresno,Fresno,California,2-year,Private for-profit,Associates--Private For-profit,686,100,1101,83,NULL,NULL,5587,84,NULL,NULL,39.7,50,59.7,46,89.6,91,81.8,85,42.1,54,320
262509,Heritage College (Colo.),Denver,Colorado,2-year,Private for-profit,Associates--Private For-profit,466,100,767,70,NULL,NULL,3259,8,NULL,NULL,6,4,67.1,66,63.1,35,64.5,41,79.5,89,498
363387,Heald College at Roseville,Roseville,California,2-year,Private for-profit,Associates--Private For-profit,1256,72.8,1457,91,NULL,NULL,5434,82,NULL,NULL,28.3,34,40.4,18,78.9,71,59.3,27,13,10,99
363439,Daymar College at Bowling Green,Bowling Green,Kentucky,4-year,Private for-profit,Associates--Private For-profit,255,72.5,345,21,NULL,NULL,4796,66,NULL,NULL,NULL,NULL,NULL,NULL,86.7,97,NULL,NULL,27.9,71,NULL
363633,Luna Community College,Las Vegas,New Mexico,2-year,Public,Associates--Public Rural-serving Medium,1657,31.8,997,11,NULL,NULL,3219,22,819,52,17.7,79,19.4,47,30.7,22,46.9,10,100,99,124
363934,University of Advancing Technology,Tempe,Arizona,4-year,Private for-profit,Baccalaureate Colleges--Diverse Fields,959,100,886,68,NULL,NULL,4567,58,NULL,NULL,18.9,47,24.5,47,43.4,8,63.7,65,27.7,70,196
364016,Paradise Valley Community College,Phoenix,Arizona,2-year,Public,Associates--Public Urban-serving Multicampus,9477,28.2,5260,69,NULL,NULL,2943,15,NULL,NULL,7,36,16.7,35,24.5,11,64.4,79,21.1,14,681
364025,Chandler-Gilbert Community College,Chandler,Arizona,2-year,Public,Associates--Public Urban-serving Multicampus,14399,31,8047,83,NULL,NULL,3023,18,NULL,NULL,10,52,19,45,22.7,8,63.4,76,21.4,15,1425
364168,Madison Media Institute,Madison,Wisconsin,4-year,Private for-profit,Associates--Private For-profit,396,97.2,602,52,NULL,NULL,3238,6,NULL,NULL,NULL,NULL,NULL,NULL,53.3,17,50,38,38.5,84,NULL
364955,Kaplan College - San Antonio San Pedro Campus,San Antonio,Texas,2-year,Private for-profit,Associates--Private For-profit,645,100,1083,83,NULL,NULL,3091,6,NULL,NULL,0,0,80.4,90,54.1,24,90.1,98,44.8,57,749
364973,Le Cordon Bleu College of Culinary Arts - Austin,Austin,Texas,2-year,Private for-profit,Associates--Private For-profit,655,100,977,79,NULL,NULL,4793,67,NULL,NULL,48.8,61,64,58,51.9,22,68.3,51,64,78,453
365055,Art Institute of New York City,New York,New York,2-year,Private for-profit,Associates--Private For-profit,1158,79.4,1404,90,NULL,NULL,6022,87,NULL,NULL,6.3,5,26.9,7,72.4,56,51.9,14,50,63,443
365204,Computer Career Center,El Paso,Texas,2-year,Private for-profit,Associates--Private For-profit,2746,100,3453,99,NULL,NULL,7983,99,NULL,NULL,99.2,100,99.2,100,73.1,59,70.6,57,49.7,62,1180
366003,South Florida Bible College and Theological Seminary,Deerfield Beach,Florida,4-year,Private not-for-profit,Theological seminaries- Bible colleges- and other faith-related institutions,110,19.1,63,0,NULL,NULL,10417,31,NULL,NULL,NULL,NULL,NULL,NULL,60.9,87,100,99,18.8,7,NULL
366252,Pennsylvania College of Technology,Williamsport,Pennsylvania,4-year,Public,Baccalaureate/Associates Colleges,5678,84.1,5291,43,NULL,NULL,5559,40,1670,21,27.3,64,42.4,39,40.2,57,70.3,39,61.4,46,384
366261,Commonwealth Institute of Funeral Service,Houston,Texas,2-year,Private not-for-profit,Associates--Private Not-for-profit,219,91.3,284,52,NULL,NULL,4883,55,NULL,NULL,22.2,20,25,15,43.5,30,71.7,63,21.4,18,36
366270,Delta College of Arts & Technology,Baton Rouge,Louisiana,2-year,Private for-profit,Associates--Private For-profit,678,100,1060,82,NULL,NULL,3823,25,NULL,NULL,39.2,50,55.8,39,68.9,48,56.4,21,47.6,61,265
366340,Stone Child College,Box Elder,Montana,2-year,Public,Tribal Colleges,404,51,325,2,NULL,NULL,4347,63,10831,100,0,0,20,49,33.7,30,51.6,23,35.7,59,15
366395,Suffolk County Community College Central Administration,Selden,New York,2-year,Public,Associates--Public Suburban-serving Multicampus,26711,55.5,18540,98,NULL,NULL,3162,21,NULL,NULL,5.3,26,19.9,49,33.2,28,63.9,78,19.1,9,4877
366401,Las Positas College,Livermore,California,2-year,Public,Associates--Public Suburban-serving Multicampus,8631,33.9,5112,68,NULL,NULL,2365,5,NULL,NULL,9.5,50,30.4,83,17.4,3,82.5,100,33.8,53,984
366447,Altamaha Technical College,Jesup,Georgia,2-year,Public,Associates--Public Rural-serving Small,1244,28.6,1112,13,NULL,NULL,3834,44,NULL,NULL,46.5,98,52.9,97,66.7,94,60.9,66,41.3,70,157
366465,Ogeechee Technical College,Statesboro,Georgia,2-year,Public,Associates--Public Rural-serving Medium,2216,38.5,1964,30,NULL,NULL,4850,77,NULL,NULL,19.6,83,29.5,80,73,98,59.7,59,53.7,89,373
366535,"Remington College, Mobile Campus",Mobile,Alabama,2-year,Private not-for-profit,Associates--Private For-profit 4-year Primarily Associates,472,100,855,87,NULL,NULL,3902,37,NULL,NULL,48.2,51,59.1,55,75.5,81,64.2,51,45.9,44,591
366544,Everest College at Aurora,Aurora,Colorado,2-year,Private for-profit,Associates--Private For-profit,383,85.1,598,59,NULL,NULL,4699,63,NULL,NULL,50.1,64,60.9,49,73.8,60,62.8,35,36.4,44,427
366553,Southwest Florida College,Fort Myers,Florida,4-year,Private for-profit,Baccalaureate/Associates Colleges,1263,69.7,1605,84,NULL,NULL,4626,60,NULL,NULL,100,98,100,97,73.4,67,72.7,77,18,48,1
366580,"ITT Technical Institute (Norwood, Mass.)",Norwood,Massachusetts,4-year,Private for-profit,Other technology-related schools,478,77,427,31,NULL,NULL,3867,24,NULL,NULL,NULL,NULL,NULL,NULL,72,61,100,91,6.2,8,NULL
366650,"ITT Technical Institute (Knoxville, Tenn.)",Knoxville,Tennessee,4-year,Private for-profit,Other technology-related schools,400,73.5,483,37,NULL,NULL,4353,49,NULL,NULL,0,0,0,0,79.3,84,NULL,NULL,9.5,20,11
366678,"ITT Technical Institute (Austin, Tex.)",Austin,Texas,4-year,Private for-profit,Associates--Private For-profit,432,80.6,510,40,NULL,NULL,4166,39,NULL,NULL,NULL,NULL,NULL,NULL,67.6,46,NULL,NULL,4.3,4,NULL
366696,"ITT Technical Institute at Blue Ash Drive, Houston",Houston,Texas,4-year,Private for-profit,Associates--Private For-profit,650,88.5,729,60,NULL,NULL,4431,52,NULL,NULL,NULL,NULL,NULL,NULL,73.2,66,NULL,NULL,7.8,13,NULL
366711,California State University at San Marcos,San Marcos,California,4-year,Public,Masters Colleges and Universities--medium programs,10738,82.4,7843,57,966,25,8393,85,2284,30,12.9,21,47.9,53,43.1,67,82.3,76,48.5,25,1075
366748,Argosy University-Hawaii,Honolulu,Hawaii,4-year,Private for-profit,Masters Colleges and Universities--smaller programs,326,39.9,184,6,NULL,NULL,5666,85,NULL,NULL,NULL,NULL,NULL,NULL,53.8,18,25,2,10.8,26,NULL
366960,Kaplan College-Modesto,Salida,California,2-year,Private for-profit,Associates--Private For-profit,490,100,897,77,NULL,NULL,3586,17,NULL,NULL,0,0,77.5,85,45.7,14,83.3,88,36.8,46,569
367024,Kaplan University - Urbandale,Urbandale,Iowa,4-year,Private for-profit,Baccalaureate/Associates Colleges,780,64.4,1335,80,NULL,NULL,5544,84,NULL,NULL,100,98,100,97,73.9,69,NULL,NULL,22,59,1
367097,Pinnacle Career Institute at Lawrence,Lawrence,Kansas,2-year,Private for-profit,Associates--Private For-profit,113,100,97,2,NULL,NULL,4518,57,NULL,NULL,75.9,92,82.8,92,77.9,69,73.2,66,66.7,81,87
367112,Career Technical College,Monroe,Louisiana,2-year,Private for-profit,Associates--Private For-profit,580,65.9,544,55,NULL,NULL,4981,72,NULL,NULL,1.4,0,55.6,37,89.2,90,58.9,26,56.2,70,72
367194,McNally Smith College of Music,Saint Paul,Minnesota,4-year,Private for-profit,Schools of art- music- and design,576,66.1,591,50,NULL,NULL,7022,94,NULL,NULL,13.6,32,34.8,69,35,4,71.7,76,46.2,89,66
367316,Allied Health Careers,Austin,Texas,2-year,Private for-profit,Associates--Private For-profit,177,100,246,21,NULL,NULL,2826,4,NULL,NULL,38.2,49,38.5,15,86.6,85,63.9,39,100,94,369
367459,NorthWest Arkansas Community College,Bentonville,Arkansas,2-year,Public,Associates--Public Rural-serving Large,8020,35.4,5634,72,NULL,NULL,4146,57,302,30,5.4,27,14.1,26,41,48,50.1,19,32.3,49,836
367839,Colorado Heights University,Denver,Colorado,4-year,Private not-for-profit,Schools of business and management,343,95.9,90,1,NULL,NULL,9180,25,NULL,NULL,43,50,43,27,17.2,9,44,3,6.7,1,79
367884,Hodges University,Naples,Florida,4-year,Private not-for-profit,Masters Colleges and Universities--smaller programs,1877,69.4,1997,66,NULL,NULL,5497,11,2060,7,0,0,11.1,2,71.1,92,49.1,5,49.7,46,27
367909,Everest University-Lakeland Campus,Lakeland,Florida,4-year,Private for-profit,Baccalaureate/Associates Colleges,449,71,626,54,NULL,NULL,4740,64,NULL,NULL,50,90,50,86,81,88,NULL,NULL,31.2,76,4
367936,Argosy University-Atlanta,Atlanta,Georgia,4-year,Private for-profit,Doctoral/Research Universities,435,25.7,342,21,NULL,NULL,3788,19,NULL,NULL,NULL,NULL,NULL,NULL,71.6,60,25,2,12.4,32,NULL
368443,Daymar Institute at Clarksville,Clarksville,Tennessee,4-year,Private for-profit,Associates--Private For-profit,497,87.1,547,45,NULL,NULL,4201,42,NULL,NULL,NULL,NULL,NULL,NULL,69.9,54,NULL,NULL,55.3,92,NULL
368452,Nossi College of Art,Madison,Tennessee,4-year,Private for-profit,Schools of art- music- and design,279,100,383,27,NULL,NULL,2554,2,NULL,NULL,52.9,92,52.9,88,67.1,44,63.3,65,3.2,2,17
368601,"ITT Technical Institute (Norfolk, Va.)",Norfolk,Virginia,4-year,Private for-profit,Baccalaureate/Associates Colleges,720,80.3,867,66,NULL,NULL,3675,15,NULL,NULL,8.7,18,17.4,28,63.2,36,NULL,NULL,21.1,56,46
368629,Pima Medical Institute at Seattle,Seattle,Washington,2-year,Private for-profit,Associates--Private For-profit,787,100,1132,84,NULL,NULL,5173,77,NULL,NULL,27,32,67.4,67,42.6,12,65.9,44,50,63,693
368780,Los Angeles ORT College main campus,Los Angeles,California,2-year,Private not-for-profit,Associates--Private Not-for-profit,396,100,581,76,NULL,NULL,4221,46,NULL,NULL,55.6,62,83.4,92,76.4,84,63.9,49,36,34,151
368805,Everest College at Los Angeles,Los Angeles,California,2-year,Private for-profit,Associates--Private For-profit,422,89.6,544,55,NULL,NULL,4325,51,NULL,NULL,50.8,65,60.9,49,80.7,75,70.1,56,17.9,14,358
368911,Southeastern Technical College,Vidalia,Georgia,2-year,Public,Associates--Public Rural-serving Small,1533,28.8,1321,17,NULL,NULL,4547,69,NULL,NULL,16.8,77,26.5,71,72.5,97,60.2,61,49,83,196
369084,"ITT Technical Institute (Albuquerque, N.M.)",Albuquerque,New Mexico,4-year,Private for-profit,Other technology-related schools,476,73.5,504,39,NULL,NULL,3907,26,NULL,NULL,15.8,39,21.1,38,69.8,53,NULL,NULL,24.1,65,19
369516,Bryan College at Springfield,Springfield,Missouri,4-year,Private for-profit,Associates--Private For-profit,431,100,458,34,NULL,NULL,4894,69,NULL,NULL,NULL,NULL,NULL,NULL,88.2,98,NULL,NULL,0,0,NULL
369862,Miami-Jacobs Career College at Columbus,Columbus,Ohio,2-year,Private for-profit,Associates--Private For-profit,304,60.2,284,28,NULL,NULL,4413,54,NULL,NULL,0,0,50,28,87.6,87,53.7,16,20.7,17,16
369905,Bryant & Stratton College at Willoughby,Eastlake,Ohio,4-year,Private for-profit,Baccalaureate/Associates Colleges,614,38.6,783,63,NULL,NULL,3755,17,NULL,NULL,NULL,NULL,NULL,NULL,77.6,80,NULL,NULL,28,72,NULL
371052,Fortis College at Mobile,Mobile,Alabama,2-year,Private for-profit,Associates--Private For-profit,359,100,654,63,NULL,NULL,4336,52,NULL,NULL,17,19,58.8,44,64.6,38,37,6,24,22,306
371760,Heald College at Stockton,Stockton,California,2-year,Private for-profit,Associates--Private For-profit,1418,71.3,1723,96,NULL,NULL,4651,61,NULL,NULL,26.6,31,30.4,10,85.6,84,63.6,38,50,63,184
371779,Heald College at Hayward,Hayward,California,2-year,Private for-profit,Associates--Private For-profit,1249,65.9,1513,93,NULL,NULL,4788,66,NULL,NULL,40.5,52,46.6,24,72.5,56,64.5,41,59.2,73,131
371982,Everest College-Anaheim,Anaheim,California,2-year,Private for-profit,Not applicable- not in Carnegie universe,574,88.9,894,76,NULL,NULL,4174,42,NULL,NULL,59.3,74,68.9,71,68.5,47,69.5,54,33.3,39,560
372037,Everest College at City of Industry,City of Industry,California,2-year,Private for-profit,Associates--Private For-profit,1029,92.6,1382,89,NULL,NULL,4050,36,NULL,NULL,65.2,83,72.7,77,74.4,61,79.2,80,43.2,56,779
372073,Fremont College,Cerritos,California,4-year,Private for-profit,Associates--Private For-profit,344,100,421,31,NULL,NULL,4194,42,NULL,NULL,NULL,NULL,NULL,NULL,76.6,78,0,0,10,22,NULL
372213,University of Phoenix Online,Phoenix,Arizona,4-year,Private for-profit,Doctoral/Research Universities,170144,100,126411,100,NULL,NULL,3911,27,NULL,NULL,0.9,4,7.3,4,60.6,30,34.7,15,2,0,1144
372222,University of Phoenix-San Diego Campus,San Diego,California,4-year,Private for-profit,Masters Colleges and Universities--larger programs,5340,100,4569,95,NULL,NULL,3649,14,NULL,NULL,0.9,4,16,24,44.3,9,50.5,45,9.1,18,231
372329,Institute of Business and Medical Careers,Fort Collins,Colorado,2-year,Private for-profit,Associates--Private For-profit,258,100,1710,95,NULL,NULL,7500,97,NULL,NULL,51.9,66,78.8,88,85,82,86.5,94,26.8,31,212
372578,ITT Technical Institute at Lake Mary,Lake Mary,Florida,4-year,Private for-profit,Other technology-related schools,269,68,326,18,NULL,NULL,4375,51,NULL,NULL,NULL,NULL,NULL,NULL,68,47,NULL,NULL,22,59,NULL
372772,Heritage Institute - Jacksonville,Jacksonville,Florida,2-year,Private for-profit,Associates--Private For-profit,279,100,393,39,NULL,NULL,3538,15,NULL,NULL,6.4,6,62.4,54,91.6,94,68.5,52,27.8,32,250
372921,Medix College,Smyrna,Georgia,2-year,Private for-profit,Associates--Private For-profit,617,100,1112,84,NULL,NULL,4317,51,NULL,NULL,22.9,25,55.6,37,66.4,44,53.4,16,24.2,24,757
372958,Remington College at Honolulu,Honolulu,Hawaii,4-year,Private not-for-profit,Baccalaureate/Associates Colleges,495,100,963,35,NULL,NULL,4438,6,NULL,NULL,64.3,81,64.3,69,81.4,96,NULL,NULL,28.9,17,14
373058,Vatterott College - Des Moines,Des Moines,Iowa,2-year,Private for-profit,Associates--Private For-profit,239,100,419,42,NULL,NULL,3308,9,NULL,NULL,46.2,59,47.5,25,39.6,9,55.2,18,20,16,221
373085,Brown Mackie College - Quad Cities,Bettendorf,Iowa,2-year,Private for-profit,Associates--Private For-profit,364,100,395,40,NULL,NULL,3611,17,NULL,NULL,13.8,15,32.2,11,84.3,80,44.4,9,4.9,1,87
373827,New England School of Communications,Bangor,Maine,4-year,Private not-for-profit,Other special-focus institutions,457,93.9,465,18,NULL,NULL,3602,3,NULL,NULL,34.5,37,37.9,18,45.3,68,68.2,30,26.5,15,116
374875,Kaplan College (Las Vegas),Las Vegas,Nevada,2-year,Private for-profit,Associates--Private For-profit,994,100,1495,92,NULL,NULL,3403,11,NULL,NULL,0,0,70.3,73,31.6,4,75.3,71,46.2,59,529
374972,Bryant & Stratton College Southtowns,Orchard Park,New York,4-year,Private for-profit,Associates--Private For-profit 4-year Primarily Associates,570,55.4,571,48,NULL,NULL,4901,70,NULL,NULL,NULL,NULL,NULL,NULL,73.1,66,NULL,NULL,15.5,43,NULL
375230,Yeshiva Gedolah Imrei Yosef D'Spinka,Brooklyn,New York,4-year,Private not-for-profit,Theological seminaries- Bible colleges- and other faith-related institutions,125,100,130,3,NULL,NULL,5564,11,NULL,NULL,0,0,66.7,72,96.2,99,81.8,69,75,78,3
375416,Remington College Cleveland Campus,Cleveland,Ohio,2-year,Private not-for-profit,Associates--Private For-profit,438,100,604,78,NULL,NULL,3750,28,NULL,NULL,39.6,41,57.1,51,78.3,87,41.8,9,54,55,513
375489,Brown Mackie College at Findlay,Findlay,Ohio,4-year,Private for-profit,Associates--Private For-profit,448,100,512,41,NULL,NULL,4228,44,NULL,NULL,NULL,NULL,NULL,NULL,78.2,82,0,0,8.5,15,NULL
375841,Le Cordon Bleu College of Culinary Arts - Portland,Portland,Oregon,2-year,Private for-profit,Associates--Private For-profit,563,100,805,73,NULL,NULL,4830,68,NULL,NULL,32.5,40,57.8,41,65.1,39,69,52,57.1,71,329
375939,YTI Career Institute at Altoona,Altoona,Pennsylvania,2-year,Private for-profit,Not applicable- not in Carnegie universe,405,100,460,48,NULL,NULL,4174,42,NULL,NULL,61.7,77,66.4,64,72.4,56,61.6,32,53.5,67,214
377069,"ITT Technical Institute (San Antonio, Tex.)",San Antonio,Texas,4-year,Private for-profit,Associates--Private For-profit,585,78.5,689,58,NULL,NULL,3969,29,NULL,NULL,NULL,NULL,NULL,NULL,62.8,34,0,0,5.6,6,NULL
377111,Remington College at Fort Worth,Fort Worth,Texas,2-year,Private not-for-profit,Associates--Private For-profit,408,100,859,88,NULL,NULL,3978,42,NULL,NULL,47.7,49,69.5,69,74.2,76,73.6,71,48.7,47,509
377342,Vista College,Clearfield,Utah,2-year,Private for-profit,Associates--Private For-profit,207,100,324,31,NULL,NULL,3222,8,NULL,NULL,12.2,14,19.5,2,52.8,22,80,82,25,26,41
377449,Centura College - Newport News,Newport News,Virginia,2-year,Private for-profit,Associates--Private For-profit,138,62.3,263,23,NULL,NULL,4282,50,NULL,NULL,66.7,84,66.7,64,36.9,8,50,12,34.6,42,30
377458,Centura College - Norfolk,Norfolk,Virginia,2-year,Private for-profit,Associates--Private For-profit,260,65.4,388,38,NULL,NULL,4100,38,NULL,NULL,70.2,87,70.2,73,34.5,6,51.2,14,42.4,56,57
377546,Northwest College of Art,Poulsbo,Washington,4-year,Private for-profit,Schools of art- music- and design,94,94.7,115,2,NULL,NULL,6425,92,NULL,NULL,36.1,79,36.1,72,41.2,6,64.3,66,0,0,36
377555,University of Washington-Bothell Campus,Bothell,Washington,4-year,Public,Masters Colleges and Universities--medium programs,4104,83.6,3545,30,1014,46,12589,97,12245,83,42.6,85,67.6,87,34.5,37,78.6,66,63.1,50,148
377564,University of Washington-Tacoma Campus,Tacoma,Washington,4-year,Public,Masters Colleges and Universities--medium programs,3626,85.9,3326,28,963,23,13013,97,12538,84,29.5,67,49.4,56,46.4,75,77.7,63,70.1,66,176
378406,ITT Technical Institute at Torrance,Torrance,California,4-year,Private for-profit,Other technology-related schools,457,78.8,522,42,NULL,NULL,4651,61,NULL,NULL,10.5,25,10.5,10,76.3,77,NULL,NULL,9.4,19,19
378576,Pacific College of Oriental Medicine-San Diego,San Diego,California,4-year,Private for-profit,Other health professions schools,125,38.4,114,2,NULL,NULL,3188,6,NULL,NULL,NULL,NULL,NULL,NULL,48,11,NULL,NULL,12.8,34,NULL
379029,Sanford-Brown Institute at Tampa,Tampa,Florida,2-year,Private for-profit,Associates--Private For-profit,317,100,629,62,NULL,NULL,5906,87,NULL,NULL,16.8,18,40.9,18,56,25,71.9,62,57.1,71,345
379782,Center for Advanced Legal Studies,Houston,Texas,4-year,Private for-profit,Associates--Private For-profit 4-year Primarily Associates,125,100,114,2,NULL,NULL,3648,13,NULL,NULL,NULL,NULL,NULL,NULL,61.7,32,NULL,NULL,18.8,50,NULL
380094,"Remington College (Houston, Tex.)",Houston,Texas,2-year,Private not-for-profit,Associates--Private For-profit,354,100,552,73,NULL,NULL,3915,39,NULL,NULL,68.3,82,76.2,83,77.7,85,67,58,80,77,328
380359,Bay Mills Community College,Brimley,Michigan,2-year,Public,Tribal Colleges,531,56.1,436,3,NULL,NULL,4290,62,9208,98,5.7,29,16,33,56,82,55.3,39,100,99,106
380368,Fond du Lac Tribal and Community College,Cloquet,Minnesota,2-year,Public,Tribal Colleges,2272,36.3,1301,17,NULL,NULL,4581,70,NULL,NULL,8.2,44,19.7,48,31,23,47.4,11,38,65,183
380377,Northwest Indian College,Bellingham,Washington,4-year,Public,Tribal Colleges,681,75.5,548,1,NULL,NULL,5653,41,NULL,NULL,0,0,0,0,82.5,100,25,0,33.7,8,1
380438,Provo College,Provo,Utah,2-year,Private for-profit,Associates--Private For-profit,336,40.8,433,44,NULL,NULL,4495,57,NULL,NULL,75,91,76.1,82,64,36,82.7,87,24.3,25,88
380465,University of Phoenix-Utah Campus,Salt Lake City,Utah,4-year,Private for-profit,Masters Colleges and Universities--larger programs,1056,100,902,69,NULL,NULL,3422,8,NULL,NULL,2.2,7,19.9,33,45.4,10,43.8,29,17.1,47,136
381617,Baker College of Port Huron,Port Huron,Michigan,4-year,Private not-for-profit,Baccalaureate/Associates Colleges,1039,60.3,872,31,NULL,NULL,5380,10,7620,26,0,0,0,0,70.4,92,69.2,33,9.1,2,12
381732,Colorado School of Healing Arts,Lakewood,Colorado,2-year,Private for-profit,Associates--Private For-profit,201,59.2,180,12,NULL,NULL,1999,2,NULL,NULL,64,82,74,81,46.6,16,77.4,75,0,0,50
381787,Westwood College-Denver South,Denver,Colorado,4-year,Private for-profit,Baccalaureate Colleges--Diverse Fields,275,67.3,509,40,NULL,NULL,3716,16,NULL,NULL,27.3,66,27.3,55,77.1,79,0,0,8.6,16,33
381909,ITT Technical Institute at San Bernardino,San Bernardino,California,4-year,Private for-profit,Baccalaureate/Associates Colleges,730,83,874,67,NULL,NULL,4977,72,NULL,NULL,16.4,41,18.2,29,82.6,91,NULL,NULL,12.5,33,55
382504,King's College (N.C.),Charlotte,North Carolina,2-year,Private for-profit,Associates--Private For-profit,381,100,614,60,NULL,NULL,4617,60,NULL,NULL,82.9,97,82.9,93,79.4,73,70.2,57,39.1,49,275
382771,Miller-Motte Technical College at Clarksville,Clarksville,Tennessee,2-year,Private for-profit,Associates--Private For-profit,524,69.8,556,56,NULL,NULL,4559,59,NULL,NULL,2.1,1,16.7,2,84.4,80,65.5,43,22.6,20,48
382896,Kaplan College at Dallas,Dallas,Texas,2-year,Private for-profit,Associates--Private For-profit,357,100,519,53,NULL,NULL,4016,35,NULL,NULL,0,0,68.2,69,56.6,26,65.3,43,7.4,3,179
382911,Southwest College Institute For the Deaf,Big Spring,Texas,2-year,Public,Associates--Public Rural-serving Small,149,81.9,110,0,NULL,NULL,7982,100,6365,97,0,0,5.9,1,57.3,84,59,56,NULL,NULL,17
382957,Fortis College at Richmond,Richmond,Virginia,2-year,Private for-profit,Associates--Private For-profit,457,100,797,71,NULL,NULL,3917,29,NULL,NULL,27.1,33,56.7,40,61,30,54.4,18,33.3,39,402
383190,University of Hawaii Hawaii Community College,Hilo,Hawaii,2-year,Public,Associates--Public 2-year colleges under 4-year universities,3406,46.9,2137,34,NULL,NULL,4335,62,NULL,NULL,3.9,15,19.4,47,49.2,69,54,33,45.8,78,620
383950,Antonelli College at Hattiesburg,Hattiesburg,Mississippi,2-year,Private for-profit,Associates--Private For-profit,256,92.6,589,59,NULL,NULL,4429,55,NULL,NULL,33.7,43,33.7,12,97,98,58.6,26,40.9,52,83
383996,Eastern New Mexico University-Ruidoso Branch Community College,Ruidoso,New Mexico,2-year,Public,Associates--Public 2-year colleges under 4-year universities,895,26.3,511,4,NULL,NULL,3671,37,NULL,NULL,12.2,62,18.9,45,23.1,9,32.9,1,13.2,2,74
384209,Bryman School,Phoenix,Arizona,2-year,Private for-profit,Associates--Private For-profit,594,100,959,78,NULL,NULL,4467,56,NULL,NULL,76.7,92,83.7,93,70,50,79.2,80,63.2,78,288
384254,Beacon College (Fla.),Leesburg,Florida,4-year,Private not-for-profit,Baccalaureate Colleges--Arts & Sciences,190,98.9,192,7,NULL,NULL,3650,3,261,1,83.3,95,83.3,91,25.3,24,69.2,33,100,95,18
384333,Estrella Mountain Community College,Avondale,Arizona,2-year,Public,Associates--Public Urban-serving Multicampus,8832,31.8,4932,66,NULL,NULL,3293,25,NULL,NULL,4.3,18,12.2,17,45.7,60,61.4,67,18.7,8,812
384342,Heartland Community College,Normal,Illinois,2-year,Public,Associates--Public Rural-serving Large,5215,43,3958,57,NULL,NULL,3696,38,763,49,9,48,22.7,59,25.9,13,60,60,29.5,40,633
384412,Potomac College,Washington,District of Columbia,4-year,Private for-profit,Schools of business and management,330,100,392,28,NULL,NULL,4004,31,NULL,NULL,NULL,NULL,NULL,NULL,63.1,35,33.3,8,100,98,NULL
385008,Sanford-Brown Institute-Ft. Lauderdale,Fort Lauderdale,Florida,2-year,Private for-profit,Not applicable- not in Carnegie universe,477,97.5,836,74,NULL,NULL,5156,76,NULL,NULL,26.1,30,68.2,69,65.5,40,59.3,27,38.2,48,261
385503,Fortis Institute at Scranton,Scranton,Pennsylvania,2-year,Private for-profit,Associates--Private For-profit,464,87.9,675,65,NULL,NULL,3917,29,NULL,NULL,22.9,25,51.3,30,61,30,60.3,28,32.5,38,384
385619,American Flyers College,Boca Raton,Florida,4-year,Private not-for-profit,Baccalaureate Colleges--Diverse Fields,1184,100,1091,39,NULL,NULL,3618,3,NULL,NULL,57.7,73,62,64,55.6,83,71.7,40,37.6,29,142
386472,Herzing University (Fla.),Winter Park,Florida,4-year,Private for-profit,Baccalaureate/Associates Colleges,378,67.7,507,40,NULL,NULL,4457,54,NULL,NULL,33.3,75,77.8,95,64.7,38,40,20,61.1,93,9
387925,Florida College of Natural Health at Pompano Beach,Pompano Beach,Florida,2-year,Private for-profit,Associates--Private For-profit,262,100,278,27,NULL,NULL,3359,10,NULL,NULL,56,71,71.1,75,52.1,22,47.1,11,42.9,56,339
388043,National College of Business and Technology at Nashville,Nashville,Tennessee,2-year,Private for-profit,Associates--Private For-profit,710,70.8,721,67,NULL,NULL,5423,81,NULL,NULL,30.8,37,38.5,15,85.9,84,33.3,4,12,8,26
388520,College of Biblical Studies at Houston,Houston,Texas,4-year,Private not-for-profit,Theological seminaries- Bible colleges- and other faith-related institutions,498,14.9,292,11,NULL,NULL,3451,3,4939,17,0,0,50,40,45.1,67,50,6,47.2,43,2
389727,Virginia College at Pensacola,Pensacola,Florida,2-year,Private for-profit,Associates--Private For-profit,365,67.4,326,32,NULL,NULL,4349,53,NULL,NULL,20.7,22,24.1,5,85.2,82,54.8,18,24.1,24,29
390701,Everest University-South Orlando Campus,Orlando,Florida,4-year,Private for-profit,Baccalaureate/Associates Colleges,29460,52.1,27959,99,NULL,NULL,4869,68,NULL,NULL,27.7,67,35.4,71,85.9,96,36.4,16,3,1,65
392257,Academy of Health Care Professions,Houston,Texas,2-year,Private for-profit,Associates--Private For-profit,810,100,1077,83,NULL,NULL,3876,28,NULL,NULL,58.9,73,84.9,93,72.9,57,79.3,80,33.3,39,370
392840,"Watkins College of Art, Design & Film",Nashville,Tennessee,4-year,Private not-for-profit,Schools of art- music- and design,363,69.1,267,11,971,20,7078,17,7955,26,16.7,9,37,16,44.7,66,64.4,22,36,27,54
395362,Copper Mountain College,Joshua Tree,California,2-year,Public,Associates--Public Suburban-serving Single Campus,1783,42.1,1287,16,NULL,NULL,3541,32,NULL,NULL,6.7,34,21.5,55,57.2,84,57.3,48,26.7,31,163
398130,Mt. Sierra College,Monrovia,California,4-year,Private for-profit,Baccalaureate Colleges--Diverse Fields,538,63.2,487,37,NULL,NULL,5200,77,NULL,NULL,28.9,69,35.6,71,71.5,60,57.1,55,0,0,45
398574,WyoTech at Long Beach,Long Beach,California,2-year,Private for-profit,Associates--Private For-profit,1400,100,2453,97,NULL,NULL,4008,34,NULL,NULL,53.8,68,67.1,66,70.5,52,70.1,56,77.8,87,1419
399212,Santiago Canyon College,Orange,California,2-year,Public,Associates--Public Suburban-serving Multicampus,10939,17.7,6050,74,NULL,NULL,2059,2,126,11,10.3,54,31.6,84,11.7,1,71.9,93,24.6,24,936
399869,Southern California Institute of Technology,Anaheim,California,4-year,Private for-profit,Baccalaureate Colleges--Diverse Fields,496,100,830,65,NULL,NULL,7549,96,NULL,NULL,65.7,95,65.7,93,76.1,76,66.7,68,23.5,62,67
399911,Soka University of America,Aliso Viejo,California,4-year,Private not-for-profit,Baccalaureate Colleges--Arts & Sciences,412,100,446,17,1213,85,28595,94,2505435,100,78.2,91,84.2,92,30.3,34,96.1,96,68.1,72,101
401223,World Mission University,Los Angeles,California,4-year,Private not-for-profit,Theological seminaries- Bible colleges- and other faith-related institutions,122,59.8,62,0,NULL,NULL,1939,1,NULL,NULL,0,0,0,0,50,76,100,99,83.3,85,4
402776,Art Center Design College (N.M.),Albuquerque,New Mexico,4-year,Private for-profit,Schools of art- music- and design,224,56.7,289,15,NULL,NULL,2418,1,NULL,NULL,28.6,69,57.1,90,53.7,18,80,83,72.2,96,28
403469,Illinois Eastern Community Colleges Frontier Community College,Fairfield,Illinois,2-year,Public,Associates--Public Rural-serving Large,2194,10.3,854,8,NULL,NULL,944,0,NULL,NULL,42.9,97,57.1,98,10.6,0,76.3,97,5.3,0,7
403478,Illinois Eastern Community Colleges Lincoln Trail College,Robinson,Illinois,2-year,Public,Associates--Public Rural-serving Medium,972,43.3,717,7,NULL,NULL,2540,7,NULL,NULL,37.7,96,43.5,95,29.6,20,64.6,79,25.4,27,69
403487,Illinois Eastern Community Colleges Wabash Valley College,Mount Carmel,Illinois,2-year,Public,Associates--Public Rural-serving Large,4512,12.3,2142,34,NULL,NULL,881,0,NULL,NULL,39.5,97,44.4,96,7.5,0,61.7,69,42.5,73,81
404055,Brookline College at Tempe,Tempe,Arizona,2-year,Private for-profit,Associates--Private For-profit,223,100,275,26,NULL,NULL,4187,43,NULL,NULL,57.3,71,57.3,41,71.2,53,51.5,14,83.3,91,632
404073,Baker College of Auburn Hills,Auburn Hills,Michigan,4-year,Private not-for-profit,Baccalaureate/Associates Colleges,3082,42.5,2268,71,NULL,NULL,4392,6,8737,29,0,0,8,1,60.7,87,53.8,9,11.8,3,25
404082,Baker College of Clinton Township,Clinton Township,Michigan,4-year,Private not-for-profit,Baccalaureate/Associates Colleges,4358,51.7,3392,86,NULL,NULL,3984,4,9745,33,0,0,13.6,2,67.6,91,42.2,2,8.2,2,22
404338,Schiller International University,Largo,Florida,4-year,Private for-profit,Schools of business and management,128,100,142,4,NULL,NULL,5145,75,NULL,NULL,0,0,0,0,77.9,81,33.3,8,5.9,7,9
404365,Vatterott College - Springfield,Springfield,Missouri,2-year,Private for-profit,Associates--Private For-profit,312,100,522,53,NULL,NULL,3546,15,NULL,NULL,47.3,60,48.8,27,47.4,17,55.2,18,26.7,29,203
404374,Vatterott College - Joplin,Joplin,Missouri,2-year,Private for-profit,Associates--Private For-profit,236,100,302,29,NULL,NULL,4017,35,NULL,NULL,26.7,31,31.5,10,31.5,3,56,20,26.7,29,146
404383,Vatterott College-Kansas City,Kansas City,Missouri,2-year,Private for-profit,Associates--Private For-profit,540,100,838,74,NULL,NULL,4377,53,NULL,NULL,40.6,52,45,22,26.9,2,61.2,31,38.2,48,298
404426,Coconino County Community College,Flagstaff,Arizona,2-year,Public,Associates--Public Rural-serving Medium,3694,27.3,2100,33,NULL,NULL,3621,35,174,16,2.2,5,4.8,1,33,27,44.8,7,20.1,11,462
404499,Sanford-Brown College-Houston,Houston,Texas,2-year,Private for-profit,Associates--Private For-profit,756,97.6,677,66,NULL,NULL,4977,72,NULL,NULL,11.6,13,53.9,35,56.1,26,71.9,62,25.8,28,739
404505,Sanford-Brown Institute at Jacksonville,Jacksonville,Florida,2-year,Private for-profit,Associates--Private For-profit,360,90.3,616,61,NULL,NULL,5342,80,NULL,NULL,32.9,41,59.7,46,66.1,43,61.5,31,39.4,50,243
404514,Sanford-Brown College at Dallas,Dallas,Texas,2-year,Private for-profit,Associates--Private For-profit,588,100,574,58,NULL,NULL,5163,76,NULL,NULL,17.8,20,52.2,32,61.1,31,57.4,24,37.5,47,343
404648,Baker College of Cadillac,Cadillac,Michigan,4-year,Private not-for-profit,Baccalaureate/Associates Colleges,1545,58.4,1358,48,NULL,NULL,4500,7,8164,27,0,0,0,0,71.3,92,83.3,74,8,2,12
404912,Pima Medical Institute at Denver,Denver,Colorado,2-year,Private for-profit,Associates--Private For-profit,951,100,1467,92,NULL,NULL,4268,49,NULL,NULL,18.2,20,65.7,63,47.9,17,74.2,68,49,62,1086
404921,Fortis College at Miami,Miami,Florida,2-year,Private for-profit,Associates--Private For-profit,88,100,409,42,NULL,NULL,5085,75,NULL,NULL,23.7,26,67.9,68,53.3,23,58,25,39.1,49,430
404994,ASA Institute of Business & Computer Technology,Brooklyn,New York,2-year,Private for-profit,Associates--Private For-profit,4706,92.8,6312,100,NULL,NULL,6714,92,NULL,NULL,24.7,28,31.6,10,80.7,75,34.4,5,19.4,16,2011
405058,Yeshivas Novominsk,Brooklyn,New York,4-year,Private not-for-profit,Theological seminaries- Bible colleges- and other faith-related institutions,118,100,145,4,NULL,NULL,6022,13,NULL,NULL,0,0,5.6,0,33.1,40,79.6,63,100,95,18
405854,Rabbinical College Ohr Shimon Yisroel,Brooklyn,New York,4-year,Private not-for-profit,Theological seminaries- Bible colleges- and other faith-related institutions,155,100,152,5,NULL,NULL,8702,23,NULL,NULL,0,0,39.5,21,97.3,100,58.3,13,40,32,38
405872,Carroll Community College,Westminster,Maryland,2-year,Public,Associates--Public Suburban-serving Single Campus,3785,38,2682,42,NULL,NULL,3080,19,1463,68,8.5,46,26.2,71,23.7,10,70.3,91,18.9,8,684
405979,University of Phoenix-Tucson Campus,Tucson,Arizona,4-year,Private for-profit,Masters Colleges and Universities--larger programs,1414,100,1220,78,NULL,NULL,3949,29,NULL,NULL,1.4,6,22.8,42,61.9,33,50,38,9.8,21,145
405988,University of Phoenix-Colorado Campus,Lone Tree,Colorado,4-year,Private for-profit,Masters Colleges and Universities--larger programs,1163,100,910,69,NULL,NULL,3415,8,NULL,NULL,0,0,15.6,23,46.4,10,56.4,53,12.2,31,128
405997,University of Phoenix-Albuquerque Campus,Albuquerque,New Mexico,4-year,Private for-profit,Masters Colleges and Universities--larger programs,2098,100,2047,88,NULL,NULL,3886,25,NULL,NULL,1.6,7,25.8,52,70.3,55,56.8,54,10.1,23,500
406006,University of Phoenix-Northern California Campus,San Jose,California,4-year,Private for-profit,Masters Colleges and Universities--larger programs,1374,100,1199,77,NULL,NULL,3634,13,NULL,NULL,0.9,4,11.6,12,53.5,18,46.3,35,6.9,10,232
406015,University of Phoenix-Southern California Campus,Costa Mesa,California,4-year,Private for-profit,Masters Colleges and Universities--larger programs,8309,100,6998,97,NULL,NULL,3819,21,NULL,NULL,0.8,3,14.8,20,54.6,19,68,72,7.5,12,1064
406024,Galen School of Nursing at Tampa Bay,Saint Petersburg,Florida,2-year,Private for-profit,Associates--Private For-profit,790,54.1,800,72,NULL,NULL,3320,10,NULL,NULL,50,63,59.5,46,53.6,24,47.1,11,62.7,77,148
406033,Galen College of Nursing at San Antonio,San Antonio,Texas,2-year,Private for-profit,Associates--Private For-profit,1119,63.9,1280,87,NULL,NULL,3265,9,NULL,NULL,50.7,64,60.9,49,62.4,33,68.1,50,60,74,304
406194,Westwood College - DuPage,Woodridge,Illinois,4-year,Private for-profit,Baccalaureate Colleges--Diverse Fields,186,68.3,379,26,NULL,NULL,3271,6,NULL,NULL,52,92,52,88,71.9,61,57.1,55,9.7,20,75
406200,Wright Career College,Overland Park,Kansas,4-year,Private not-for-profit,Associates--Private Not-for-profit,1763,100,3107,84,NULL,NULL,9862,27,NULL,NULL,NULL,NULL,NULL,NULL,83.8,97,71.8,40,19.1,7,NULL
406219,Daymar College at Louisville,Louisville,Kentucky,4-year,Private for-profit,Associates--Private For-profit,189,66.7,293,15,NULL,NULL,4358,50,NULL,NULL,NULL,NULL,NULL,NULL,50.1,14,NULL,NULL,25.6,67,NULL
406547,City College at Gainesville,Gainesville,Florida,4-year,Private not-for-profit,Baccalaureate/Associates Colleges,444,76.8,425,16,NULL,NULL,5023,9,43,0,NULL,NULL,NULL,NULL,90.3,99,NULL,NULL,4.3,1,NULL
407063,ITT Technical Institute at Jacksonville,Jacksonville,Florida,4-year,Private for-profit,Other technology-related schools,591,74.6,707,59,NULL,NULL,3900,26,NULL,NULL,NULL,NULL,NULL,NULL,62.9,35,0,0,11.8,30,NULL
407285,Minnesota School of Business at Brooklyn Center,Brooklyn Center,Minnesota,4-year,Private for-profit,Baccalaureate/Associates Colleges,169,59.2,215,9,NULL,NULL,6063,90,NULL,NULL,12.5,28,25,48,75.4,74,NULL,NULL,43.8,88,8
407319,"ITT Technical Institute (Omaha, Neb.)",Omaha,Nebraska,4-year,Private for-profit,Other technology-related schools,505,68.1,549,46,NULL,NULL,4054,35,NULL,NULL,NULL,NULL,NULL,NULL,72.7,64,NULL,NULL,14.5,39,NULL
407328,Omaha School of Massage and Healthcare of Herzing University,Omaha,Nebraska,2-year,Private for-profit,Associates--Private For-profit,121,90.9,166,9,NULL,NULL,3753,21,NULL,NULL,63.6,81,63.6,58,66.2,43,75.9,72,21.1,18,22
408039,Brown Mackie College-Fort Wayne,Fort Wayne,Indiana,4-year,Private for-profit,Associates--Private For-profit 4-year Primarily Associates,659,100,881,68,NULL,NULL,4258,45,NULL,NULL,0,0,0,0,81.6,90,100,91,15,41,16
408394,Texas State Technical College at Marshall,Marshall,Texas,2-year,Public,Associates--Public Rural-serving Small,755,51.9,623,5,NULL,NULL,5798,90,429,37,16.8,77,33.7,88,44.9,58,56.2,43,76.6,97,95
408844,Florida National College,Hialeah,Florida,4-year,Private for-profit,Associates--Private For-profit 4-year Primarily Associates,2420,72.5,4075,94,NULL,NULL,5086,74,NULL,NULL,NULL,NULL,NULL,NULL,85,95,78.4,82,61.5,93,NULL
409069,ITT Technical Institute at Fort Lauderdale,Fort Lauderdale,Florida,4-year,Private for-profit,Other technology-related schools,531,72.7,543,45,NULL,NULL,4916,70,NULL,NULL,0,0,0,0,74.7,72,100,91,14.1,37,3
409315,South Texas College,McAllen,Texas,4-year,Public,Associates--Public 4-year Primarily Associates,31232,33.1,19701,88,NULL,NULL,3991,6,17,0,0,0,100,100,42.3,64,85.7,84,55.4,37,4
409670,Everest Institute - Kendall,Miami,Florida,2-year,Private for-profit,Associates--Private For-profit,461,83.5,653,63,NULL,NULL,4145,41,NULL,NULL,59.4,74,66.3,63,74.1,60,69.7,55,27.6,31,406
409698,California State University-Monterey Bay,Seaside,California,4-year,Public,Masters Colleges and Universities--smaller programs,5306,93.4,4805,39,976,29,9082,90,3085,39,12,19,38.3,30,47.6,78,81.2,72,45.7,20,734
409874,Heald College at Salinas,Salinas,California,2-year,Private for-profit,Associates--Private For-profit,1076,70.4,1293,88,NULL,NULL,5359,80,NULL,NULL,40.5,52,46.6,24,87,86,71.8,62,24.6,25,131
410070,Heritage College (Okla.),Oklahoma City,Oklahoma,2-year,Private for-profit,Associates--Private For-profit,722,100,875,76,NULL,NULL,3487,13,NULL,NULL,6.2,5,61.1,50,69.1,49,56.4,21,64.2,78,519
410283,Brown Mackie College at Atlanta,Atlanta,Georgia,2-year,Private for-profit,Associates--Private For-profit,1033,100,904,77,NULL,NULL,3999,33,NULL,NULL,5.7,3,22.7,4,80.2,75,30.5,3,16.1,12,282
410496,Bryant & Stratton College at Henrietta,Rochester,New York,2-year,Private for-profit,Associates--Private For-profit,412,71.1,580,58,NULL,NULL,5699,85,NULL,NULL,25.4,30,31.3,10,75.1,63,34.7,5,23.2,21,67
410502,Art Institute of California-Hollywood,North Hollywood,California,4-year,Private for-profit,Schools of art- music- and design,1906,60.7,1975,87,NULL,NULL,5067,74,NULL,NULL,14,33,20,34,68.6,48,64.9,67,15.2,42,50
410520,Sage College,Moreno Valley,California,2-year,Private for-profit,Associates--Private For-profit,447,40.9,303,29,NULL,NULL,4248,47,NULL,NULL,5.9,4,5.9,0,64.9,38,66.7,46,66.7,81,17
410539,Anthem College - Aurora,Aurora,Colorado,2-year,Private for-profit,Associates--Private For-profit,207,100,431,43,NULL,NULL,4199,44,NULL,NULL,63.4,80,78.9,88,67.3,44,73.7,67,71.4,83,71
412599,Remington College at Memphis,Memphis,Tennessee,4-year,Private not-for-profit,Associates--Private For-profit 4-year Primarily Associates,814,100,1467,52,NULL,NULL,4111,5,NULL,NULL,NULL,NULL,NULL,NULL,80.6,96,NULL,NULL,68.8,72,NULL
413413,Capella University,Minneapolis,Minnesota,4-year,Private for-profit,Doctoral/Research Universities,7947,16.2,5631,96,NULL,NULL,4897,69,NULL,NULL,0,0,0,0,44.2,9,NULL,NULL,17.2,47,3
413617,College of Menominee Nation,Keshena,Wisconsin,4-year,Private not-for-profit,Tribal Colleges,661,32.8,466,18,NULL,NULL,6377,14,8846,29,NULL,NULL,NULL,NULL,58,85,66.7,26,51.6,49,NULL
413626,Leech Lake Tribal College,Cass Lake,Minnesota,2-year,Public,Tribal Colleges,348,79,244,1,NULL,NULL,7755,99,10318,99,5.2,25,10.3,11,81.4,99,37.5,2,72.7,96,58
413839,ITT Technical Institute at Little Rock,Little Rock,Arkansas,4-year,Private for-profit,Other technology-related schools,289,81.7,306,17,NULL,NULL,3772,18,NULL,NULL,9.1,19,18.2,29,73.8,68,NULL,NULL,2.6,1,11
413848,ITT Technical Institute at Oxnard,Oxnard,California,4-year,Private for-profit,Baccalaureate/Associates Colleges,312,83.7,339,21,NULL,NULL,3891,25,NULL,NULL,13.3,31,33.3,65,62.7,34,NULL,NULL,10.3,24,15
413857,"ITT Technical Institute (Louisville, Ky.)",Louisville,Kentucky,4-year,Private for-profit,Other technology-related schools,547,68.7,592,50,NULL,NULL,3292,6,NULL,NULL,15.4,39,23.1,42,70.7,56,NULL,NULL,23.9,64,13
413866,"ITT Technical Institute (Greenville, S.C.)",Greenville,South Carolina,4-year,Private for-profit,Other technology-related schools,353,80.7,368,24,NULL,NULL,3772,18,NULL,NULL,NULL,NULL,NULL,NULL,70.7,56,NULL,NULL,8.3,15,NULL
413884,"ITT Technical Institute (Cordova, Tenn.)",Cordova,Tennessee,4-year,Private for-profit,Other technology-related schools,552,72.8,550,46,NULL,NULL,3836,22,NULL,NULL,7.7,15,7.7,5,75.4,74,NULL,NULL,8.6,16,26
414160,Baker College of Jackson,Jackson,Michigan,4-year,Private not-for-profit,Baccalaureate/Associates Colleges,2239,47.8,1695,59,NULL,NULL,4307,6,9056,31,5.3,2,10.5,2,71.6,92,48.3,5,3.9,0,19
414531,"ITT Technical Institute (Everett, Wash.)",Everett,Washington,4-year,Private for-profit,Other technology-related schools,271,74.2,318,17,NULL,NULL,5319,80,NULL,NULL,0,0,16.7,25,54.2,19,NULL,NULL,14.3,38,6
414568,ITT Technical Institute at Bessemer,Bessemer,Alabama,4-year,Private for-profit,Other technology-related schools,538,71.7,569,47,NULL,NULL,3871,24,NULL,NULL,19,47,23.8,44,72.6,63,0,0,17.6,48,21
414586,"ITT Technical Institute (Matteson, Ill.)",Orland Park,Illinois,4-year,Private for-profit,Other technology-related schools,527,58.1,489,38,NULL,NULL,4405,52,NULL,NULL,NULL,NULL,NULL,NULL,68.6,48,NULL,NULL,26.8,69,NULL
414595,Pacific College of Oriental Medicine-New York,New York,New York,4-year,Private for-profit,Other health professions schools,145,31,89,1,NULL,NULL,3506,9,NULL,NULL,NULL,NULL,NULL,NULL,43.5,8,NULL,NULL,12.6,34,NULL
414708,Baker College Center For Graduate Studies,Flint,Michigan,4-year,Private not-for-profit,Masters Colleges and Universities--larger programs,4513,28.4,2915,81,NULL,NULL,3405,2,8465,28,0,0,0,0,54.1,82,NULL,NULL,2.6,0,1
414823,Johnson & Wales University (Fla.),North Miami,Florida,4-year,Private not-for-profit,Baccalaureate/Associates Colleges,1952,97.3,2051,68,NULL,NULL,13719,50,15146,45,31.2,31,43.2,27,55.9,83,69.7,34,62.9,64,359
414841,"ITT Technical Institute (Pittsburgh, Pa.)",Pittsburgh,Pennsylvania,2-year,Private for-profit,Associates--Private For-profit,224,75,263,23,NULL,NULL,4276,49,NULL,NULL,13.9,15,25,5,72.5,56,43.8,9,9.4,4,36
414878,Trine University-Regional/Non-Traditional Campuses,Fort Wayne,Indiana,4-year,Private not-for-profit,Baccalaureate Colleges--Diverse Fields,438,67.8,417,16,NULL,NULL,4903,8,12929,41,0,0,0,0,56.8,84,75,49,NULL,NULL,2
414911,Pennsylvania Highlands Community College,Johnstown,Pennsylvania,2-year,Public,Associates--Public Rural-serving Medium,2506,39.3,1559,23,NULL,NULL,6098,92,123,11,0.8,1,15.5,30,26,13,57,47,17,6,258
416962,University of Phoenix at Las Vegas,Las Vegas,Nevada,4-year,Private for-profit,Masters Colleges and Universities--larger programs,1754,100,1500,83,NULL,NULL,3548,10,NULL,NULL,1.5,6,22.3,41,57.5,24,53.2,49,10.6,25,341
417318,College of Business and Technology,Miami,Florida,4-year,Private for-profit,Associates--Private For-profit,127,100,257,12,NULL,NULL,6500,93,NULL,NULL,NULL,NULL,NULL,NULL,100,100,62.5,62,53.8,91,NULL
417327,City College at Casselberry,Altamonte Springs,Florida,2-year,Private not-for-profit,Associates--Private Not-for-profit,425,70.6,318,54,NULL,NULL,4764,52,NULL,NULL,30.4,33,34.8,32,96.2,97,56.7,38,13.7,5,23
417734,Southeast Missouri Hospital College of Nursing and Health Sciences,Cape Girardeau,Missouri,2-year,Private not-for-profit,Associates--Private Not-for-profit,222,27.5,155,24,NULL,NULL,5256,66,NULL,NULL,50,56,50,43,50.7,37,NULL,NULL,90.9,89,8
418126,New York College of Health Professions,Syosset,New York,4-year,Private not-for-profit,Other health professions schools,537,58.1,528,20,NULL,NULL,2500,1,NULL,NULL,NULL,NULL,NULL,NULL,27.9,29,NULL,NULL,8.4,2,NULL
418870,Medvance Institute at Cookeville,Cookeville,Tennessee,2-year,Private for-profit,Associates--Private For-profit,247,100,451,47,NULL,NULL,4720,64,NULL,NULL,18.6,20,58.4,43,76.2,66,65,42,52.6,66,296
418889,North Central Institute,Clarksville,Tennessee,2-year,Private for-profit,Associates--Private For-profit,134,66.4,163,9,NULL,NULL,3698,20,NULL,NULL,54.8,69,76.2,83,16.4,1,72.9,66,71.4,83,42
419457,Argosy University-Washington DC,Arlington,Virginia,4-year,Private for-profit,Other health professions schools,134,13.4,74,0,NULL,NULL,3831,22,NULL,NULL,0,0,50,86,54.9,20,0,0,15.8,44,2
419509,University of Phoenix-Sacramento Campus,Sacramento,California,4-year,Private for-profit,Masters Colleges and Universities--larger programs,2796,100,2392,90,NULL,NULL,3952,29,NULL,NULL,0.3,0,17,27,56.8,23,64.7,66,10.1,23,399
420006,Everest University-Melbourne Campus,Melbourne,Florida,4-year,Private for-profit,Baccalaureate/Associates Colleges,492,74.6,660,56,NULL,NULL,4459,54,NULL,NULL,25,60,25,48,82.1,90,NULL,NULL,26.8,69,4
420024,Centura College - Chesapeake,Chesapeake,Virginia,2-year,Private for-profit,Associates--Private For-profit,166,73.5,268,25,NULL,NULL,3952,31,NULL,NULL,60,75,60,47,35.4,6,48.3,11,31.6,36,25
420042,University of Phoenix-Hawaii,Honolulu,Hawaii,4-year,Private for-profit,Masters Colleges and Universities--medium programs,1281,100,1060,73,NULL,NULL,3523,9,NULL,NULL,0.6,2,21.8,39,44,8,73.1,77,10.4,25,156
420103,Florida College of Natural Health at Miami,Miami,Florida,2-year,Private for-profit,Associates--Private For-profit,201,100,241,20,NULL,NULL,3569,16,NULL,NULL,34.3,45,73.6,79,44.9,14,53.3,16,9.1,4,201
420307,Virginia College at Birmingham,Birmingham,Alabama,4-year,Private for-profit,Masters Colleges and Universities--smaller programs,3741,63.6,8062,97,NULL,NULL,3771,18,NULL,NULL,24,58,28,56,79.7,85,26.7,4,27.1,70,50
420316,Virginia College at Huntsville,Huntsville,Alabama,4-year,Private for-profit,Baccalaureate/Associates Colleges,567,70.2,434,33,NULL,NULL,4024,33,NULL,NULL,14.3,34,14.3,17,80.7,88,40.9,24,27.7,70,7
420398,Northwest Vista College,San Antonio,Texas,2-year,Public,Associates--Public Urban-serving Multicampus,15965,24.4,9683,88,NULL,NULL,3877,46,NULL,NULL,2.7,8,10.5,12,28.2,17,62.4,71,17.5,6,1641
420404,"ITT Technical Institute (Getzville, N.Y.)",Getzville,New York,2-year,Private for-profit,Associates--Private For-profit,381,78.2,425,42,NULL,NULL,4192,44,NULL,NULL,32.2,39,45.2,22,76,64,42.5,8,6.9,2,115
420431,Sandersville Technical College,Sandersville,Georgia,2-year,Public,Associates--Public Rural-serving Small,1869,29.6,1408,19,NULL,NULL,4684,73,NULL,NULL,22.2,87,36.6,91,61.1,89,44.3,7,33.9,53,284
420440,York County Community College,Wells,Maine,2-year,Public,Associates--Public Rural-serving Small,1583,40.1,927,10,NULL,NULL,3206,22,1004,57,6.1,31,17.3,38,44.9,58,62.9,73,15.1,3,197
420495,Sanford-Brown College at Atlanta,Atlanta,Georgia,2-year,Private for-profit,Associates--Private For-profit,360,98.6,538,54,NULL,NULL,5244,78,NULL,NULL,21.3,23,53.4,34,58.4,29,74.4,68,45.5,58,470
420501,Sanford-Brown College - Cleveland,Middleburg Heights,Ohio,2-year,Private for-profit,Associates--Private For-profit,495,96.6,614,60,NULL,NULL,5023,73,NULL,NULL,37.7,48,57.9,41,59.7,30,66.2,45,76,87,409
420538,Arkansas State University at Mountain Home,Mountain Home,Arkansas,2-year,Public,Associates--Public 2-year colleges under 4-year universities,1238,71.8,1179,14,NULL,NULL,3863,46,NULL,NULL,27.5,92,28.4,76,81.2,99,55.8,41,56.5,91,211
420556,Columbia Gorge Community College,The Dalles,Oregon,2-year,Public,Associates--Public Rural-serving Small,974,34.1,805,8,NULL,NULL,7742,99,234,23,19.6,83,41.1,94,46.5,62,35,1,14.4,2,56
420723,Tillamook Bay Community College,Tillamook,Oregon,2-year,Public,Associates--Public Rural-serving Small,514,44.2,283,2,NULL,NULL,3666,37,NULL,NULL,17.9,80,32.1,85,70.2,96,54,33,17.3,6,28
421009,University of Phoenix-Louisiana Campus,Metairie,Louisiana,4-year,Private for-profit,Schools of business and management,428,NULL,368,24,NULL,NULL,4041,34,NULL,NULL,NULL,NULL,NULL,NULL,69.8,53,NULL,NULL,NULL,NULL,NULL
421018,University of Phoenix-Michigan Campus,Southfield,Michigan,4-year,Private for-profit,Masters Colleges and Universities--larger programs,980,100,922,69,NULL,NULL,3888,25,NULL,NULL,0,0,13.6,16,70.8,57,49.2,37,9.6,20,339
421513,Brown Mackie College-Hopkinsville,Hopkinsville,Kentucky,2-year,Private for-profit,Associates--Private For-profit,284,100,276,26,NULL,NULL,3910,29,NULL,NULL,28.6,35,37.7,15,80.1,74,26.2,2,0,0,77
421708,Arizona College of Allied Health,Glendale,Arizona,2-year,Private for-profit,Associates--Private For-profit,937,100,1188,85,NULL,NULL,3909,29,NULL,NULL,39.4,50,48.6,26,82.4,78,71.8,62,11.1,6,644
421832,Living Arts College at School of Communication Arts,Raleigh,North Carolina,4-year,Private for-profit,Associates--Private For-profit,513,100,731,60,NULL,NULL,3573,11,NULL,NULL,NULL,NULL,NULL,NULL,73.8,68,69.4,75,68.6,95,NULL
421878,Eastern International College at Jersey City,Jersey City,New Jersey,2-year,Private for-profit,Associates--Private For-profit,222,77.9,81,1,NULL,NULL,7501,97,NULL,NULL,81,95,83.5,93,84.7,81,84.5,91,55.2,69,79
422020,San Joaquin Valley College-Fresno Aviation Campus,Fresno,California,2-year,Private for-profit,Associates--Private For-profit,87,100,157,8,NULL,NULL,3567,16,NULL,NULL,33.3,41,55.6,37,87.4,86,75,70,50,63,27
422695,Pacific College,Costa Mesa,California,4-year,Private for-profit,Associates--Private For-profit,277,100,363,24,NULL,NULL,9290,98,NULL,NULL,NULL,NULL,NULL,NULL,53.2,17,100,91,11.4,28,NULL
423652,Oregon Coast Community College,Newport,Oregon,2-year,Public,Associates--Public Rural-serving Small,580,31.7,408,3,NULL,NULL,6643,95,NULL,NULL,29.2,93,29.2,79,37.8,41,42.1,4,16.9,5,48
423980,Le Cordon Bleu College of Culinary Arts - Los Angeles,Pasadena,California,2-year,Private for-profit,Associates--Private For-profit,1739,100,2934,98,NULL,NULL,5058,74,NULL,NULL,37,47,59,45,58.5,29,68.3,51,83,90,1466
426314,Embry-Riddle Aeronautical University-Extended Campus,Daytona Beach,Florida,4-year,Private not-for-profit,Other technology-related schools,9789,29.6,6599,95,NULL,NULL,1450,0,2480,8,29.2,28,58.3,57,25.3,24,61.7,17,41.3,34,24
427663,"ITT Technical Institute at Bay Area Blvd., Houston",Webster,Texas,4-year,Private for-profit,Associates--Private For-profit,303,87.1,323,18,NULL,NULL,3999,31,NULL,NULL,NULL,NULL,NULL,NULL,66.7,44,NULL,NULL,9.7,20,NULL
427973,Aviation Institute of Maintenance (Va.),Chesapeake,Virginia,2-year,Private for-profit,Associates--Private For-profit,235,94.9,449,47,NULL,NULL,2609,3,NULL,NULL,50,63,50,28,45.7,14,51.1,13,77.8,87,38
427982,Centura College - Richmond,Richmond,Virginia,2-year,Private for-profit,Associates--Private For-profit,229,62,279,27,NULL,NULL,3784,23,NULL,NULL,60.6,76,60.6,49,32.3,5,85.2,92,41.9,54,33
428170,Keiser Career College at Greenacres,Greenacres,Florida,2-year,Private for-profit,Associates--Private For-profit,1157,62.3,1378,89,NULL,NULL,4184,43,NULL,NULL,31,38,50.5,29,65.7,42,69.7,55,41.1,52,400
428268,Argosy University-Tampa,Tampa,Florida,4-year,Private for-profit,Masters Colleges and Universities--smaller programs,123,22,77,0,NULL,NULL,4153,38,NULL,NULL,NULL,NULL,NULL,NULL,61.4,31,66.7,68,8,13,NULL
428286,Illinois Institute of Art at Schaumburg,Schaumburg,Illinois,4-year,Private for-profit,Schools of art- music- and design,1066,75.4,1246,78,NULL,NULL,5150,76,NULL,NULL,39.9,85,42.8,81,51.6,15,57,55,28.1,72,173
428329,Cambria-Rowe Business College at Indiana,Indiana,Pennsylvania,2-year,Private for-profit,Associates--Private For-profit,105,100,148,6,NULL,NULL,7395,96,NULL,NULL,60.5,75,62.8,55,77,67,76,73,100,94,43
428392,Klamath Community College,Klamath Falls,Oregon,2-year,Public,Associates--Public Rural-serving Small,1304,41.7,1062,12,NULL,NULL,4486,68,133,12,0,0,2,0,82.1,99,60,60,29.5,40,99
428444,Art Institute of Phoenix,Phoenix,Arizona,4-year,Private for-profit,Schools of art- music- and design,1045,79.7,1147,75,NULL,NULL,5779,87,NULL,NULL,25.2,62,30.5,61,66.3,42,50.5,45,32.7,77,131
429128,Urban College of Boston,Boston,Massachusetts,2-year,Private not-for-profit,Associates--Private Not-for-profit,762,3.8,255,45,NULL,NULL,1390,7,NULL,NULL,57.1,64,57.1,51,60.1,52,100,92,0,0,7
429599,"ITT Technical Institute (Henderson, Nev.)",Henderson,Nevada,4-year,Private for-profit,Other technology-related schools,469,76.5,540,44,NULL,NULL,3603,12,NULL,NULL,0,0,16.7,25,68.8,49,NULL,NULL,15.6,43,12
430050,Anthem College at Minneapolis,Saint Louis Park,Minnesota,2-year,Private for-profit,Associates--Private For-profit,132,100,379,37,NULL,NULL,4443,55,NULL,NULL,54.3,69,65.2,61,68.9,48,83.3,88,61.5,76,46
430087,Colorado Technical University at Greenwood Village,Aurora,Colorado,4-year,Private for-profit,Masters Colleges and Universities--medium programs,645,47.8,752,61,NULL,NULL,4951,71,NULL,NULL,0,0,14.7,20,53.5,18,34.8,15,7.4,12,34
430148,"Heald College, Portland",Portland,Oregon,2-year,Private for-profit,Associates--Private For-profit,682,77,873,76,NULL,NULL,4641,61,NULL,NULL,33.8,44,33.8,12,80.2,75,66.7,46,35.2,43,65
430157,Golf Academy of America (Fla.),Apopka,Florida,2-year,Private for-profit,Associates--Private For-profit,255,93.3,264,24,NULL,NULL,4651,61,NULL,NULL,99,100,99,100,44.1,13,75.9,72,25,26,102
430166,Golf Academy of America (Ariz.),Chandler,Arizona,2-year,Private for-profit,Associates--Private For-profit,171,93,174,11,NULL,NULL,4618,61,NULL,NULL,97.4,99,97.4,99,43.3,12,79.7,82,33.3,39,114
430184,Strayer University-Maryland,Suitland,Maryland,4-year,Private for-profit,Not applicable- not in Carnegie universe,2062,13.7,2040,88,NULL,NULL,5946,88,NULL,NULL,15.8,39,21.1,38,44.5,9,44.4,30,11.8,30,19
430263,ITT Technical Institute at Miami,Miami,Florida,4-year,Private for-profit,Other technology-related schools,417,70.7,406,30,NULL,NULL,4914,70,NULL,NULL,3.3,8,20,34,71.3,59,NULL,NULL,14,36,30
430351,"ITT Technical Institute (Mechanicsburg, Pa.)",Harrisburg,Pennsylvania,2-year,Private for-profit,Associates--Private For-profit,239,77.8,229,18,NULL,NULL,4138,41,NULL,NULL,14.9,16,26.4,7,67.9,46,28.9,2,8.6,4,87
430360,"ITT Technical Institute (Monroeville, Pa.)",Tarentum,Pennsylvania,2-year,Private for-profit,Associates--Private For-profit,255,78,238,19,NULL,NULL,6032,88,NULL,NULL,37.5,48,47.9,25,72.4,56,60.6,29,12,8,48
430379,"ITT Technical Institute (Norwood, Ohio)",Norwood,Ohio,4-year,Private for-profit,Associates--Private For-profit,419,73.3,432,32,NULL,NULL,4156,38,NULL,NULL,NULL,NULL,NULL,NULL,78.2,82,NULL,NULL,12.2,31,NULL
430388,"ITT Technical Institute (Strongsville, Ohio)",Strongsville,Ohio,4-year,Private for-profit,Associates--Private For-profit,391,74.4,401,29,NULL,NULL,3783,19,NULL,NULL,NULL,NULL,NULL,NULL,72.2,62,NULL,NULL,19,51,NULL
430485,Creative Center,Omaha,Nebraska,4-year,Private for-profit,Schools of art- music- and design,86,100,112,2,NULL,NULL,4197,42,NULL,NULL,NULL,NULL,NULL,NULL,49.5,13,NULL,NULL,30,75,NULL
430795,Carver Career Center,Charleston,West Virginia,2-year,Public,Associates--Public Rural-serving Small,278,93.9,205,1,NULL,NULL,5585,88,NULL,NULL,97.8,100,100,100,52.2,76,96.4,100,77.8,97,46
430810,New Hampshire Institute of Art,Manchester,New Hampshire,4-year,Private not-for-profit,Schools of art- music- and design,470,87.9,506,19,NULL,NULL,6328,14,46282,76,70.5,86,78.4,87,37.6,51,81.2,68,12,3,88
431141,Institute of Technology at Clovis,Clovis,California,2-year,Private for-profit,Associates--Private For-profit,1989,98.6,2483,97,NULL,NULL,4121,39,NULL,NULL,46.9,59,64.4,60,72.3,55,63,35,45.8,58,3662
431886,Kaplan College - San Antonio Ingram Campus,San Antonio,Texas,2-year,Private for-profit,Associates--Private For-profit,625,100,1067,82,NULL,NULL,4110,39,NULL,NULL,0,0,70.9,75,64.1,37,84.6,91,51.7,65,508
432223,University of Phoenix-Washington Campus,Tukwila,Washington,4-year,Private for-profit,Schools of business and management,566,100,596,51,NULL,NULL,3870,24,NULL,NULL,0,0,19.1,32,48.1,12,72.4,76,13.3,35,68
432232,University of Phoenix-Orlando Campus,Orlando,Florida,4-year,Private for-profit,Masters Colleges and Universities--larger programs,707,100,757,61,NULL,NULL,3793,20,NULL,NULL,0.7,2,24,45,65.2,39,48.1,36,7.4,12,146
432241,University of Phoenix-Oregon Campus,Tigard,Oregon,4-year,Private for-profit,Masters Colleges and Universities--medium programs,639,100,690,58,NULL,NULL,3752,17,NULL,NULL,2.8,8,20.1,37,66.9,44,52.5,47,9.1,18,144
432302,Kaplan College at Riverside,Riverside,California,2-year,Private for-profit,Associates--Private For-profit,234,100,443,45,NULL,NULL,3338,10,NULL,NULL,0,0,73,78,38.5,9,86.8,95,13.6,10,137
432384,Platt College at Ontario,Ontario,California,4-year,Private for-profit,Baccalaureate/Associates Colleges,467,100,575,48,NULL,NULL,4733,63,NULL,NULL,33.3,75,33.3,65,63,35,83.3,86,45.5,88,3
432524,Delaware College of Art and Design,Wilmington,Delaware,2-year,Private not-for-profit,Associates--Private Not-for-profit,196,93.4,234,37,NULL,NULL,8634,91,5219,44,65.7,79,70.4,72,46.2,34,73.6,71,16.7,6,108
432533,Art Institute of California at Los Angeles,Santa Monica,California,4-year,Private for-profit,Schools of art- music- and design,1808,69.1,1876,87,NULL,NULL,6562,93,NULL,NULL,12.8,30,24.9,48,63.5,36,60.5,60,30.5,75,273
433004,American University of Health Sciences - Signal Hill,Signal Hill,California,4-year,Private for-profit,Associates--Private For-profit 4-year Primarily Associates,280,100,275,14,NULL,NULL,4457,54,NULL,NULL,83.3,97,83.3,96,50.6,14,33.3,8,100,98,24
433013,CNI College,Orange,California,2-year,Private for-profit,Associates--Private For-profit,561,98.4,655,64,NULL,NULL,3628,18,NULL,NULL,6.9,6,66.9,65,57.4,27,84.6,91,25,26,393
433174,Carolinas College of Health Sciences,Charlotte,North Carolina,2-year,Public,Associates--Public Special Use,449,18,240,1,NULL,NULL,3199,21,NULL,NULL,50,98,50,97,21.3,6,33.3,1,55.1,90,2
433387,Western Governors University,Salt Lake City,Utah,4-year,Private not-for-profit,Masters Colleges and Universities--larger programs,35493,100,24576,100,NULL,NULL,3909,4,NULL,NULL,20.9,14,24.2,6,42,60,75,49,66.1,69,91
433420,Santa Barbara Business College at Ventura,Ventura,California,4-year,Private for-profit,Associates--Private For-profit,339,100,319,18,NULL,NULL,3663,14,NULL,NULL,NULL,NULL,NULL,NULL,66.5,43,66.7,68,0,0,NULL
433536,Herzing University (La.),Kenner,Louisiana,4-year,Private for-profit,Baccalaureate/Associates Colleges,316,59.8,351,22,NULL,NULL,4308,47,NULL,NULL,NULL,NULL,NULL,NULL,75.9,75,25,2,35.5,81,NULL
433563,Spencerian College at Lexington,Lexington,Kentucky,2-year,Private for-profit,Associates--Private For-profit,159,75.5,260,23,NULL,NULL,5595,84,NULL,NULL,10.9,12,31.6,10,62.2,33,44.1,9,56.5,71,266
433660,Florida Gulf Coast University,Fort Myers,Florida,4-year,Public,Masters Colleges and Universities--larger programs,12907,78.6,10384,68,1024,49,4389,11,4807,56,22,50,44.2,45,34.7,38,76.6,59,65.4,55,1687
434016,Little Priest Tribal College,Winnebago,Nebraska,2-year,Private not-for-profit,Tribal Colleges,144,50.7,95,10,NULL,NULL,5944,70,13845,64,4.2,2,4.2,2,63.6,55,27.3,0,30,26,24
434034,National Labor College,Silver Spring,Maryland,4-year,Private not-for-profit,Schools of business and management,623,5.3,306,12,NULL,NULL,1123,0,87,0,NULL,NULL,NULL,NULL,15.2,7,NULL,NULL,24.5,12,NULL
434052,"ITT Technical Institute (Richardson, Tex.)",Richardson,Texas,4-year,Private for-profit,Associates--Private For-profit,652,71.9,706,59,NULL,NULL,4312,48,NULL,NULL,NULL,NULL,NULL,NULL,72.5,63,NULL,NULL,19.1,52,NULL
434061,South Louisiana Community College,Lafayette,Louisiana,2-year,Public,Associates--Public Rural-serving Medium,4593,48.7,2519,40,NULL,NULL,3045,18,20,3,1.4,2,6.3,2,26,13,53,29,51.8,87,504
434140,Pima Medical Institute-Chula Vista,Chula Vista,California,2-year,Private for-profit,Associates--Private For-profit,927,100,1497,92,NULL,NULL,5289,79,NULL,NULL,24.9,28,63.5,57,57.2,27,72.7,65,59.5,74,866
434159,Lincoln College of Technology at Marietta,Marietta,Georgia,2-year,Private for-profit,Associates--Private For-profit,267,100,196,14,NULL,NULL,4184,43,NULL,NULL,41.7,54,55.7,38,72,55,64.3,40,47.8,62,314
434414,Michigan Jewish Institute,W Bloomfield,Michigan,4-year,Private not-for-profit,Baccalaureate Colleges--Arts & Sciences,1662,75.9,1135,41,NULL,NULL,5105,9,NULL,NULL,12.5,6,12.5,2,97.6,100,44.1,3,33.3,22,8
434539,City College,Miami,Florida,4-year,Private not-for-profit,Baccalaureate/Associates Colleges,283,73.1,322,13,NULL,NULL,5023,9,46,0,NULL,NULL,NULL,NULL,96.7,100,NULL,NULL,15.4,5,NULL
434548,"ITT Technical Institute (Arnold, Mo.)",Arnold,Missouri,4-year,Private for-profit,Other technology-related schools,291,71.5,380,26,NULL,NULL,3988,30,NULL,NULL,0,0,0,0,66,41,NULL,NULL,7.7,13,7
434557,"ITT Technical Institute (Burr Ridge, Ill.)",Oak Brook,Illinois,4-year,Private for-profit,Other technology-related schools,336,75.9,347,21,NULL,NULL,4151,38,NULL,NULL,NULL,NULL,NULL,NULL,76.2,76,NULL,NULL,10,22,NULL
434566,"ITT Technical Institute (Albany, N.Y.)",Albany,New York,2-year,Private for-profit,Associates--Private For-profit,253,79.4,272,25,NULL,NULL,4057,36,NULL,NULL,13.5,14,28.4,8,75.4,63,40.6,8,10.3,6,74
434575,"ITT Technical Institute (Liverpool, N.Y.)",Liverpool,New York,2-year,Private for-profit,Associates--Private For-profit,278,80.2,301,28,NULL,NULL,5224,78,NULL,NULL,29.4,35,49,27,77,67,62.8,35,13,10,51
434584,Ilisagvik College,Barrow,Alaska,2-year,Public,Tribal Colleges,257,19.5,148,1,NULL,NULL,3526,32,23046,100,45.5,98,45.5,96,18.2,4,40,3,20.6,13,11
434672,Community College of Baltimore County,Baltimore,Maryland,2-year,Public,Associates--Public Suburban-serving Multicampus,23981,33.3,15217,96,NULL,NULL,3447,30,299,30,2.5,7,7.3,4,46.1,61,51.6,23,23.3,20,2540
434690,Golf Academy of America (S.C.),Myrtle Beach,South Carolina,2-year,Private for-profit,Associates--Private For-profit,299,94.6,311,30,NULL,NULL,4334,52,NULL,NULL,95.3,99,95.3,99,35.5,7,92.3,98,47.4,61,193
434751,White Earth Tribal and Community College,Mahnomen,Minnesota,2-year,Private not-for-profit,Tribal Colleges,60,60,33,0,NULL,NULL,7439,82,NULL,NULL,0,0,3.7,0,91.6,94,66.7,54,31.2,31,27
434821,"Blue Cliff College (Metairie, La.)",Metairie,Louisiana,2-year,Private for-profit,Associates--Private For-profit,603,64.3,1001,80,NULL,NULL,7955,98,NULL,NULL,77.3,93,82,91,77.3,68,81.1,84,100,94,362
434946,University of Phoenix-Fort Lauderdale Campus,Miramar,Florida,4-year,Private for-profit,Masters Colleges and Universities--larger programs,1080,100,1020,72,NULL,NULL,3654,14,NULL,NULL,1.1,5,19.5,33,55.4,21,41.2,24,4.4,4,349
434955,University of Phoenix-Jacksonville Campus,Jacksonville,Florida,4-year,Private for-profit,Masters Colleges and Universities--larger programs,1028,100,835,65,NULL,NULL,4046,34,NULL,NULL,0,0,20,34,52.2,16,40.6,23,8.7,16,110
434964,University of Phoenix - West Florida Campus,Temple Terrace,Florida,4-year,Private for-profit,Masters Colleges and Universities--medium programs,601,NULL,585,50,NULL,NULL,3924,28,NULL,NULL,NULL,NULL,NULL,NULL,55.1,20,NULL,NULL,NULL,NULL,NULL
434973,University of Phoenix - Maryland Campus,Columbia,Maryland,4-year,Private for-profit,Schools of business and management,479,100,459,34,NULL,NULL,3498,9,NULL,NULL,0,0,15.2,21,41,6,57.9,56,19.8,53,46
434982,University of Phoenix at Oklahoma City,Oklahoma City,Oklahoma,4-year,Private for-profit,Baccalaureate Colleges--Diverse Fields,396,100,387,28,NULL,NULL,4246,44,NULL,NULL,0,0,15.5,22,73.5,67,52.5,47,10.8,26,283
434991,University of Phoenix at Tulsa,Tulsa,Oklahoma,4-year,Private for-profit,Masters Colleges and Universities--smaller programs,398,NULL,359,23,NULL,NULL,3757,17,NULL,NULL,NULL,NULL,NULL,NULL,68.8,49,NULL,NULL,NULL,NULL,NULL
436094,Argosy University-Phoenix,Phoenix,Arizona,4-year,Private for-profit,Other health professions schools,223,44.8,163,5,NULL,NULL,4054,35,NULL,NULL,NULL,NULL,NULL,NULL,64.9,38,42.9,27,20.5,55,NULL
436182,Vatterott College at Saint Joseph,Saint Joseph,Missouri,2-year,Private for-profit,Associates--Private For-profit,231,100,311,30,NULL,NULL,4519,57,NULL,NULL,45,57,49.7,28,33.8,6,43.5,9,23.8,22,149
436191,Vatterott College - Sunset Hills,Sunset Hills,Missouri,4-year,Private for-profit,Baccalaureate/Associates Colleges,624,100,1169,76,NULL,NULL,3998,31,NULL,NULL,100,98,100,97,29.1,2,57.9,56,30.8,75,9
436225,Anthem College at Orlando,Orlando,Florida,2-year,Private for-profit,Associates--Private For-profit,491,100,726,68,NULL,NULL,4310,51,NULL,NULL,76.7,92,90,96,78.6,70,83.6,90,73.3,85,90
436304,River Parishes Community College,Sorrento,Louisiana,2-year,Public,Associates--Public Suburban-serving Single Campus,3146,27.1,1692,25,NULL,NULL,2559,8,178,17,0.6,0,7.2,3,25.6,12,46.8,10,52.6,87,359
436429,Los Angeles Film School,Hollywood,California,4-year,Private for-profit,Associates--Private For-profit,2218,100,3189,93,NULL,NULL,1580,0,NULL,NULL,NULL,NULL,NULL,NULL,8.8,0,74.6,79,65.4,94,NULL
436438,Argosy University-Orange County,Orange,California,4-year,Private for-profit,Doctoral/Research Universities,251,40.2,211,8,NULL,NULL,4566,58,NULL,NULL,NULL,NULL,NULL,NULL,55.5,21,33.3,8,4.6,4,NULL
436483,National American University at Bloomington,Bloomington,Minnesota,4-year,Private for-profit,Baccalaureate Colleges--Diverse Fields,509,17.3,436,33,NULL,NULL,3270,6,NULL,NULL,14.3,34,14.3,17,74.9,72,NULL,NULL,21.1,56,7
436702,Professional Training Center,Miami,Florida,4-year,Private for-profit,Associates--Private For-profit,801,29.8,598,51,NULL,NULL,3039,4,NULL,NULL,NULL,NULL,NULL,NULL,74.1,70,NULL,NULL,34,80,NULL
437042,"ITT Technical Institute (St. Rose, La.)",Saint Rose,Louisiana,4-year,Private for-profit,Other technology-related schools,470,84.5,528,42,NULL,NULL,4444,53,NULL,NULL,7.7,15,11.5,11,78.1,82,NULL,NULL,8.9,17,26
437051,"ITT Technical Institute (Richmond, Va.)",Richmond,Virginia,4-year,Private for-profit,Other technology-related schools,573,83.2,599,51,NULL,NULL,4456,54,NULL,NULL,9.5,21,9.5,9,69.2,51,NULL,NULL,10.6,25,21
437060,Vatterott College-Oklahoma City,Warr Acres,Oklahoma,2-year,Private for-profit,Associates--Private For-profit,280,100,444,46,NULL,NULL,3537,15,NULL,NULL,37.7,48,41.7,19,44.3,13,46.4,10,19,15,175
437097,University of Management and Technology,Arlington,Virginia,4-year,Private for-profit,Not applicable- not in Carnegie universe,785,94.4,1154,75,NULL,NULL,7501,96,NULL,NULL,NULL,NULL,NULL,NULL,6.2,0,66.7,68,100,98,NULL
437103,Baton Rouge Community College,Baton Rouge,Louisiana,2-year,Public,Associates--Public Urban-serving Single Campus,8043,52.4,5744,73,NULL,NULL,3966,51,52,6,1.3,2,4.7,1,51.3,74,44.2,6,45,77,1341
437219,ITT Technical Institute at Lathrop,Lathrop,California,4-year,Private for-profit,Other technology-related schools,492,84.3,543,45,NULL,NULL,4949,71,NULL,NULL,14.3,34,21.4,39,74.1,70,NULL,NULL,11.4,28,14
437732,Dallas Nursing Institute,Dallas,Texas,2-year,Private for-profit,Not applicable- not in Carnegie universe,169,49.7,1397,89,NULL,NULL,3283,9,NULL,NULL,32.4,40,39.1,17,52.8,22,56.4,21,82.6,90,522
437750,Professional Golfers Career College,Temecula,California,2-year,Private for-profit,Associates--Private For-profit,265,100,195,14,NULL,NULL,3000,5,NULL,NULL,93.8,99,95.2,99,23.2,1,63.1,36,28.6,33,145
437769,RSHT at Richmond (Richmond School of Health and Technology),CHESTER,Virginia,2-year,Private for-profit,Associates--Private For-profit,172,100,235,19,NULL,NULL,4204,44,NULL,NULL,45.9,58,51.4,31,71.9,54,55.6,19,11.9,8,181
437848,Westwood College at Anaheim,Anaheim,California,4-year,Private for-profit,Baccalaureate Colleges--Diverse Fields,772,73.1,1239,78,NULL,NULL,5207,77,NULL,NULL,26.1,63,46.3,83,78.8,83,60.9,60,20.5,55,203
437936,Carrington College California at San Jose,San Jose,California,2-year,Private for-profit,Associates--Private For-profit,693,95.5,799,72,NULL,NULL,3772,22,NULL,NULL,4.1,2,59.9,47,60.4,30,80.6,84,32.3,37,217
438151,Stevens-Henager College at Salt Lake City,Murray,Utah,4-year,Private not-for-profit,Baccalaureate Colleges--Diverse Fields,2382,100,6066,94,NULL,NULL,3573,3,NULL,NULL,62.6,79,62.6,65,80,96,63.6,20,29.6,18,257
438179,Brookline College at Tuscon,Tucson,Arizona,4-year,Private for-profit,Associates--Private For-profit,420,100,387,28,NULL,NULL,3915,27,NULL,NULL,NULL,NULL,NULL,NULL,79.1,84,NULL,NULL,54.2,91,NULL
438212,"McCann School of Business & Technology (Pottsville, Pa.)",Pottsville,Pennsylvania,2-year,Private for-profit,Associates--Private For-profit,3544,64.1,3412,99,NULL,NULL,4906,70,NULL,NULL,7,7,41.7,19,78.6,70,66.9,48,11.6,7,228
438258,Carrington College California at Pleasant Hill,Pleasant Hill,California,2-year,Private for-profit,Associates--Private For-profit,589,86.9,367,35,NULL,NULL,3601,17,NULL,NULL,28,33,66,63,70.1,51,76.7,74,55.3,69,100
438285,Florida College of Natural Health-Altamonte Springs,Maitland,Florida,2-year,Private for-profit,Associates--Private For-profit,380,100,441,45,NULL,NULL,3364,10,NULL,NULL,62.4,78,72.9,78,48.8,18,78.9,79,5.6,1,314
438294,Florida College of Natural Health-Sarasota,Bradenton,Florida,2-year,Private for-profit,Associates--Private For-profit,127,100,210,16,NULL,NULL,3317,10,NULL,NULL,24.5,27,71.4,75,55,25,72.5,64,11.1,6,49
438382,University of Phoenix - Southern Colorado Campus,Colorado Springs,Colorado,4-year,Private for-profit,Masters Colleges and Universities--medium programs,499,NULL,478,36,NULL,NULL,3879,25,NULL,NULL,NULL,NULL,NULL,NULL,47.1,11,NULL,NULL,NULL,NULL,NULL
438416,University of Phoenix - West Michigan Campus,Walker,Michigan,4-year,Private for-profit,Baccalaureate Colleges--Diverse Fields,271,100,396,29,NULL,NULL,4361,50,NULL,NULL,0,0,14.6,18,79,83,29.6,6,7.3,11,96
438498,Stratford University,Fairfax,Virginia,4-year,Private for-profit,Masters Colleges and Universities--larger programs,2279,19,2002,87,NULL,NULL,4294,47,NULL,NULL,0,0,0,0,65.6,40,62.8,64,22.7,61,13
438586,American InterContinental University (Ga.),Atlanta,Georgia,4-year,Private for-profit,Masters Colleges and Universities--medium programs,1003,33.9,1189,76,NULL,NULL,5454,83,NULL,NULL,11.1,26,21,38,80.4,87,37.7,17,36,82,81
438601,American InterContinental University at Weston,Weston,Florida,4-year,Private for-profit,Baccalaureate Colleges--Diverse Fields,148,68.2,402,29,NULL,NULL,5319,80,NULL,NULL,12,27,12,13,63.5,36,NULL,NULL,25,66,50
438610,University of Phoenix - Philadelphia Campus,Wayne,Pennsylvania,4-year,Private for-profit,Schools of business and management,713,100,534,43,NULL,NULL,4168,39,NULL,NULL,0,0,7.1,3,68.1,48,45.9,34,19.5,52,196
438629,University of Phoenix at Pittsburgh,Pittsburgh,Pennsylvania,4-year,Private for-profit,Schools of business and management,37,100,71,0,NULL,NULL,3852,23,NULL,NULL,0,0,33.3,65,56.6,23,41.7,25,11.6,29,3
438647,Everest College at Chesapeake,Chesapeake,Virginia,2-year,Private for-profit,Associates--Private For-profit,840,92.7,1132,84,NULL,NULL,4420,55,NULL,NULL,60,75,67.8,68,66.2,43,57.5,25,20.9,18,683
438708,Eastern West Virginia Community and Technical College,Moorefield,West Virginia,2-year,Public,Associates--Public Rural-serving Small,867,33.8,478,4,NULL,NULL,4466,67,NULL,NULL,2.7,8,15.1,29,49.3,69,65.4,81,15.3,3,73
438869,Remington College-Little Rock,Little Rock,Arkansas,2-year,Private not-for-profit,Associates--Private For-profit,229,100,474,67,NULL,NULL,3383,18,NULL,NULL,45.9,46,60,58,76,82,65.8,52,11.1,2,418
438902,Everest University-Jacksonville Campus,Jacksonville,Florida,4-year,Private for-profit,Associates--Private For-profit 4-year Primarily Associates,604,82.1,799,63,NULL,NULL,4873,68,NULL,NULL,50,90,62.5,92,77.3,79,NULL,NULL,40.7,86,8
439057,Argosy University-Seattle,Seattle,Washington,4-year,Private for-profit,Masters Colleges and Universities--smaller programs,153,27.5,97,1,NULL,NULL,3447,8,NULL,NULL,NULL,NULL,NULL,NULL,56.3,22,0,0,8.8,17,NULL
439118,Carrington College-Spokane,Spokane,Washington,2-year,Private for-profit,Not applicable- not in Carnegie universe,538,100,479,50,NULL,NULL,3678,19,NULL,NULL,2.5,1,70.5,74,63.7,35,71.7,61,34.5,41,285
439127,Texas School of Business at Friendswood,Friendswood,Texas,2-year,Private for-profit,Associates--Private For-profit,262,100,548,56,NULL,NULL,3977,32,NULL,NULL,0,0,82.5,92,64.6,38,77.5,75,28.6,33,234
439136,"ITT Technical Institute (Woburn, Mass.)",Wilmington,Massachusetts,4-year,Private for-profit,Associates--Private For-profit,403,77.7,384,27,NULL,NULL,3790,20,NULL,NULL,NULL,NULL,NULL,NULL,66.5,43,100,91,5.9,7,NULL
439145,Pierce College District,Puyallup,Washington,2-year,Public,Associates--Public Suburban-serving Multicampus,3396,44.7,2529,40,NULL,NULL,5856,90,36,5,12.3,63,20.1,50,30.4,21,51.2,22,98.1,98,204
439190,Cascadia Community College,Bothell,Washington,2-year,Public,Associates--Public Suburban-serving Single Campus,2821,54.6,2238,36,NULL,NULL,4575,70,227,22,17.4,78,30.8,83,16.2,3,61.8,70,29.2,40,276
439279,University of Phoenix at St. Louis,Saint Louis,Missouri,4-year,Private for-profit,Schools of business and management,542,100,467,36,NULL,NULL,4231,44,NULL,NULL,0,0,3.4,0,75.5,74,22.2,2,8.4,15,59
439288,Johnson & Wales University - Denver Campus,Denver,Colorado,4-year,Private not-for-profit,Baccalaureate/Associates Colleges,1506,91.2,1621,57,NULL,NULL,11275,35,14995,45,47.7,58,52.3,45,34.5,44,81.2,68,57.1,56,260
439297,University of Phoenix - Cleveland Campus,Beachwood,Ohio,4-year,Private for-profit,Masters Colleges and Universities--smaller programs,333,100,294,16,NULL,NULL,4143,38,NULL,NULL,0,0,23.3,43,65.2,39,50,38,10.7,26,43
439367,CBD College,Los Angeles,California,2-year,Private not-for-profit,Associates--Private Not-for-profit,230,100,251,43,NULL,NULL,3424,21,NULL,NULL,86.5,93,86.5,94,94.9,96,90.9,91,30.4,29,340
439437,Americare School of Nursing-Fern Park,Fern Park,Florida,2-year,Private for-profit,Associates--Private For-profit,231,100,244,21,NULL,NULL,3462,13,NULL,NULL,33.2,41,69.8,72,77,67,66.7,46,63,77,331
439455,ATS Institute of Technology,Highland Heights,Ohio,2-year,Private for-profit,Associates--Private For-profit,504,77,546,56,NULL,NULL,6203,89,NULL,NULL,8.6,8,86.3,95,88.8,89,80.6,84,58.2,72,139
439482,"Blue Cliff College (Shreveport, La.)",Shreveport,Louisiana,2-year,Private for-profit,Associates--Private For-profit,320,58.1,505,52,NULL,NULL,3547,15,NULL,NULL,45.6,58,66.7,64,85.2,82,64,39,54.2,68,57
439525,Central Florida Institute - Tampa Bay,Palm Harbor,Florida,2-year,Private for-profit,Associates--Private For-profit,285,100,595,59,NULL,NULL,4196,44,NULL,NULL,60.7,76,77.4,85,68.5,47,78.2,77,78.8,88,549
439570,Community Care College,Tulsa,Oklahoma,2-year,Private for-profit,Associates--Private For-profit,587,100,754,69,NULL,NULL,4248,47,NULL,NULL,35.3,46,64.7,60,74.8,62,76.9,74,74.1,85,584
439613,Crossroads Bible College,Indianapolis,Indiana,4-year,Private not-for-profit,Theological seminaries- Bible colleges- and other faith-related institutions,257,54.1,174,6,NULL,NULL,8993,25,NULL,NULL,25,20,37.5,17,76.3,94,60,15,17.6,6,16
439701,King's University,Van Nuys,California,4-year,Private not-for-profit,Theological seminaries- Bible colleges- and other faith-related institutions,372,40.6,191,7,NULL,NULL,3164,2,5801,20,0,0,0,0,47.8,72,57.1,11,12.7,4,5
439738,Medvance Institute at Baton Rouge,Baton Rouge,Louisiana,2-year,Private for-profit,Associates--Private For-profit,381,100,717,67,NULL,NULL,4210,45,NULL,NULL,21.8,24,55.5,37,84.9,81,61.1,30,41.2,53,642
439792,Fortis College at Orange Park,Orange Park,Florida,2-year,Private for-profit,Associates--Private For-profit,266,100,518,53,NULL,NULL,3832,25,NULL,NULL,44.9,56,59.5,46,55.3,25,62.5,33,31.8,36,316
439826,Bryan College at Sacramento,Gold River,California,2-year,Private for-profit,Associates--Private For-profit,326,100,634,63,NULL,NULL,5149,76,NULL,NULL,48.9,62,62.5,54,75.8,64,48.8,12,47.1,60,323
440110,Anthem Career College at Nashville,Nashville,Tennessee,2-year,Private for-profit,Associates--Private For-profit,402,100,669,64,NULL,NULL,4463,56,NULL,NULL,65.6,84,75.6,81,77.3,68,79.3,80,36.8,46,160
440129,High-Tech Institute-Dallas,Irving,Texas,2-year,Private for-profit,Not applicable- not in Carnegie universe,288,100,463,48,NULL,NULL,4104,38,NULL,NULL,69.1,86,75.7,82,65.6,41,71.7,61,46.2,59,181
440147,Westwood College - River Oaks,Calumet City,Illinois,4-year,Private for-profit,Baccalaureate Colleges--Diverse Fields,321,85.7,548,46,NULL,NULL,3560,10,NULL,NULL,29.9,71,29.9,58,88.1,98,37.5,16,22,59,67
440271,Remington College-Baton Rouge Campus,Baton Rouge,Louisiana,2-year,Private not-for-profit,Associates--Private For-profit,300,100,485,69,NULL,NULL,3770,31,NULL,NULL,48.8,52,55.5,49,73.5,73,54.6,32,70,69,418
440299,Everest College - Ontario Metro,Ontario,California,4-year,Private for-profit,Baccalaureate/Associates Colleges,962,66.8,1266,79,NULL,NULL,4656,61,NULL,NULL,100,98,100,97,77.5,80,50,38,28.2,73,1
440323,Kaplan College at Beaumont,Beaumont,Texas,2-year,Private for-profit,Associates--Private For-profit,273,100,497,51,NULL,NULL,3926,30,NULL,NULL,0,0,70.7,75,68.4,47,88.7,97,0,0,294
440332,Kaplan College at Laredo,Laredo,Texas,2-year,Private for-profit,Associates--Private For-profit,329,100,515,52,NULL,NULL,4154,41,NULL,NULL,0,0,72.5,77,69.1,49,76.4,74,11.8,8,229
440341,Art Institute of Washington,Arlington,Virginia,4-year,Private for-profit,Schools of art- music- and design,1499,74.4,1483,82,NULL,NULL,5131,75,NULL,NULL,14.8,36,24.1,45,55.2,20,51.1,45,55.2,92,291
440402,Arkansas State University-Newport,Newport,Arkansas,2-year,Public,Associates--Public 2-year colleges under 4-year universities,2057,46.8,1589,23,NULL,NULL,4426,66,779,50,44.6,97,44.6,96,40.5,46,53.5,31,50.8,85,276
440420,University of Phoenix - Boston,Braintree,Massachusetts,4-year,Private for-profit,Schools of business and management,181,100,173,5,NULL,NULL,3345,7,NULL,NULL,0,0,7.1,3,32.5,3,50,38,12.1,31,84
440439,University of Phoenix at Dallas,Dallas,Texas,4-year,Private for-profit,Schools of business and management,1338,100,961,70,NULL,NULL,3878,24,NULL,NULL,0,0,20.6,37,56.4,22,42,25,7.4,12,102
440448,University of Phoenix Houston Campus,Houston,Texas,4-year,Private for-profit,Schools of business and management,1595,100,1409,81,NULL,NULL,3894,26,NULL,NULL,0.3,0,16.4,25,60.7,31,39.4,20,3.4,2,323
440457,University of Phoenix - Milwaukee Campus,Milwaukee,Wisconsin,4-year,Private for-profit,Schools of business and management,256,100,259,12,NULL,NULL,4178,40,NULL,NULL,0,0,14.6,18,69.7,52,38.6,19,6.7,9,48
440466,University of Phoenix - Idaho Campus,Meridian,Idaho,4-year,Private for-profit,Masters Colleges and Universities--smaller programs,283,100,267,13,NULL,NULL,3996,30,NULL,NULL,0,0,15.6,23,68.2,48,40,20,8.9,17,77
440484,Westwood College-Inland Empire,Upland,California,4-year,Private for-profit,Baccalaureate Colleges--Diverse Fields,979,72.1,1411,82,NULL,NULL,5057,74,NULL,NULL,31.6,73,31.6,63,83.3,93,66.7,68,15.5,43,206
440642,"ITT Technical Institute (Bensalem, Pa.)",Levittown,Pennsylvania,2-year,Private for-profit,Associates--Private For-profit,380,81.8,418,42,NULL,NULL,5454,82,NULL,NULL,32.1,39,38.5,15,76.5,66,66.7,46,9.5,5,109
440749,National American University -Ellsworth Air Force Base,Ellsworth Air Force Base,South Dakota,4-year,Private for-profit,Schools of business and management,292,16.1,170,5,NULL,NULL,2228,1,NULL,NULL,0,0,0,0,11.6,0,NULL,NULL,0,0,1
440758,National American University at Rio Rancho,Albuquerque,New Mexico,4-year,Private for-profit,Schools of business and management,346,8.4,255,12,NULL,NULL,3471,9,NULL,NULL,0,0,100,97,71.9,61,0,0,0,0,1
440767,National American University at Brooklyn Center,Brooklyn Center,Minnesota,4-year,Private for-profit,Baccalaureate Colleges--Diverse Fields,756,6,608,53,NULL,NULL,3167,5,NULL,NULL,0,0,0,0,80.5,87,28.6,5,6.1,7,3
440794,Somerset Christian College,Newark,New Jersey,4-year,Private not-for-profit,Theological seminaries- Bible colleges- and other faith-related institutions,418,84.4,289,11,NULL,NULL,15428,59,NULL,NULL,0,0,0,0,64.7,89,61.9,18,11.5,3,3
440873,Vatterott College-Memphis,Memphis,Tennessee,2-year,Private for-profit,Associates--Private For-profit,882,100,1441,91,NULL,NULL,4264,48,NULL,NULL,41.3,53,43.9,20,35.4,6,62.8,35,34.5,41,465
440882,Vatterott College-Tulsa,Tulsa,Oklahoma,2-year,Private for-profit,Associates--Private For-profit,164,100,267,25,NULL,NULL,3783,23,NULL,NULL,60.5,75,61.2,50,24.3,2,75,70,23.1,20,129
440891,Vatterott College-Wichita,Wichita,Kansas,2-year,Private for-profit,Associates--Private For-profit,209,100,342,34,NULL,NULL,3524,14,NULL,NULL,61.2,77,61.2,50,32.5,5,71.1,59,26.7,29,129
440925,International Academy of Design and Technology at Orlando,Orlando,Florida,4-year,Private for-profit,Schools of art- music- and design,348,83,581,49,NULL,NULL,5210,77,NULL,NULL,23.5,57,27.2,55,78.3,83,70,75,11.8,30,213
441025,Miller-Motte Technical College - Charleston,Charleston,South Carolina,2-year,Private for-profit,Associates--Private For-profit,704,65.1,732,69,NULL,NULL,5146,75,NULL,NULL,11.4,13,40,17,85.5,83,62.1,33,28,32,35
441052,American Career College - Anaheim,Anaheim,California,2-year,Private for-profit,Associates--Private For-profit,1565,100,1407,90,NULL,NULL,4383,53,NULL,NULL,17.1,19,62.7,55,67.9,46,73.6,67,NULL,NULL,1758
441070,Saginaw Chippewa Tribal College,Mount Pleasant,Michigan,2-year,Public,Tribal Colleges,117,50.4,79,0,NULL,NULL,4002,52,1487,68,10,52,10,10,39.4,44,55.6,40,42.1,71,10
441089,WyoTech-Blairsville,Blairsville,Pennsylvania,2-year,Private for-profit,Associates--Private For-profit,1277,100,2602,98,NULL,NULL,3875,28,NULL,NULL,72.9,89,79.8,90,57.6,28,74.8,69,100,94,2055
441201,Academy of Court Reporting at Cincinnati,Sharonville,Ohio,2-year,Private for-profit,Associates--Private For-profit,156,60.3,160,8,NULL,NULL,4134,40,NULL,NULL,14.3,15,42.9,20,87.7,87,59.3,27,10,5,7
441487,Texas County Technical Institute,Houston,Missouri,2-year,Private not-for-profit,Associates--Private Not-for-profit,139,67.6,231,36,NULL,NULL,934,0,NULL,NULL,27.6,25,75.9,82,74.3,78,72.4,66,23.3,19,29
441502,"Blue Cliff College (Gulfport, Miss.)",Gulfport,Mississippi,2-year,Private for-profit,Associates--Private For-profit,274,72.6,686,66,NULL,NULL,4835,68,NULL,NULL,68.1,85,68.1,69,88.4,89,88.2,96,72.7,85,138
441511,Apex School of Theology,Durham,North Carolina,4-year,Private not-for-profit,Theological seminaries- Bible colleges- and other faith-related institutions,620,90.6,402,16,NULL,NULL,14186,53,NULL,NULL,100,100,100,100,89.3,98,90,87,28.6,17,12
441636,American Institute of Alternative Medicine,Columbus,Ohio,2-year,Private for-profit,Not applicable- not in Carnegie universe,263,83.7,252,22,NULL,NULL,294,0,NULL,NULL,61.1,76,72.2,76,61.7,32,71.4,61,26.5,29,18
441760,Lamar Institute of Technology,Beaumont,Texas,2-year,Public,Associates--Public Suburban-serving Single Campus,2995,45.6,2023,31,NULL,NULL,4387,65,1281,64,7,36,16,33,34.7,32,51.4,22,46.9,81,613
441858,Career Training Solutions,Fredericksburg,Virginia,2-year,Private for-profit,Associates--Private For-profit,280,70.4,280,27,NULL,NULL,4028,36,NULL,NULL,78.9,94,79.7,89,47,16,16.7,0,24.2,24,123
441900,Nevada State College,Henderson,Nevada,4-year,Public,Baccalaureate Colleges--Diverse Fields,3377,35.5,2346,19,NULL,NULL,4458,13,243,4,3.4,1,13.8,2,33,32,67.5,28,27.8,5,145
441919,Virginia College,Jackson,Mississippi,2-year,Private for-profit,Associates--Private For-profit,376,74.2,380,38,NULL,NULL,3876,28,NULL,NULL,8.7,9,8.7,1,94.1,96,40,7,32.7,38,69
441928,Virginia College at Austin,Austin,Texas,2-year,Private for-profit,Associates--Private For-profit,642,49.1,475,50,NULL,NULL,3795,23,NULL,NULL,18,20,20,3,75.7,63,27.3,2,36.4,44,50
441937,California State University-Channel Islands,Camarillo,California,4-year,Public,Masters Colleges and Universities--smaller programs,4963,86.3,4086,35,954,21,8718,87,1610,19,20.7,46,51.6,63,39.6,55,78.1,64,47.4,22,512
441955,"ITT Technical Institute (Springfield, Va.)",Springfield,Virginia,4-year,Private for-profit,Other technology-related schools,678,73,713,59,NULL,NULL,4121,37,NULL,NULL,0,0,0,0,60,29,NULL,NULL,10.4,25,13
441964,"ITT Technical Institute (Chantilly, Va.)",Chantilly,Virginia,4-year,Private for-profit,Other technology-related schools,573,81.2,599,51,NULL,NULL,4191,41,NULL,NULL,0,0,0,0,58.5,26,NULL,NULL,8.3,15,1
441973,Art Institute of California-Orange County,Santa Ana,California,4-year,Private for-profit,Schools of art- music- and design,1761,54,1743,85,NULL,NULL,6252,92,NULL,NULL,25,60,31.2,61,62.7,34,55.8,53,31.7,76,176
441982,Franklin W. Olin College of Engineering,Needham,Massachusetts,4-year,Private not-for-profit,Schools of engineering,355,100,347,14,1475,99,29455,94,1006833,99,93.2,100,98.6,100,6.7,0,96.3,96,67.2,71,73
442037,Lincoln Technical Institute - Northeast Philadelphia,Philadelphia,Pennsylvania,2-year,Private for-profit,Associates--Private For-profit,311,100,252,22,NULL,NULL,4055,36,NULL,NULL,29.4,35,65.4,62,68.4,47,79.3,80,40,50,309
442046,Lincoln Technical Institute - City Center Philadelphia,Philadelphia,Pennsylvania,2-year,Private for-profit,Associates--Private For-profit,478,91.6,575,58,NULL,NULL,3956,32,NULL,NULL,44.8,56,53.1,34,87.1,86,54.5,18,34.4,41,986
442143,University of Phoenix at Kansas City,Kansas City,Missouri,4-year,Private for-profit,Masters Colleges and Universities--medium programs,517,100,456,34,NULL,NULL,3922,28,NULL,NULL,0,0,18.8,32,71.9,61,38.2,18,10.2,24,96
442152,University of Phoenix - Atlanta Campus,Sandy Springs,Georgia,4-year,Private for-profit,Masters Colleges and Universities--larger programs,1350,100,1222,78,NULL,NULL,4008,32,NULL,NULL,0,0,16,24,69.1,51,54.8,51,6.3,8,219
442161,University of Phoenix - Chicago Campus,Schaumburg,Illinois,4-year,Private for-profit,Schools of business and management,813,100,767,62,NULL,NULL,3774,18,NULL,NULL,0.4,1,12.9,15,62.6,33,42.6,26,5.8,7,232
442170,University of Phoenix at Nashville,Nashville,Tennessee,4-year,Private for-profit,Schools of business and management,1320,100,1261,79,NULL,NULL,4030,33,NULL,NULL,0.5,1,15.1,21,69.6,52,44.3,29,6.1,7,186
442189,University of Phoenix - Northern Virginia Campus,Reston,Virginia,4-year,Private for-profit,Schools of business and management,650,100,608,53,NULL,NULL,2804,2,NULL,NULL,0,0,20,34,21.8,1,52.2,46,8.2,14,20
442231,Le Cordon Bleu College of Culinary Arts-Orlando,Orlando,Florida,2-year,Private for-profit,Associates--Private For-profit,961,100,1621,94,NULL,NULL,4831,68,NULL,NULL,33.5,43,52.8,33,66.6,44,66.8,48,59.5,74,818
442338,"ITT Technical Institute (Canton, Mich.)",Canton,Michigan,4-year,Private for-profit,Associates--Private For-profit,442,68.6,476,36,NULL,NULL,4429,52,NULL,NULL,NULL,NULL,NULL,NULL,72.4,63,NULL,NULL,15.5,43,NULL
442347,"ITT Technical Institute (King of Prussia, Pa.)",Plymouth Meeting,Pennsylvania,2-year,Private for-profit,Associates--Private For-profit,310,71,274,26,NULL,NULL,4334,52,NULL,NULL,33.3,41,39.1,17,64.2,37,33.3,4,10,5,69
442356,Lancaster General College of Nursing and Health Sciences,Lancaster,Pennsylvania,4-year,Private not-for-profit,Associates--Private Not-for-profit,1429,36.4,1025,37,955,16,10266,30,1465,5,NULL,NULL,NULL,NULL,35.9,47,0,0,75.6,79,NULL
442383,West Virginia Junior College at Bridgeport,Bridgeport,West Virginia,2-year,Private for-profit,Associates--Private For-profit,210,92.4,260,23,NULL,NULL,6284,89,NULL,NULL,50,63,73.3,79,84.7,81,66.2,45,40,50,90
442408,Vatterott College-Cleveland,Broadview Heights,Ohio,2-year,Private for-profit,Associates--Private For-profit,229,100,374,36,NULL,NULL,3725,20,NULL,NULL,37.7,48,41.2,19,27,3,75,70,26.7,29,114
442426,Saint Louis College of Health Careers at Fenton,Fenton,Missouri,2-year,Private for-profit,Associates--Private For-profit,301,81.7,248,21,NULL,NULL,4255,48,NULL,NULL,68.7,86,78.5,87,71.9,54,84.2,91,47.4,61,163
442444,San Joaquin Valley College-Rancho Cucamonga,Ontario,California,2-year,Private for-profit,Associates--Private For-profit,698,100,1085,83,NULL,NULL,4890,70,NULL,NULL,42.2,54,63.1,56,85.5,83,77.8,76,51.6,65,263
442569,Grantham University,Kansas City,Missouri,4-year,Private for-profit,Masters Colleges and Universities--smaller programs,9590,68.2,7332,97,NULL,NULL,2914,3,NULL,NULL,NULL,NULL,NULL,NULL,19.7,1,38.4,18,96.6,98,NULL
442578,Minnesota School of Business at Plymouth,Plymouth,Minnesota,4-year,Private for-profit,Baccalaureate/Associates Colleges,190,56.3,205,8,NULL,NULL,4299,47,NULL,NULL,25,60,25,48,52.2,16,0,0,19.4,52,4
442602,Carrington College-Albuquerque,Albuquerque,New Mexico,2-year,Private for-profit,Not applicable- not in Carnegie universe,647,84.2,583,59,NULL,NULL,4390,54,NULL,NULL,2.8,1,67.5,68,65.8,42,82,86,21.2,18,286
442718,National American University at Overland Park,Overland Park,Kansas,4-year,Private for-profit,Baccalaureate/Associates Colleges,470,18.7,418,30,NULL,NULL,3186,5,NULL,NULL,0,0,0,0,73.1,66,66.7,68,20,53,1
442745,Medvance Institute - West Palm Beach,Palm Springs,Florida,2-year,Private for-profit,Associates--Private For-profit,365,100,835,74,NULL,NULL,4289,50,NULL,NULL,8.7,9,46.4,24,71.5,54,68.3,51,53.1,67,808
442781,Tohono O'odham Community College,Sells,Arizona,2-year,Public,Tribal Colleges,243,30,130,0,NULL,NULL,6113,92,2020,77,0,0,25,67,38.9,43,42.3,5,39,67,4
442790,Everest College at Dallas,Dallas,Texas,2-year,Private for-profit,Associates--Private For-profit,1071,83,1374,89,NULL,NULL,4082,37,NULL,NULL,43.9,56,50.8,29,80.8,76,46,10,57.8,72,716
442879,Southwest Institute of Healing Arts,Tempe,Arizona,2-year,Private for-profit,Associates--Private For-profit,1108,100,842,75,NULL,NULL,4842,69,NULL,NULL,62.8,79,71.7,76,26.2,2,86.5,94,NULL,NULL,527
442930,University of Antelope Valley,Lancaster,California,4-year,Private for-profit,Associates--Private For-profit,793,100,1024,72,NULL,NULL,4145,38,NULL,NULL,NULL,NULL,NULL,NULL,60.3,30,73.5,78,27.9,71,NULL
443049,Faith Evangelical College & Seminary,Tacoma,Washington,4-year,Private not-for-profit,Theological seminaries- Bible colleges- and other faith-related institutions,135,60,173,6,NULL,NULL,5447,11,NULL,NULL,50,62,83.3,91,40.3,57,80,64,100,95,6
443270,Southeastern College-Jacksonville,Jacksonville,Florida,2-year,Private for-profit,Associates--Private For-profit,205,74.6,256,23,NULL,NULL,4711,63,NULL,NULL,36.6,47,65.9,63,75.3,63,71.9,62,40,50,41
443331,West Coast University,North Hollywood,California,4-year,Private for-profit,Other health professions schools,1374,95.3,1735,85,NULL,NULL,5438,82,NULL,NULL,NULL,NULL,NULL,NULL,42.5,7,83.3,86,38.6,84,NULL
443340,Williamson Christian College,Franklin,Tennessee,4-year,Private not-for-profit,Theological seminaries- Bible colleges- and other faith-related institutions,72,98.6,67,0,NULL,NULL,4720,7,NULL,NULL,0,0,0,0,48.1,73,25,0,15,4,1
443377,Triangle Tech-Sunbury,Sunbury,Pennsylvania,2-year,Private for-profit,Associates--Private For-profit,105,100,176,11,NULL,NULL,7004,95,NULL,NULL,77.6,94,77.6,85,61.7,32,85.2,92,100,94,67
443410,DigiPen Institute of Technology,Redmond,Washington,4-year,Private for-profit,Baccalaureate Colleges--Diverse Fields,894,88.5,1101,74,1225,100,6725,94,NULL,NULL,41.6,87,54.2,89,28.7,2,75.6,81,51,90,166
443438,MedVance Institute at Fort Lauderdale,Lauderdale Lakes,Florida,2-year,Private for-profit,Associates--Private For-profit,214,100,432,44,NULL,NULL,920,0,NULL,NULL,18.9,21,68.2,69,98.9,99,48,11,42.9,56,302
443474,University of Phoenix at Charlotte,Charlotte,North Carolina,4-year,Private for-profit,Schools of business and management,829,100,724,60,NULL,NULL,3972,29,NULL,NULL,0,0,14.6,18,71.1,58,38.1,18,14.9,40,123
443492,Pierpont Community and Technical College,Fairmont,West Virginia,2-year,Public,Associates--Public Rural-serving Medium,2683,64.3,1929,30,NULL,NULL,4881,78,NULL,NULL,4.6,20,11.7,15,51.9,76,38.4,2,31.4,47,626
443526,"ITT Technical Institute (Duluth, Ga.)",Duluth,Georgia,4-year,Private for-profit,Other technology-related schools,591,79.4,568,47,NULL,NULL,4576,59,NULL,NULL,8.3,16,8.3,6,74,70,NULL,NULL,8.8,17,12
443535,"ITT Technical Institute (Hilliard, Ohio)",Hilliard,Ohio,4-year,Private for-profit,Associates--Private For-profit,322,68.9,363,24,NULL,NULL,3531,10,NULL,NULL,NULL,NULL,NULL,NULL,71.1,58,NULL,NULL,21.4,58,NULL
443544,University of Phoenix - Indianapolis Campus,Indianapolis,Indiana,4-year,Private for-profit,Schools of business and management,338,100,376,25,NULL,NULL,4176,40,NULL,NULL,0,0,8.5,7,72.1,62,33.8,14,5.2,5,47
443623,Le Cordon Bleu College of Culinary Arts Atlanta,Tucker,Georgia,2-year,Private for-profit,Associates--Private For-profit,1108,100,1557,94,NULL,NULL,4920,71,NULL,NULL,32.7,40,56.7,40,67.7,45,76.3,73,75.8,86,490
443650,Miller-Motte Technical College at Chattanooga,Chattanooga,Tennessee,2-year,Private for-profit,Associates--Private For-profit,442,62.2,448,47,NULL,NULL,4861,69,NULL,NULL,9.1,10,30.3,9,81.9,78,75,70,23.2,21,33
443687,Westwood College - Chicago Loop,Chicago,Illinois,4-year,Private for-profit,Baccalaureate Colleges--Diverse Fields,417,81.8,830,65,NULL,NULL,4032,33,NULL,NULL,28.1,68,28.1,56,86.6,97,31.2,6,6.9,10,139
443739,Anthem College at Fenton,Fenton,Missouri,2-year,Private for-profit,Associates--Private For-profit,282,100,433,44,NULL,NULL,3840,26,NULL,NULL,75,91,87.5,95,78.5,69,83.3,88,31.2,36,112
443766,Strayer University-Tennessee,Memphis,Tennessee,4-year,Private for-profit,Not applicable- not in Carnegie universe,1196,5.2,1190,76,NULL,NULL,4706,63,NULL,NULL,0,0,0,0,73.9,69,0,0,14.2,38,2
443784,Strayer University-Pennsylvania,Trevose,Pennsylvania,4-year,Private for-profit,Not applicable- not in Carnegie universe,1650,8.7,1557,83,NULL,NULL,4616,60,NULL,NULL,27.3,66,36.4,73,62.6,33,33.3,8,13.3,35,11
443827,Kaplan College at Brownsville,Brownsville,Texas,2-year,Private for-profit,Associates--Private For-profit,461,100,804,72,NULL,NULL,4065,37,NULL,NULL,0,0,77.6,85,23.7,1,89.6,97,25,26,335
443836,Kaplan College at Corpus Christi,Corpus Christi,Texas,2-year,Private for-profit,Associates--Private For-profit,370,100,708,67,NULL,NULL,3104,6,NULL,NULL,0,0,78.6,88,50.6,20,78.6,78,50,63,397
443854,"Everest College at Arlington, Tex.",Arlington,Texas,2-year,Private for-profit,Associates--Private For-profit,643,93.6,938,77,NULL,NULL,4130,40,NULL,NULL,54.5,69,62,53,72.7,57,70.8,58,41.4,53,635
443881,University of Phoenix - Columbus Georgia Campus,Columbus,Georgia,4-year,Private for-profit,Baccalaureate Colleges--Diverse Fields,792,100,681,57,NULL,NULL,4213,43,NULL,NULL,0,0,17.7,28,75.5,74,43.5,28,11,27,158
443890,University of Phoenix - Memphis Campus,Cordova,Tennessee,4-year,Private for-profit,Masters Colleges and Universities--medium programs,1147,100,937,70,NULL,NULL,4321,48,NULL,NULL,0,0,16.6,25,79.3,84,47.2,36,12.4,32,181
443924,University of Phoenix at Little Rock,Little Rock,Arkansas,4-year,Private for-profit,Schools of business and management,553,100,461,35,NULL,NULL,4176,40,NULL,NULL,0,0,15.3,22,75.4,74,29.3,5,5.4,6,308
444088,Brookline College at Albuquerque,Albuquerque,New Mexico,4-year,Private for-profit,Associates--Private For-profit,272,100,330,19,NULL,NULL,4057,35,NULL,NULL,NULL,NULL,NULL,NULL,77,79,44.4,30,69.4,96,NULL
444158,Colorado Technical University Online,Colorado Springs,Colorado,4-year,Private for-profit,Masters Colleges and Universities--larger programs,18061,56.1,20096,99,NULL,NULL,4900,69,NULL,NULL,20,48,40,78,67.8,46,42.6,26,2.4,1,5
444167,Baker College of Allen Park,Allen Park,Michigan,4-year,Private not-for-profit,Baccalaureate/Associates Colleges,3795,53.6,2690,79,NULL,NULL,4264,5,9057,31,NULL,NULL,NULL,NULL,70.8,92,33.3,1,6.9,1,NULL
444219,Folsom Lake College,Folsom,California,2-year,Public,Associates--Public Urban-serving Multicampus,8034,25.1,5308,69,NULL,NULL,2058,2,NULL,NULL,9.4,50,29.8,81,19.3,5,73.9,95,38.9,67,577
444255,Daymar Institute at Murfreesboro,Murfreesboro,Tennessee,4-year,Private for-profit,Associates--Private For-profit,190,82.1,313,17,NULL,NULL,5247,79,NULL,NULL,NULL,NULL,NULL,NULL,81.3,89,NULL,NULL,21.2,57,NULL
444343,Advanced College,South Gate,California,2-year,Private for-profit,Associates--Private For-profit,227,100,156,8,NULL,NULL,7447,96,NULL,NULL,33.8,44,64.3,59,90.5,93,86.7,95,23.5,21,269
444389,Anamarc College,El Paso,Texas,2-year,Private for-profit,Associates--Private For-profit,347,100,199,15,NULL,NULL,2130,3,NULL,NULL,75.7,91,76.3,83,61.5,32,78.5,77,27.1,31,642
444398,Baptist University of the Americas,San Antonio,Texas,4-year,Private not-for-profit,Theological seminaries- Bible colleges- and other faith-related institutions,189,74.1,151,5,NULL,NULL,4987,9,16768,48,0,0,29.4,9,39.8,56,61.9,18,30.3,19,17
444413,Beis Medrash Heichal Dovid,Far Rockaway,New York,4-year,Private not-for-profit,Theological seminaries- Bible colleges- and other faith-related institutions,96,100,94,2,NULL,NULL,6257,14,NULL,NULL,10,4,10,2,27,28,66.7,26,40,32,30
444565,Culinary Institute LeNotre,Houston,Texas,2-year,Private for-profit,Associates--Private For-profit,374,33.7,432,44,NULL,NULL,3171,7,NULL,NULL,58,73,58,42,79.7,73,64,39,40,50,112
444574,Dade Medical College at Miami,Miami,Florida,4-year,Private for-profit,Associates--Private For-profit,1083,100,868,66,NULL,NULL,4056,35,NULL,NULL,NULL,NULL,NULL,NULL,48.4,12,NULL,NULL,68.1,95,NULL
444778,New Life Theological Seminary,Charlotte,North Carolina,4-year,Private not-for-profit,Theological seminaries- Bible colleges- and other faith-related institutions,122,44.3,108,2,NULL,NULL,2093,1,NULL,NULL,40,45,40,22,61.7,87,0,0,22.2,10,10
444927,Art Institute of Tucson,Tucson,Arizona,4-year,Private for-profit,Schools of art- music- and design,426,71.6,451,33,NULL,NULL,5451,83,NULL,NULL,0,0,0,0,70,54,46.3,35,14,36,2
444954,Mountwest Community and Technical College,Huntington,West Virginia,2-year,Public,Associates--Public Rural-serving Medium,2257,62.1,1828,28,NULL,NULL,4367,64,NULL,NULL,3.9,15,6.8,2,42.4,51,37.2,1,38.3,66,545
444972,Centura College at Columbia,Columbia,South Carolina,2-year,Private for-profit,Associates--Private For-profit,64,48.4,226,17,NULL,NULL,4101,38,NULL,NULL,79.7,95,79.7,89,34.4,6,55,18,37.5,47,74
445018,Kanawha Valley Community & Technical College,South Charleston,West Virginia,2-year,Public,Associates--Public Rural-serving Small,1573,62.6,1014,11,NULL,NULL,4358,64,70,8,6.2,32,7.5,4,56.3,82,40.7,3,45.6,78,161
445027,American InterContinental University Online,Schaumburg,Illinois,4-year,Private for-profit,Masters Colleges and Universities--larger programs,10105,53.8,13434,99,NULL,NULL,4969,71,NULL,NULL,18.2,44,18.2,29,69.8,53,34.4,14,9.8,21,11
445072,Westwood College-Atlanta Midtown,Atlanta,Georgia,4-year,Private for-profit,Baccalaureate/Associates Colleges,448,77.9,764,62,NULL,NULL,4030,33,NULL,NULL,16.7,42,16.7,25,97.8,100,NULL,NULL,22.2,60,108
445081,"ITT Technical Institute (Eden Prairie, Minn.)",Eden Prairie,Minnesota,4-year,Private for-profit,Other technology-related schools,208,71.2,289,15,NULL,NULL,3679,15,NULL,NULL,0,0,0,0,65.3,40,NULL,NULL,5.1,5,20
445090,Virginia College at Mobile,Mobile,Alabama,2-year,Private for-profit,Associates--Private For-profit,561,75.8,446,46,NULL,NULL,3998,33,NULL,NULL,7.6,7,10.9,2,84.7,81,85.4,93,42.2,55,92
445115,Le Cordon Bleu College of Culinary Arts Las Vegas,Las Vegas,Nevada,2-year,Private for-profit,Associates--Private For-profit,605,100,900,77,NULL,NULL,4800,67,NULL,NULL,42.2,54,55.2,36,61.4,31,53.6,16,50,63,393
445124,International Academy of Design and Technology (Mich.),Troy,Michigan,4-year,Private for-profit,Schools of art- music- and design,351,73.8,563,47,NULL,NULL,5071,74,NULL,NULL,16.6,42,21.8,39,72.7,64,52.9,48,20,53,193
445133,American InterContinental University at Houston,Houston,Texas,4-year,Private for-profit,Schools of business and management,463,55.5,462,35,NULL,NULL,5305,79,NULL,NULL,25,60,25,48,66.7,44,60,58,34.3,80,8
445188,University of California-Merced,Merced,California,4-year,Public,Not applicable- not in Carnegie universe,5837,99,5651,46,1010,43,17135,100,1156,13,26.8,63,56.7,73,59.8,93,84.3,82,81.6,87,668
445197,Everest College at Fort Worth,Fort Worth,Texas,2-year,Private for-profit,Associates--Private For-profit,505,91.1,769,70,NULL,NULL,3967,32,NULL,NULL,52.7,68,59.3,45,71.1,53,60.8,29,45.5,58,457
445203,Remington College - Houston North,Houston,Texas,2-year,Private not-for-profit,Associates--Private For-profit,474,100,807,84,NULL,NULL,3973,40,NULL,NULL,57.6,66,69.5,69,74.9,79,72.7,68,88.9,87,545
445230,Pima Medical Institute-Las Vegas,Las Vegas,Nevada,2-year,Private for-profit,Associates--Private For-profit,1018,100,1648,94,NULL,NULL,4306,51,NULL,NULL,16.2,18,51.5,31,49.2,19,58.9,26,47.7,61,1193
445249,"Remington College (Nashville, Tenn.)",Nashville,Tennessee,2-year,Private not-for-profit,Associates--Private For-profit,298,100,544,72,NULL,NULL,4063,43,NULL,NULL,58.7,67,65.3,66,66.2,63,48.2,18,52,53,334
445258,Platt College - North Oklahoma City,Oklahoma City,Oklahoma,4-year,Private for-profit,Associates--Private For-profit 4-year Primarily Associates,266,100,390,28,NULL,NULL,5970,89,NULL,NULL,80,96,80,96,80.3,87,NULL,NULL,32.1,77,5
445276,Westwood College-Atlanta Northlake,Atlanta,Georgia,4-year,Private for-profit,Baccalaureate/Associates Colleges,420,80.2,545,45,NULL,NULL,3743,16,NULL,NULL,26.7,65,26.7,54,95.4,100,66.7,68,18.5,50,75
445300,University of Phoenix at Jersey City,Jersey City,New Jersey,4-year,Private for-profit,Baccalaureate Colleges--Diverse Fields,455,100,337,20,NULL,NULL,3999,31,NULL,NULL,0.9,4,7.3,4,61.7,32,44.4,30,37,83,110
445319,University of Phoenix - Minneapolis/St. Paul Campus,Saint Louis Park,Minnesota,4-year,Private for-profit,Masters Colleges and Universities--smaller programs,153,100,151,4,NULL,NULL,4523,57,NULL,NULL,0,0,10.5,10,60.9,31,31.6,7,14.3,38,19
445328,Kaplan College at Fort Worth,Fort Worth,Texas,2-year,Private for-profit,Associates--Private For-profit,282,100,395,40,NULL,NULL,3445,12,NULL,NULL,0,0,67.9,68,36.9,8,75.4,71,16.7,12,368
445346,Kaplan College at Lubbock,Lubbock,Texas,2-year,Private for-profit,Associates--Private For-profit,267,100,466,49,NULL,NULL,3761,22,NULL,NULL,0,0,64.6,60,68.9,48,68.1,50,5.9,1,379
445391,University of Phoenix at Louisville,Louisville,Kentucky,4-year,Private for-profit,Baccalaureate Colleges--Diverse Fields,203,100,151,4,NULL,NULL,3978,30,NULL,NULL,0,0,12.5,14,72.9,65,68.8,74,9.1,18,16
445434,Everest University - Orange Park,Orange Park,Florida,4-year,Private for-profit,Baccalaureate/Associates Colleges,711,80.9,976,71,NULL,NULL,4540,57,NULL,NULL,40,86,60,91,75.2,73,NULL,NULL,32.5,77,5
445470,Everest College at McLean,Vienna,Virginia,2-year,Private for-profit,Associates--Private For-profit,237,87.8,382,38,NULL,NULL,3550,16,NULL,NULL,49.7,63,65.2,61,56.4,26,75,70,35.7,44,330
445559,Vatterott College-O'Fallon,St Charles,Missouri,2-year,Private for-profit,Associates--Private For-profit,305,100,436,45,NULL,NULL,3872,27,NULL,NULL,51.5,66,55.2,36,32.8,5,61.8,32,27.8,32,163
445601,Anthem Career College at Memphis,Memphis,Tennessee,2-year,Private for-profit,Associates--Private For-profit,883,100,1285,87,NULL,NULL,4638,61,NULL,NULL,57.3,71,68.5,70,77.8,68,69.3,54,33.3,39,232
445610,Anthem College at Kansas City,Kansas City,Missouri,2-year,Private for-profit,Associates--Private For-profit,74,100,370,36,NULL,NULL,4284,50,NULL,NULL,45.5,57,58.2,42,69.5,50,71.1,59,75,86,55
445674,Bridgemont Community and Technical College,Montgomery,West Virginia,2-year,Public,Associates--Public Suburban-serving Single Campus,1162,37.4,587,5,NULL,NULL,4765,75,85,9,18.8,82,19.5,47,25.3,12,51.4,22,53.5,89,149
445692,Neumont University,Salt Lake City,Utah,4-year,Private for-profit,Other technology-related schools,420,100,450,33,1104,89,6527,93,NULL,NULL,54.3,93,54.3,89,53.9,18,82.5,85,51.9,90,116
445708,Johnson & Wales University (N.C.),Charlotte,North Carolina,4-year,Private not-for-profit,Baccalaureate/Associates Colleges,2325,98.3,2518,76,NULL,NULL,13124,46,15311,46,40.8,47,48.1,37,51.1,78,72.4,42,79.1,82,507
445717,University of Phoenix - Central Valley Campus,Fresno,California,4-year,Private for-profit,Masters Colleges and Universities--smaller programs,2348,100,1858,86,NULL,NULL,4094,36,NULL,NULL,0.8,3,18.3,31,63,35,50.8,45,12.3,32,252
445726,L'Ecole Culinaire,St. Louis,Missouri,2-year,Private for-profit,Associates--Private For-profit,269,100,686,66,NULL,NULL,3178,7,NULL,NULL,33.9,45,37.9,15,32.8,5,37.1,6,88.9,92,174
445753,Medvance Institute at Miami,Miami,Florida,2-year,Private for-profit,Associates--Private For-profit,130,100,327,33,NULL,NULL,4812,67,NULL,NULL,22.3,25,73.9,80,68.3,46,66.7,46,40,50,188
445762,Aviation Institute of Maintenance-Manassas,Manassas,Virginia,2-year,Private for-profit,Not applicable- not in Carnegie universe,77,94.8,239,20,NULL,NULL,3518,14,NULL,NULL,33.3,41,33.3,12,33.3,5,100,100,100,94,36
445814,Heritage College (Mo.),Kansas City,Missouri,2-year,Private for-profit,Associates--Private For-profit,616,100,854,75,NULL,NULL,3442,12,NULL,NULL,6,4,60.9,49,64.3,37,63.2,36,48.9,62,562
445920,Minnesota School of Business at St. Cloud,Waite Park,Minnesota,4-year,Private for-profit,Baccalaureate/Associates Colleges,354,69.8,405,29,NULL,NULL,6283,92,NULL,NULL,30,71,30,59,65.4,40,40,20,36.4,82,10
445939,Minnesota School of Business at Shakopee,Shakopee,Minnesota,4-year,Private for-profit,Baccalaureate/Associates Colleges,117,65,175,5,NULL,NULL,5570,84,NULL,NULL,45.5,89,63.6,92,49.8,13,100,91,35.3,81,11
446048,Ave Maria University,Ave Maria,Florida,4-year,Private not-for-profit,Baccalaureate Colleges--Arts & Sciences,906,98.2,907,33,1070,55,15463,59,1670,6,54.7,70,57.7,56,32.1,38,69.8,34,79.2,82,137
446093,Cambridge Junior College,Yuba City,California,2-year,Private for-profit,Associates--Private For-profit,167,100,121,5,NULL,NULL,3964,32,NULL,NULL,42.5,55,70.4,74,65.1,39,86.7,95,36.4,44,179
446233,Ecclesia College,Springdale,Arkansas,4-year,Private not-for-profit,Theological seminaries- Bible colleges- and other faith-related institutions,178,80.9,166,5,NULL,NULL,8307,21,69,0,17.4,10,17.4,4,50,76,47.2,4,15.2,4,23
446385,Los Angeles Music Academy,Pasadena,California,2-year,Private for-profit,Associates--Private For-profit,148,95.9,172,10,NULL,NULL,7255,95,NULL,NULL,65.8,84,73.7,80,21,1,71,59,0,0,38
446552,Southern Technical College at Orlando,Orlando,Florida,2-year,Private for-profit,Associates--Private For-profit,1502,100,1410,90,NULL,NULL,4588,60,NULL,NULL,31.1,38,51.3,30,80.9,76,74.3,68,100,94,1033
446604,Uta Mesivta of Kiryas Joel,Monroe,New York,4-year,Private not-for-profit,Theological seminaries- Bible colleges- and other faith-related institutions,1561,100,1514,53,NULL,NULL,10021,29,NULL,NULL,0,0,65.6,71,90.9,99,94.7,94,100,95,259
446640,Harrisburg University of Science and Technology,Harrisburg,Pennsylvania,4-year,Private not-for-profit,Baccalaureate Colleges--Arts & Sciences,289,93.8,258,10,NULL,NULL,11547,36,NULL,NULL,23.8,18,38.1,18,55.4,83,63.2,20,23.5,11,42
446668,Art Institute of Ohio - Cincinnati,Cincinnati,Ohio,4-year,Private for-profit,Associates--Private For-profit,834,69.3,778,63,NULL,NULL,4028,33,NULL,NULL,NULL,NULL,NULL,NULL,66.4,43,52.8,48,29,73,NULL
446677,Stevens-Henager College at Logan,Logan,Utah,4-year,Private not-for-profit,Baccalaureate Colleges--Diverse Fields,140,100,246,9,NULL,NULL,5101,9,NULL,NULL,22.6,16,22.6,6,79.4,96,100,99,33.3,22,62
446738,University of Phoenix at San Antonio,San Antonio,Texas,4-year,Private for-profit,Schools of business and management,816,100,684,57,NULL,NULL,3358,7,NULL,NULL,0,0,18.3,31,46.2,10,44.4,30,10.1,23,82
446747,University of Phoenix at Austin,Austin,Texas,4-year,Private for-profit,Schools of business and management,704,100,512,41,NULL,NULL,3988,30,NULL,NULL,0,0,8.6,7,55.2,20,43.6,29,9.6,20,70
446756,University of Phoenix at Richmond,Glen Allen,Virginia,4-year,Private for-profit,Schools of business and management,640,100,508,40,NULL,NULL,4051,34,NULL,NULL,0,0,0,0,57.5,24,31.4,7,11.7,30,17
446765,University of Phoenix at Raleigh,Raleigh,North Carolina,4-year,Private for-profit,Schools of business and management,148,100,251,12,NULL,NULL,3693,15,NULL,NULL,0,0,12.5,14,57.2,23,27.8,4,4.5,4,48
446774,Blue Ridge Community and Technical College,Martinsburg,West Virginia,2-year,Public,Associates--Public Rural-serving Medium,5020,23.7,1916,30,NULL,NULL,3901,48,NULL,NULL,3.7,13,13.4,23,35.1,33,57,47,33.7,53,269
446792,International Academy of Design and Technology at Henderson,Henderson,Nevada,4-year,Private for-profit,Schools of art- music- and design,447,77,619,54,NULL,NULL,5183,76,NULL,NULL,14.8,36,18,28,69.8,53,46.3,35,14.3,38,61
446808,International Academy of Design and Technology-Seattle,Tukwila,Washington,4-year,Private for-profit,Schools of art- music- and design,384,77.6,426,31,NULL,NULL,4868,67,NULL,NULL,23.3,56,40,78,59.7,28,53.8,50,11.9,30,30
446835,Le Cordon Bleu College of Culinary Arts-Miami,Miramar,Florida,2-year,Private for-profit,Associates--Private For-profit,721,100,1338,88,NULL,NULL,4967,72,NULL,NULL,38.9,50,71.7,76,70,50,74.5,69,61.5,76,586
446844,Le Cordon Bleu College of Culinary Arts Minneapolis/St. Paul,Mendota Heights,Minnesota,2-year,Private for-profit,Associates--Private For-profit,572,100,1002,81,NULL,NULL,4710,63,NULL,NULL,32.7,40,59.4,45,48.4,17,72.1,64,66.7,81,431
446880,Career Technical College at Shreveport,Shreveport,Louisiana,2-year,Private for-profit,Associates--Private For-profit,395,80.8,484,50,NULL,NULL,5787,86,NULL,NULL,4.2,2,41.7,19,87.6,87,67.1,48,38.7,48,24
446899,ITT Technical Institute-Kansas City,Kansas City,Missouri,4-year,Private for-profit,Other technology-related schools,362,82.9,430,32,NULL,NULL,4460,54,NULL,NULL,13.3,31,20,34,74.9,72,NULL,NULL,4.2,4,15
446905,ITT Technical Institute-Kennesaw,Kennesaw,Georgia,4-year,Private for-profit,Associates--Private For-profit 4-year Primarily Associates,351,79.2,369,25,NULL,NULL,4169,40,NULL,NULL,0,0,0,0,73.6,67,0,0,13.3,35,5
446914,ITT Technical Institute-Owings Mills,Owings Mills,Maryland,4-year,Private for-profit,Associates--Private For-profit 4-year Primarily Associates,616,70.1,719,60,NULL,NULL,3775,19,NULL,NULL,0,0,0,0,70.2,55,NULL,NULL,15.7,44,4
446923,ITT Technical Institute-Warrensville Heights,Warrensville Heights,Ohio,4-year,Private for-profit,Associates--Private For-profit,458,75.1,462,35,NULL,NULL,4377,51,NULL,NULL,NULL,NULL,NULL,NULL,83.5,93,NULL,NULL,22.4,60,NULL
447014,Daytona College,Ormond Beach,Florida,2-year,Private for-profit,Associates--Private For-profit,327,100,394,39,NULL,NULL,4080,37,NULL,NULL,55.6,70,55.6,37,78.7,70,90.3,98,39.1,49,169
447050,United States University,Chula Vista,California,4-year,Private for-profit,Baccalaureate Colleges--Arts & Sciences,178,61.8,138,3,NULL,NULL,3747,17,NULL,NULL,NULL,NULL,NULL,NULL,35,4,NULL,NULL,9.1,18,NULL
447069,Westwood College-Arlington Ballston,Arlington,Virginia,4-year,Private for-profit,Baccalaureate/Associates Colleges,371,71.2,731,60,NULL,NULL,3632,13,NULL,NULL,39.6,85,39.6,77,78.8,83,44.4,30,18.9,51,53
447102,Kaplan College - Bakersfield,Bakersfield,California,2-year,Private for-profit,Associates--Private For-profit,512,100,829,73,NULL,NULL,3935,31,NULL,NULL,0,0,75.8,82,70.3,51,84.5,91,20,16,496
447120,Kaplan College - Fresno,Clovis,California,2-year,Private for-profit,Associates--Private For-profit,312,100,557,56,NULL,NULL,3383,11,NULL,NULL,0,0,76.2,83,44.4,13,86.6,94,28.6,33,298
447263,AmeriTech College at Draper,Draper,Utah,4-year,Private for-profit,Associates--Private For-profit,1036,100,1361,80,NULL,NULL,8486,97,NULL,NULL,NULL,NULL,NULL,NULL,58.6,26,NULL,NULL,16.9,46,NULL
447272,Argosy University-Los Angeles,Los Angeles,California,4-year,Private for-profit,Baccalaureate Colleges--Arts & Sciences,319,26.3,220,9,NULL,NULL,3973,30,NULL,NULL,NULL,NULL,NULL,NULL,67.5,45,61.1,61,0,0,NULL
447290,Brown Mackie College-Miami,Miramar,Florida,4-year,Private for-profit,Associates--Private For-profit 4-year Primarily Associates,953,100,931,70,NULL,NULL,4126,37,NULL,NULL,NULL,NULL,NULL,NULL,85.5,96,50,38,8.7,16,NULL
447351,San Joaquin Valley College at Modesto,Salida,California,2-year,Private for-profit,Associates--Private For-profit,318,100,399,40,NULL,NULL,4917,71,NULL,NULL,44.2,56,67.3,67,89.7,92,62.5,33,75,86,199
447360,Fortis College at Largo,Largo,Florida,4-year,Private for-profit,Associates--Private For-profit,279,100,495,38,NULL,NULL,4353,49,NULL,NULL,NULL,NULL,NULL,NULL,51,15,100,91,67.9,95,NULL
447379,Platt College at Moore,Moore,Oklahoma,2-year,Private for-profit,Associates--Private For-profit,172,100,348,34,NULL,NULL,6305,90,NULL,NULL,68.6,86,68.6,70,77.6,68,61,30,61.9,76,118
447421,Eagle Gate College at Layton,Layton,Utah,4-year,Private for-profit,Associates--Private For-profit 4-year Primarily Associates,241,52.7,514,41,NULL,NULL,3064,4,NULL,NULL,NULL,NULL,NULL,NULL,72.4,63,100,91,15.7,44,NULL
447458,Expression College for Digital Arts,Emeryville,California,4-year,Private for-profit,Schools of art- music- and design,574,100,608,53,NULL,NULL,6032,89,NULL,NULL,0,0,0,0,47.7,11,83.8,88,40.5,85,161
447582,New River Community and Technical College,Beckley,West Virginia,2-year,Public,Associates--Public Rural-serving Medium,2551,65,2234,35,NULL,NULL,2729,11,NULL,NULL,2.1,4,10.2,11,47.7,65,39.7,2,32.7,50,471
447625,Eagle Gate College at Salt Lake City,Salt Lake City,Utah,2-year,Private for-profit,Associates--Private For-profit,186,37.1,283,28,NULL,NULL,4012,35,NULL,NULL,57.8,72,65.6,63,65.6,41,82.4,86,21.1,18,64
447634,Kaplan College at Palm Springs,Palm Springs,California,2-year,Private for-profit,Associates--Private For-profit,362,100,599,60,NULL,NULL,3396,11,NULL,NULL,0,0,77.5,85,31.5,3,82.1,86,19,15,302
447670,Minnesota School of Business-Rochester,Rochester,Minnesota,4-year,Private for-profit,Baccalaureate/Associates Colleges,264,79.2,335,20,NULL,NULL,6053,90,NULL,NULL,12.5,28,12.5,14,58.2,25,37.5,16,23.3,62,8
447689,Georgia Gwinnett College,Lawrenceville,Georgia,4-year,Public,Baccalaureate Colleges--Diverse Fields,9719,70.3,7993,58,NULL,NULL,4003,6,NULL,NULL,5.4,4,26.8,11,53.1,86,63.2,17,64.5,54,295
447768,American Career College at Ontario,Ontario,California,2-year,Private for-profit,Associates--Private For-profit,1634,100,1312,88,NULL,NULL,4252,48,NULL,NULL,11.3,12,63.6,58,65.2,40,72,63,26.7,29,1622
447847,Aviator College of Aeronautical Science and Technology,Fort Pierce,Florida,2-year,Private for-profit,Not applicable- not in Carnegie universe,126,100,103,3,NULL,NULL,1677,1,NULL,NULL,64.9,83,64.9,61,9.2,0,85.7,93,100,94,37
447935,ATA College,Louisville,Kentucky,2-year,Private for-profit,Associates--Private For-profit,427,100,471,50,NULL,NULL,6016,87,NULL,NULL,63.9,81,66.7,64,79.1,72,69.6,54,12.5,9,72
447953,School of Urban Missions,Oakland,California,4-year,Private not-for-profit,Theological seminaries- Bible colleges- and other faith-related institutions,348,90.5,400,16,NULL,NULL,6951,16,NULL,NULL,75,90,75,83,84.7,97,53.5,9,11.8,3,4
448309,"Shorter University, College of Professional Studies",Marietta,Georgia,4-year,Private not-for-profit,Masters Colleges and Universities--medium programs,922,100,722,26,NULL,NULL,4100,5,NULL,NULL,9.8,4,29.4,9,64.6,89,100,99,35.8,26,51
448345,The Art Institute of Indianapolis,Indianapolis,Indiana,4-year,Private for-profit,Schools of art- music- and design,862,60.7,880,67,NULL,NULL,3594,12,NULL,NULL,18.1,44,24.1,45,60.8,31,45.5,33,15.3,42,83
448354,Eastern International College at Belleville,Belleville,New Jersey,2-year,Private for-profit,Associates--Private For-profit,216,68.5,75,1,NULL,NULL,6745,92,NULL,NULL,89.2,98,89.2,96,89.2,90,82.3,86,56,70,65
448372,San Joaquin Valley College at Rancho Cordova,Rancho Cordova,California,2-year,Private for-profit,Associates--Private For-profit,144,100,207,16,NULL,NULL,4962,71,NULL,NULL,50,63,50,28,59.5,29,NULL,NULL,50,63,4
448415,MedTech College at Indianapolis,Indianapolis,Indiana,2-year,Private for-profit,Associates--Private For-profit,603,100,1481,92,NULL,NULL,4785,66,NULL,NULL,7.2,7,59.9,47,45.8,15,69.2,53,46.6,59,237
448442,ITT Technical Institute-Charlotte South,Charlotte,North Carolina,4-year,Private for-profit,Associates--Private For-profit 4-year Primarily Associates,369,76.4,421,31,NULL,NULL,4137,37,NULL,NULL,17.2,43,20.7,37,79.7,85,NULL,NULL,7.3,11,29
448451,ITT Technical Institute-Clovis,Clovis,California,4-year,Private for-profit,Associates--Private For-profit 4-year Primarily Associates,439,80,506,40,NULL,NULL,4737,64,NULL,NULL,13.6,32,27.3,55,75.5,74,NULL,NULL,9.1,18,22
448460,ITT Technical Institute at Dunmore,Dunmore,Pennsylvania,2-year,Private for-profit,Associates--Private For-profit,186,79,174,11,NULL,NULL,4677,62,NULL,NULL,26.3,31,34.2,13,73.5,59,79.2,80,8.7,4,38
448479,ITT Technical Institute-Swartz Creek,Swartz Creek,Michigan,4-year,Private for-profit,Associates--Private For-profit,402,67.2,465,35,NULL,NULL,3754,17,NULL,NULL,NULL,NULL,NULL,NULL,77.4,79,NULL,NULL,9.4,19,NULL
448488,ITT Technical Institute-Lexington,Lexington,Kentucky,4-year,Private for-profit,Associates--Private For-profit 4-year Primarily Associates,242,74.8,250,11,NULL,NULL,3722,16,NULL,NULL,10,23,10,10,80.4,87,NULL,NULL,8.3,15,10
448497,ITT Technical Institute-Maumee,Maumee,Ohio,4-year,Private for-profit,Associates--Private For-profit,219,78.5,279,14,NULL,NULL,4010,32,NULL,NULL,NULL,NULL,NULL,NULL,82.4,91,NULL,NULL,2.1,0,NULL
448503,ITT Technical Institute-Oklahoma City,Oklahoma City,Oklahoma,4-year,Private for-profit,Associates--Private For-profit 4-year Primarily Associates,408,62,390,28,NULL,NULL,4274,46,NULL,NULL,9.1,19,9.1,8,75.9,75,NULL,NULL,14.9,40,11
448512,ITT Technical Institute-Tulsa,Tulsa,Oklahoma,4-year,Private for-profit,Associates--Private For-profit 4-year Primarily Associates,519,69.7,536,43,NULL,NULL,4663,62,NULL,NULL,8.3,16,8.3,6,73,65,NULL,NULL,17.9,48,12
448576,The Art Institute of California-Argosy University Inland Empire,San Bernardino,California,4-year,Private for-profit,Schools of art- music- and design,2307,61.6,2238,90,NULL,NULL,4505,56,NULL,NULL,18.5,46,30.3,60,74,70,73,77,35.5,81,119
448585,National American University-Zona Rosa,Kansas City,Missouri,4-year,Private for-profit,Other health professions schools,477,12.8,380,26,NULL,NULL,3072,5,NULL,NULL,0,0,0,0,76.4,77,33.3,8,25,66,6
448594,West Hills College Lemoore,Lemoore,California,2-year,Public,Associates--Public Rural-serving Medium,4102,33.2,3102,47,NULL,NULL,3485,31,NULL,NULL,7.9,41,19.4,47,44,56,71.7,93,28.5,36,304
448600,Stautzenberger College: Strongsville,Brecksville,Ohio,2-year,Private for-profit,Associates--Private For-profit,317,54.6,260,23,NULL,NULL,2139,3,NULL,NULL,0,0,55.6,37,65.3,40,70.6,57,18.9,15,9
448628,Westwood College-Annandale,Annandale,Virginia,4-year,Private for-profit,Baccalaureate/Associates Colleges,348,73,562,47,NULL,NULL,3047,4,NULL,NULL,39.4,84,39.4,77,60.3,30,52.4,47,12.1,31,33
448664,Miller-Motte Technical College -Nashville,Madison,Tennessee,2-year,Private for-profit,Associates--Private For-profit,425,67.8,441,45,NULL,NULL,4902,70,NULL,NULL,58.8,73,58.8,44,85.8,84,58.3,25,29.2,34,51
448673,Rasmussen College-Illinois,Rockford,Illinois,4-year,Private for-profit,Associates--Private For-profit,1851,54.6,1556,83,NULL,NULL,3584,11,NULL,NULL,NULL,NULL,NULL,NULL,67.7,46,60,58,23.5,62,NULL
448734,Argosy University-Denver,Denver,Colorado,4-year,Private for-profit,Baccalaureate Colleges--Arts & Sciences,154,35.7,111,2,NULL,NULL,4215,43,NULL,NULL,NULL,NULL,NULL,NULL,54.7,20,0,0,4.1,3,NULL
448761,CollegeAmerica Fort Collins,Fort Collins,Colorado,4-year,Private not-for-profit,Other health professions schools,159,100,317,12,NULL,NULL,15035,57,NULL,NULL,0,0,18.3,4,73.5,93,52.9,8,5.6,1,60
448840,University of South Florida at St. Petersburg,St. Petersburg,Florida,4-year,Public,Masters Colleges and Universities--medium programs,4025,66,4072,35,1070,65,5005,26,3609,44,22,50,42.7,40,39.3,54,59.9,11,48.3,25,227
448859,Triangle Tech at Bethlehem,Bethlehem,Pennsylvania,2-year,Private for-profit,Associates--Private For-profit,133,100,208,16,NULL,NULL,4992,73,NULL,NULL,67.2,85,71.6,76,63.8,36,78.7,79,100,94,67
449010,The Art Institute of Tennessee-Nashville,Nashville,Tennessee,4-year,Private for-profit,Schools of art- music- and design,991,93.4,1085,74,NULL,NULL,5909,88,NULL,NULL,30,71,30,59,63,35,41.4,24,27.9,71,40
449038,Strayer University-Florida,Tampa,Florida,4-year,Private for-profit,Not applicable- not in Carnegie universe,2005,14.5,2049,88,NULL,NULL,6446,92,NULL,NULL,0,0,33.3,65,69.9,54,42.9,27,7.2,11,3
449074,Pima Medical Institute at Renton,Renton,Washington,2-year,Private for-profit,Associates--Private For-profit,889,100,1139,84,NULL,NULL,4721,64,NULL,NULL,20,21,69.6,72,46,15,71.9,62,32.6,38,925
449083,College of Business and Technology at Flagler,Miami,Florida,2-year,Private for-profit,Associates--Private For-profit,323,100,353,35,NULL,NULL,6500,90,NULL,NULL,76.8,93,76.8,84,100,100,81.4,85,35,42,211
449092,College of Business and Technology at Hialeah,Hialeah,Florida,2-year,Private for-profit,Associates--Private For-profit,178,100,350,34,NULL,NULL,6500,90,NULL,NULL,82.7,96,82.7,92,100,100,93,99,100,94,255
449117,Miller-Motte College at Cary,Cary,North Carolina,2-year,Private for-profit,Associates--Private For-profit,320,69.1,367,35,NULL,NULL,4530,58,NULL,NULL,3.2,1,41.9,20,73.7,59,56.2,20,29.7,34,31
449126,Miami-Jacobs Career College at Springboro,Springboro,Ohio,2-year,Private for-profit,Associates--Private For-profit,222,67.1,239,20,NULL,NULL,4521,58,NULL,NULL,7.4,7,44.4,21,86.9,85,54.3,17,14.3,10,27
449524,Taylor College,Belleview,Florida,2-year,Private for-profit,Not applicable- not in Carnegie universe,234,100,305,29,NULL,NULL,3704,20,NULL,NULL,93.3,98,93.3,98,58.6,29,82.6,87,25,26,30
449612,Louisiana Culinary Institute,Baton Rouge,Louisiana,2-year,Private for-profit,Associates--Private For-profit,195,100,187,13,NULL,NULL,6557,91,NULL,NULL,11.3,12,58.5,43,54.4,24,65.2,43,100,94,53
449658,Bais Medrash Toras Chesed,Lakewood,New Jersey,4-year,Private not-for-profit,Theological seminaries- Bible colleges- and other faith-related institutions,114,99.1,120,3,NULL,NULL,8231,21,NULL,NULL,0,0,17.9,4,42.9,62,89.3,86,45.5,40,28
449764,Visible School,Memphis,Tennessee,4-year,Private not-for-profit,Schools of art- music- and design,118,93.2,65,0,1070,55,4958,8,8,0,0,0,0,0,44.4,65,70.8,37,64.3,66,14
449870,University of the West,Rosemead,California,4-year,Private not-for-profit,Baccalaureate Colleges--Diverse Fields,142,89.4,104,2,NULL,NULL,5810,12,38077,71,33.3,35,33.3,12,17.2,9,80,64,100,95,3
449898,South University-Tampa,Tampa,Florida,4-year,Private for-profit,Baccalaureate Colleges--Diverse Fields,654,45.3,584,50,NULL,NULL,4619,60,NULL,NULL,4.2,9,4.2,0,65.2,39,80,83,15,41,24
450003,Miami-Jacobs Career College at Troy,Troy,Ohio,2-year,Private for-profit,Associates--Private For-profit,277,72.9,316,31,NULL,NULL,4731,64,NULL,NULL,0,0,18.5,2,71.3,54,60.9,30,33.3,39,27
450049,The Art Institute of Salt Lake City,Draper,Utah,4-year,Private for-profit,Schools of art- music- and design,466,77.3,579,49,NULL,NULL,5139,75,NULL,NULL,9.5,21,14.3,17,67.4,45,63,64,15.7,44,21
450058,Fortis College at Columbus,Westerville,Ohio,2-year,Private for-profit,Associates--Private For-profit,628,100,1035,81,NULL,NULL,4208,44,NULL,NULL,28.1,33,61.9,52,65.8,42,55.7,20,86.4,92,713
450067,Fortis College at Cincinnati,Cincinnati,Ohio,2-year,Private for-profit,Associates--Private For-profit,501,100,837,74,NULL,NULL,4775,65,NULL,NULL,24.9,28,64,58,98.6,99,60.9,30,48.7,62,397
450085,The Art Institute of Charleston,Charleston,South Carolina,4-year,Private for-profit,Associates--Private For-profit 4-year Primarily Associates,643,87.9,684,57,NULL,NULL,5352,81,NULL,NULL,21.2,52,32.7,64,63.2,36,53.3,49,24.6,66,52
450094,The Art Institute of California-Argosy University Sacramento,Sacramento,California,4-year,Private for-profit,Schools of art- music- and design,1185,52.8,1157,75,NULL,NULL,6220,91,NULL,NULL,37.5,82,50,86,71.4,59,44.6,31,16.3,45,16
450128,"Blue Cliff College (Alexandria, La.)",Alexandria,Louisiana,2-year,Private for-profit,Associates--Private For-profit,231,73.2,591,59,NULL,NULL,7324,96,NULL,NULL,69.4,87,69.4,71,98.6,99,85.2,92,57.1,71,255
450155,Anthem College - Milwaukee,Brookfield,Wisconsin,2-year,Private for-profit,Associates--Private For-profit,286,100,408,41,NULL,NULL,3953,31,NULL,NULL,63.1,79,79.8,90,70.7,53,81.3,85,60,74,84
450191,Virginia College at Biloxi,Biloxi,Mississippi,2-year,Private for-profit,Associates--Private For-profit,470,68.5,325,32,NULL,NULL,4250,47,NULL,NULL,9.6,11,9.6,1,86.4,84,63.3,37,35.5,43,52
450207,ITT Technical Institute-St Petersburg,St. Petersburg,Florida,4-year,Private for-profit,Associates--Private For-profit 4-year Primarily Associates,230,70.9,210,8,NULL,NULL,4156,38,NULL,NULL,NULL,NULL,NULL,NULL,75.6,75,NULL,NULL,24.1,65,NULL
450216,ITT Technical Institute-Baton Rouge,Baton Rouge,Louisiana,4-year,Private for-profit,Associates--Private For-profit 4-year Primarily Associates,656,84,596,51,NULL,NULL,4203,43,NULL,NULL,0,0,0,0,70.3,55,NULL,NULL,8.1,14,11
450225,ITT Technical Institute-Columbia,Columbia,South Carolina,4-year,Private for-profit,Associates--Private For-profit 4-year Primarily Associates,357,77.9,377,25,NULL,NULL,3672,14,NULL,NULL,0,0,0,0,67.5,45,NULL,NULL,6.9,10,10
450234,ITT Technical Institute-Wichita,Wichita,Kansas,4-year,Private for-profit,Associates--Private For-profit 4-year Primarily Associates,303,68,355,22,NULL,NULL,3520,9,NULL,NULL,NULL,NULL,NULL,NULL,80.3,87,NULL,NULL,23.5,62,NULL
450243,ITT Technical Institute-Atlanta,Atlanta,Georgia,4-year,Private for-profit,Associates--Private For-profit 4-year Primarily Associates,483,71.4,491,38,NULL,NULL,4137,37,NULL,NULL,0,0,0,0,73.8,68,100,91,4.7,5,11
450252,ITT Technical Institute-Mobile,Mobile,Alabama,4-year,Private for-profit,Associates--Private For-profit 4-year Primarily Associates,690,74.2,618,54,NULL,NULL,4592,60,NULL,NULL,NULL,NULL,NULL,NULL,75.5,74,NULL,NULL,18.5,50,NULL
450261,ITT Technical Institute-Chattanooga,Chattanooga,Tennessee,4-year,Private for-profit,Associates--Private For-profit 4-year Primarily Associates,206,76.7,196,7,NULL,NULL,4333,49,NULL,NULL,NULL,NULL,NULL,NULL,76.1,76,NULL,NULL,6.7,9,NULL
450270,ITT Technical Institute-South Bend,South Bend,Indiana,4-year,Private for-profit,Associates--Private For-profit 4-year Primarily Associates,330,69.7,381,26,NULL,NULL,4073,36,NULL,NULL,NULL,NULL,NULL,NULL,76.5,77,NULL,NULL,25.7,68,NULL
450289,Virginia College-School of Business and Health-Chattanooga,Chattanooga,Tennessee,2-year,Private for-profit,Associates--Private For-profit 4-year Primarily Associates,410,63.9,298,28,NULL,NULL,3855,26,NULL,NULL,NULL,NULL,NULL,NULL,91.4,94,40.4,7,46,58,NULL
450298,Strayer University-Delaware,Newark,Delaware,4-year,Private for-profit,Not applicable- not in Carnegie universe,255,5.5,213,9,NULL,NULL,4331,48,NULL,NULL,NULL,NULL,NULL,NULL,61.1,31,NULL,NULL,11.1,28,NULL
450377,Strayer University-Alabama,Birmingham,Alabama,4-year,Private for-profit,Not applicable- not in Carnegie universe,390,8.2,381,26,NULL,NULL,5333,80,NULL,NULL,NULL,NULL,NULL,NULL,73.6,67,100,91,10.8,26,NULL
450401,Clary Sage College,Tulsa,Oklahoma,2-year,Private for-profit,Associates--Private For-profit,312,100,350,34,NULL,NULL,3832,25,NULL,NULL,64.7,83,68,69,70.5,52,74.8,69,82.2,90,272
450429,Broadview University-Layton,Layton,Utah,4-year,Private for-profit,Associates--Private For-profit 4-year Primarily Associates,163,63.8,182,5,NULL,NULL,4831,67,NULL,NULL,NULL,NULL,NULL,NULL,65.9,41,NULL,NULL,25,66,NULL
450447,International Academy of Design and Technology-Sacramento,Sacramento,California,4-year,Private for-profit,Associates--Private For-profit 4-year Primarily Associates,194,70.1,336,20,NULL,NULL,5340,80,NULL,NULL,15.2,38,18.2,29,76.5,77,62.5,62,24.2,65,33
450465,International Academy of Design and Technology-San Antonio,San Antonio,Texas,4-year,Private for-profit,Associates--Private For-profit,356,78.4,536,43,NULL,NULL,5132,75,NULL,NULL,NULL,NULL,NULL,NULL,80.7,88,25,2,14.3,38,NULL
450526,Argosy University-Inland Empire,Ontario,California,4-year,Private for-profit,Baccalaureate Colleges--Arts & Sciences,388,22.9,293,15,NULL,NULL,4706,63,NULL,NULL,NULL,NULL,NULL,NULL,72.7,64,83.3,86,0,0,NULL
450535,Argosy University-Nashville,Nashville,Tennessee,4-year,Private for-profit,Other health professions schools,207,30.4,154,4,NULL,NULL,4586,59,NULL,NULL,NULL,NULL,NULL,NULL,84.8,95,28.6,5,8.7,16,NULL
450571,Rasmussen College-Wisconsin,Green Bay,Wisconsin,4-year,Private for-profit,Associates--Private For-profit,1506,55.4,1305,79,NULL,NULL,3702,15,NULL,NULL,NULL,NULL,NULL,NULL,68.6,48,50,38,33.8,79,NULL
450696,Carrington College California at Stockton,Stockton,California,2-year,Private for-profit,Associates--Private For-profit,465,92.5,437,45,NULL,NULL,4011,35,NULL,NULL,8.2,8,65.2,61,76.9,67,78.3,77,40,50,184
450702,Carrington College California at Citrus Heights,Citrus Heights,California,2-year,Private for-profit,Associates--Private For-profit,451,93.1,486,50,NULL,NULL,3674,19,NULL,NULL,16.9,19,64,58,77,67,59.1,26,52.9,66,189
450933,Columbia Southern University,Orange Beach,Alabama,4-year,Private for-profit,Masters Colleges and Universities--larger programs,14853,47.4,10911,98,NULL,NULL,2217,0,NULL,NULL,20.7,51,23.9,45,22.5,1,56.5,54,16.3,45,92
451060,Digital Media Arts College,Boca Raton,Florida,4-year,Private for-profit,Baccalaureate Colleges--Diverse Fields,270,75.2,297,16,NULL,NULL,5810,87,NULL,NULL,37.4,81,40,78,67.9,47,91.3,90,100,98,115
451404,Talmudical Seminary of Bobov,Brooklyn,New York,4-year,Private not-for-profit,Theological seminaries- Bible colleges- and other faith-related institutions,307,100,247,9,NULL,NULL,8933,24,NULL,NULL,0,0,37,16,96,99,65.6,24,100,95,27
451556,Southwest Career College,El Paso,Texas,4-year,Private for-profit,Associates--Private For-profit,1296,100,1974,87,NULL,NULL,11869,100,NULL,NULL,NULL,NULL,NULL,NULL,83.5,93,85.7,88,100,98,NULL
451662,Art Institute of Pittsburgh Online,Pittsburgh,Pennsylvania,4-year,Private for-profit,Schools of art- music- and design,10906,5.1,11040,98,NULL,NULL,2351,1,NULL,NULL,7,12,11.3,11,69.5,52,32,8,16.2,45,115
451671,University of South Florida-Sarasota-Manatee,Sarasota,Florida,4-year,Public,Masters Colleges and Universities--medium programs,1728,48.4,1481,10,1079,69,4589,15,4422,53,NULL,NULL,NULL,NULL,40.7,58,NULL,NULL,48.6,26,NULL
451699,Brown Mackie College-Indianapolis,Indianapolis,Indiana,4-year,Private for-profit,Associates--Private For-profit 4-year Primarily Associates,899,100,1084,73,NULL,NULL,4492,55,NULL,NULL,NULL,NULL,NULL,NULL,81.1,88,14.3,0,16.4,46,NULL
451750,Bryant & Stratton College at Wauwatosa,Wauwatosa,Wisconsin,4-year,Private for-profit,Baccalaureate/Associates Colleges,760,59.1,890,68,NULL,NULL,3931,28,NULL,NULL,NULL,NULL,NULL,NULL,68.9,50,NULL,NULL,41,86,NULL
451769,Minnesota School of Business-Blaine,Blaine,Minnesota,4-year,Private for-profit,Associates--Private For-profit 4-year Primarily Associates,395,65.3,433,32,NULL,NULL,4819,67,NULL,NULL,12.5,28,25,48,59.3,27,75,79,26.8,69,8
451796,The Art Institute of Michigan,Novi,Michigan,4-year,Private for-profit,Schools of art- music- and design,1003,69.5,921,69,NULL,NULL,4246,44,NULL,NULL,NULL,NULL,NULL,NULL,65.8,41,50.4,44,13.1,34,NULL
451820,The Art Institute of Austin,Austin,Texas,4-year,Private for-profit,Schools of art- music- and design,1413,75.8,1587,84,NULL,NULL,4499,56,NULL,NULL,NULL,NULL,NULL,NULL,56.8,23,48.4,37,29,73,NULL
451848,The Art Institute of California-Argosy University-Silicon Valley,Sunnyvale,California,4-year,Private for-profit,Schools of art- music- and design,570,59.3,605,52,NULL,NULL,5183,76,NULL,NULL,NULL,NULL,NULL,NULL,64.7,38,68.2,73,13.4,35,NULL
451875,National American University-Austin,Austin,Texas,4-year,Private for-profit,Associates--Private For-profit 4-year Primarily Associates,254,9.4,225,10,NULL,NULL,2760,2,NULL,NULL,NULL,NULL,NULL,NULL,72.1,62,33.3,8,21.1,56,NULL
451936,ITT Technical Institute-Cary,Cary,North Carolina,4-year,Private for-profit,Associates--Private For-profit 4-year Primarily Associates,282,82.3,293,15,NULL,NULL,3766,17,NULL,NULL,NULL,NULL,NULL,NULL,74.1,70,NULL,NULL,4.9,5,NULL
451945,ITT Technical Institute-Madison,Madison,Alabama,4-year,Private for-profit,Associates--Private For-profit 4-year Primarily Associates,372,71.8,398,29,NULL,NULL,4250,45,NULL,NULL,NULL,NULL,NULL,NULL,74.2,71,NULL,NULL,17.5,47,NULL
451954,ITT Technical Institute-Clive,Clive,Iowa,4-year,Private for-profit,Associates--Private For-profit 4-year Primarily Associates,208,74,199,8,NULL,NULL,3596,12,NULL,NULL,NULL,NULL,NULL,NULL,72.9,65,NULL,NULL,6.7,9,NULL
451963,ITT Technical Institute-Columbus,Columbus,Ohio,4-year,Private for-profit,Associates--Private For-profit 4-year Primarily Associates,345,82,359,23,NULL,NULL,3908,27,NULL,NULL,NULL,NULL,NULL,NULL,69,51,NULL,NULL,8.6,16,NULL
451972,ITT Technical Institute-Phoenix,Phoenix,Arizona,4-year,Private for-profit,Associates--Private For-profit 4-year Primarily Associates,247,69.2,301,17,NULL,NULL,4167,39,NULL,NULL,NULL,NULL,NULL,NULL,71,57,NULL,NULL,23.1,61,NULL
451981,ITT Technical Institute-Madison,Madison,Wisconsin,4-year,Private for-profit,Associates--Private For-profit 4-year Primarily Associates,178,73,194,6,NULL,NULL,3817,21,NULL,NULL,NULL,NULL,NULL,NULL,72.9,65,NULL,NULL,2.2,1,NULL
451990,ITT Technical Institute-High Point,High Point,North Carolina,4-year,Private for-profit,Associates--Private For-profit 4-year Primarily Associates,451,70.5,430,32,NULL,NULL,3804,20,NULL,NULL,NULL,NULL,NULL,NULL,77.6,80,NULL,NULL,19,51,NULL
452018,The Art Institutes International‰€“Kansas City,Lenexa,Kansas,4-year,Private for-profit,Schools of art- music- and design,495,73.7,531,43,NULL,NULL,4274,46,NULL,NULL,NULL,NULL,NULL,NULL,58.2,25,45,32,12.2,31,NULL
452027,The Art Institute of Raleigh-Durham,Durham,North Carolina,4-year,Private for-profit,Schools of art- music- and design,781,65.7,794,63,NULL,NULL,5460,83,NULL,NULL,NULL,NULL,NULL,NULL,67.8,46,40.4,22,30,75,NULL
452063,Le Cordon Bleu College of Culinary Arts - Dallas,Dallas,Texas,2-year,Private for-profit,Associates--Private For-profit,892,100,1467,92,NULL,NULL,4659,62,NULL,NULL,20,21,50.4,29,58.2,28,68,50,62.5,77,544
452115,Virginia College-Montgomery,Montgomery,Alabama,2-year,Private for-profit,Not applicable- not in Carnegie universe,656,69.8,430,43,NULL,NULL,3454,13,NULL,NULL,6.7,6,7.9,0,90.5,93,62.1,33,46.6,59,89
452373,Beckfield College-Tri-County,Springdale,Ohio,2-year,Private for-profit,Associates--Private For-profit,554,52.3,454,48,NULL,NULL,1236,0,NULL,NULL,11.1,12,24.1,5,85.2,82,31,3,8.1,3,54
453109,Pinnacle Career Institute-North Kansas City,Kansas City,Missouri,2-year,Private for-profit,Associates--Private For-profit,161,100,222,17,NULL,NULL,4565,59,NULL,NULL,78.5,94,78.5,87,65.4,40,84.9,92,46.7,60,172
453127,Strayer University-Kentucky,Lexington,Kentucky,4-year,Private for-profit,Not applicable- not in Carnegie universe,424,8.5,486,37,NULL,NULL,4988,72,NULL,NULL,NULL,NULL,NULL,NULL,71.5,60,0,0,13.9,36,NULL
453163,Strayer University-North Carolina,Morrisville,North Carolina,4-year,Private for-profit,Not applicable- not in Carnegie universe,2116,6.2,2049,88,NULL,NULL,4802,66,NULL,NULL,0,0,33.3,65,71.2,58,50,38,13.3,35,6
453215,Strayer University-New Jersey,Cherry Hill,New Jersey,4-year,Private for-profit,Not applicable- not in Carnegie universe,580,10,518,42,NULL,NULL,4952,71,NULL,NULL,NULL,NULL,NULL,NULL,52.9,17,33.3,8,21.8,58,NULL
453455,National College-Dayton,Kettering,Ohio,2-year,Private for-profit,Associates--Private For-profit,167,62.9,190,14,NULL,NULL,4651,61,NULL,NULL,33.3,41,33.3,12,83.9,80,60,27,25,26,3
453464,National College-Youngstown,Youngstown,Ohio,2-year,Private for-profit,Associates--Private For-profit,130,75.4,238,19,NULL,NULL,5178,77,NULL,NULL,46.2,59,61.5,51,94.6,97,23.1,1,26.1,28,13
453473,National College-Cincinnati,Cincinnati,Ohio,2-year,Private for-profit,Associates--Private For-profit,137,56.2,155,7,NULL,NULL,5168,76,NULL,NULL,0,0,25,5,89.6,91,20,1,36,44,4
453482,National College,Stow,Ohio,2-year,Private for-profit,Associates--Private For-profit,82,68.3,144,6,NULL,NULL,4829,68,NULL,NULL,55.6,70,55.6,37,74.6,62,66.7,46,20.6,17,9
453747,Ohio Business College-Hilliard,Columbu,Ohio,2-year,Private for-profit,Associates--Private For-profit,165,76.4,181,12,NULL,NULL,3747,21,NULL,NULL,51.2,66,58.5,43,78.7,70,60,27,36.8,46,41
454184,King's College (N.Y.),New York,New York,4-year,Private not-for-profit,Baccalaureate Colleges--Arts & Sciences,516,95.5,522,20,1160,78,19698,77,935,3,56.8,72,61.4,62,31.6,37,59.9,15,54.5,52,44
454227,Chamberlain College of Nursing-Illinois,Addison,Illinois,4-year,Private for-profit,Other health professions schools,10783,21.6,6440,96,NULL,NULL,2388,1,NULL,NULL,NULL,NULL,NULL,NULL,27,2,82.4,85,16.5,46,NULL
454236,Chamberlain College of Nursing-Ohio,Columbus,Ohio,4-year,Private for-profit,Other health professions schools,667,51.9,528,42,NULL,NULL,3321,7,NULL,NULL,NULL,NULL,NULL,NULL,49.8,13,100,91,15,41,NULL
454245,Chamberlain College of Nursing-Arizona,Phoenix,Arizona,4-year,Private for-profit,Other health professions schools,515,59.6,470,36,NULL,NULL,3081,5,NULL,NULL,NULL,NULL,NULL,NULL,50.8,15,83.3,86,24,64,NULL
454458,Bryan College at Rogers,Rogers,Arkansas,2-year,Private for-profit,Associates--Private For-profit,84,100,177,12,NULL,NULL,4614,60,NULL,NULL,4.6,2,46,23,90.5,93,33.3,4,14.3,10,87
454591,Broadview University-Orem,Orem,Utah,4-year,Private for-profit,Associates--Private For-profit 4-year Primarily Associates,124,66.1,132,3,NULL,NULL,4498,56,NULL,NULL,NULL,NULL,NULL,NULL,76.6,78,50,38,55,92,NULL
454616,Institute of Production and Recording,Minneapolis,Minnesota,2-year,Private for-profit,Associates--Private For-profit,242,63.2,285,28,NULL,NULL,5074,74,NULL,NULL,47.5,61,53.5,34,45.3,14,62.5,33,37.5,47,99
454625,Virginia College-Greenville,Greenville,South Carolina,2-year,Private for-profit,Associates--Private For-profit 4-year Primarily Associates,460,66.7,305,29,NULL,NULL,4102,38,NULL,NULL,8.6,8,8.6,1,89.4,90,63.4,37,52.8,66,58
454740,International Professional School of Bodywork,San Diego,California,2-year,Private for-profit,Associates--Private For-profit,215,21.4,174,11,NULL,NULL,3086,6,NULL,NULL,20,21,20,3,50.6,20,NULL,NULL,0,0,5
454856,Denver School of Nursing,Denver,Colorado,4-year,Private for-profit,Other health professions schools,696,100,778,63,NULL,NULL,3882,25,NULL,NULL,NULL,NULL,NULL,NULL,29.8,2,NULL,NULL,21.3,57,NULL
454883,Allied Health Institute,Plantation,Florida,4-year,Private for-profit,Not applicable- not in Carnegie universe,632,100,1019,72,NULL,NULL,1744,0,NULL,NULL,NULL,NULL,NULL,NULL,55.7,22,NULL,NULL,5.7,7,NULL
455114,College of Western Idaho,Nampa,Idaho,2-year,Public,Associates--Public Rural-serving Medium,9191,42.8,6300,76,NULL,NULL,2938,15,163,15,4.2,17,10.4,11,57.3,84,49.6,17,23.3,20,1021
455257,Yeshiva of Machzikai Hadas,Brooklyn,New York,4-year,Private not-for-profit,Theological seminaries- Bible colleges- and other faith-related institutions,347,100,312,12,NULL,NULL,10974,34,NULL,NULL,0,0,51.7,43,78.7,95,84.5,76,47.4,43,29
455390,Global Health Nurse Training Services,Alexandria,Virginia,2-year,Private for-profit,Associates--Private For-profit,265,35.1,351,34,NULL,NULL,5901,87,NULL,NULL,26.5,31,26.5,7,29.3,3,64.5,41,37.5,47,34
455479,Fortis Institute,Pensacola,Florida,2-year,Private for-profit,Not applicable- not in Carnegie universe,817,100,1167,85,NULL,NULL,4161,41,NULL,NULL,8.8,10,52.1,32,59.8,30,57,23,30.9,35,624
455488,Fortis College,Montgomery,Alabama,2-year,Private for-profit,Associates--Private For-profit,363,79.9,728,69,NULL,NULL,3931,31,NULL,NULL,5.9,4,40.2,18,67.6,45,57.1,23,28,32,528
455512,Woodland Community College,Woodland,California,2-year,Public,Associates--Public Rural-serving Medium,2641,31.4,1523,22,NULL,NULL,2993,17,NULL,NULL,0.6,0,13.5,23,31.6,24,70.8,92,25.2,26,171
455585,Minnesota School of Business-Moorhead,Moorhead,Minnesota,4-year,Private for-profit,Schools of business and management,182,69.8,195,7,NULL,NULL,4492,55,NULL,NULL,NULL,NULL,NULL,NULL,52.8,17,100,91,25.8,68,NULL
455600,Brown Mackie College-Boise,Boise,Idaho,4-year,Private for-profit,Associates--Private For-profit 4-year Primarily Associates,393,100,417,30,NULL,NULL,3570,11,NULL,NULL,NULL,NULL,NULL,NULL,81.3,89,NULL,NULL,10,22,NULL
455619,Brown Mackie College-Tulsa,Tulsa,Oklahoma,4-year,Private for-profit,Associates--Private For-profit 4-year Primarily Associates,604,100,575,48,NULL,NULL,4201,42,NULL,NULL,NULL,NULL,NULL,NULL,82.1,90,NULL,NULL,14.8,40,NULL
455646,Daymar College-Scottsville,Scottsville,Kentucky,2-year,Private for-profit,Associates--Private For-profit,48,75,75,1,NULL,NULL,7149,95,NULL,NULL,36.4,46,36.4,14,92.9,95,66.7,46,5.6,1,22
455655,Miller-Motte College-Greenville,Greenville,North Carolina,2-year,Private for-profit,Associates--Private For-profit,446,60.3,452,48,NULL,NULL,4467,56,NULL,NULL,5.7,3,35.8,13,93,95,53,15,24.1,24,53
455673,Metro Business College,Arnold,Missouri,2-year,Private for-profit,Not applicable- not in Carnegie universe,50,84,83,2,NULL,NULL,5388,81,NULL,NULL,62.5,78,87.5,95,87.7,87,70,56,55.6,70,24
455716,Virginia College-Jacksonville,Jacksonville,Florida,2-year,Private for-profit,Not applicable- not in Carnegie universe,629,74.2,444,46,NULL,NULL,4464,56,NULL,NULL,72,88,73.8,80,80.3,75,52.2,15,40.3,52,107
455983,Columbia College,Fairfax,Virginia,2-year,Private for-profit,Associates--Private For-profit,310,85.8,243,20,NULL,NULL,3769,22,NULL,NULL,33.7,43,61.4,51,43.1,12,78.4,77,7,2,264
456010,The Art Institute of Washington-Dulles,Sterling,Virginia,4-year,Private for-profit,Schools of art- music- and design,244,75.8,231,10,NULL,NULL,4892,69,NULL,NULL,NULL,NULL,NULL,NULL,50,14,63.6,65,22.2,60,NULL
456056,Virginia College-Charleston,North Charleston,South Carolina,4-year,Private for-profit,Associates--Private For-profit 4-year Primarily Associates,425,74.4,326,18,NULL,NULL,4215,43,NULL,NULL,NULL,NULL,NULL,NULL,89.1,99,45.3,33,27.5,70,NULL
456205,Miller-Motte College-Raleigh,Raleigh,North Carolina,2-year,Private for-profit,Associates--Private For-profit,459,62.1,576,58,NULL,NULL,4774,65,NULL,NULL,5.9,4,37.3,14,87.8,88,47.7,11,29.5,34,51
456296,International Academy of Design and Technology-Online,Tampa,Florida,4-year,Private for-profit,Associates--Private For-profit 4-year Primarily Associates,1251,88.9,1545,83,NULL,NULL,5332,80,NULL,NULL,0,0,0,0,75.9,75,42.3,25,5.3,5,2
456393,ITT Technical Institute-Madison,Madison,Mississippi,2-year,Private for-profit,Associates--Private For-profit 4-year Primarily Associates,231,80.1,170,10,NULL,NULL,3855,26,NULL,NULL,NULL,NULL,NULL,NULL,73.3,59,29.4,3,7.1,3,NULL
456409,ITT Technical Institute-Springfield,Springfield,Missouri,4-year,Private for-profit,Associates--Private For-profit 4-year Primarily Associates,206,76.7,212,8,NULL,NULL,3959,29,NULL,NULL,NULL,NULL,NULL,NULL,82.2,91,NULL,NULL,3.2,2,NULL
456418,ITT Technical Institute-Huntington,Huntington,West Virginia,2-year,Private for-profit,Associates--Private For-profit 4-year Primarily Associates,263,76.8,313,31,NULL,NULL,3593,17,NULL,NULL,0,0,25,5,79,72,45.3,10,15.9,12,56
456427,ITT Technical Institute-Concord,Concord,California,4-year,Private for-profit,Associates--Private For-profit 4-year Primarily Associates,258,80.6,326,18,NULL,NULL,4434,53,NULL,NULL,NULL,NULL,NULL,NULL,70.4,56,NULL,NULL,9.5,20,NULL
456445,ITT Technical Institute-Charlotte North,Charlotte,North Carolina,4-year,Private for-profit,Associates--Private For-profit 4-year Primarily Associates,416,77.2,385,27,NULL,NULL,3663,14,NULL,NULL,NULL,NULL,NULL,NULL,79.9,86,NULL,NULL,6.4,9,NULL
456490,Universidad Politecnica de Puerto Rico-Orlando Campus,Orlando,Florida,4-year,Private not-for-profit,Baccalaureate Colleges--Diverse Fields,82,20.7,90,1,NULL,NULL,10578,32,NULL,NULL,NULL,NULL,NULL,NULL,58.9,86,0,0,6.9,1,NULL
456612,Brown Mackie College-Phoenix,Phoenix,Arizona,4-year,Private for-profit,Associates--Private For-profit 4-year Primarily Associates,637,100,554,46,NULL,NULL,4013,32,NULL,NULL,NULL,NULL,NULL,NULL,78.2,82,NULL,NULL,12.9,34,NULL
456667,Strayer University-Ohio,Mason,Ohio,4-year,Private for-profit,Not applicable- not in Carnegie universe,727,5.4,814,64,NULL,NULL,4270,46,NULL,NULL,NULL,NULL,NULL,NULL,74.4,71,0,0,27.9,71,NULL
456782,Minnesota School of Business-Elk River,Elk River,Minnesota,4-year,Private for-profit,Associates--Private For-profit 4-year Primarily Associates,291,67.4,307,17,NULL,NULL,5525,84,NULL,NULL,NULL,NULL,NULL,NULL,64.3,37,40,20,19.2,52,NULL
456791,Brown Mackie College-Greenville,Greenville,South Carolina,4-year,Private for-profit,Associates--Private For-profit,845,100,838,65,NULL,NULL,3898,26,NULL,NULL,NULL,NULL,NULL,NULL,87.1,98,100,91,29.4,74,NULL
456807,Globe University-Sioux Falls,Sioux Falls,South Dakota,4-year,Private for-profit,Associates--Private For-profit 4-year Primarily Associates,171,81.3,193,6,NULL,NULL,5574,84,NULL,NULL,NULL,NULL,NULL,NULL,61.7,32,50,38,20,53,NULL
456816,Globe University-Eau Claire,Eau Claire,Wisconsin,4-year,Private for-profit,Associates--Private For-profit 4-year Primarily Associates,221,72.9,289,15,NULL,NULL,4571,58,NULL,NULL,NULL,NULL,NULL,NULL,71.2,58,100,91,33.3,78,NULL
456834,Globe University-Minneapolis,Minneapolis,Minnesota,4-year,Private for-profit,Associates--Private For-profit 4-year Primarily Associates,126,81,140,3,NULL,NULL,5215,78,NULL,NULL,NULL,NULL,NULL,NULL,66.3,42,100,91,10.5,25,NULL
457022,Herzing University-Toledo,Toledo,Ohio,4-year,Private for-profit,Associates--Private For-profit,205,66.8,288,14,NULL,NULL,4543,58,NULL,NULL,NULL,NULL,NULL,NULL,84.8,95,0,0,40,85,NULL
457101,Carrington College‰€“Las Vegas,Las Vegas,Nevada,2-year,Private for-profit,Not applicable- not in Carnegie universe,255,87.8,237,19,NULL,NULL,3814,25,NULL,NULL,0,0,50,28,66.1,43,66.7,46,52.9,66,22
457484,New Hope Christian College-Honolulu,Honolulu,Hawaii,4-year,Private not-for-profit,Not applicable- not in Carnegie universe,129,62.8,107,2,NULL,NULL,2332,1,580,2,3.6,1,17.9,4,44.7,66,85,77,5,1,28
457688,American College of Technology,St Joseph,Missouri,4-year,Private for-profit,Not applicable- not in Carnegie universe,1822,100,1042,72,NULL,NULL,5502,83,NULL,NULL,NULL,NULL,NULL,NULL,16.9,1,NULL,NULL,100,98,NULL
458210,West Coast University-Orange County,Anaheim,California,4-year,Private for-profit,Not applicable- not in Carnegie universe,1528,92.8,2464,91,NULL,NULL,5179,76,NULL,NULL,NULL,NULL,NULL,NULL,40.2,6,90.9,89,28.1,72,NULL
458229,West Coast University-Ontario,Ontario,California,4-year,Private for-profit,Not applicable- not in Carnegie universe,1103,94.4,1887,87,NULL,NULL,5036,73,NULL,NULL,NULL,NULL,NULL,NULL,48.3,12,75,79,27.5,70,NULL
458256,Virginia College-Augusta,Augusta,Georgia,4-year,Private for-profit,Not applicable- not in Carnegie universe,902,63.9,598,51,NULL,NULL,4284,46,NULL,NULL,NULL,NULL,NULL,NULL,91,99,71.7,76,38.1,84,NULL
458432,Harrison College-Grove City,Grove City,Ohio,4-year,Private for-profit,Not applicable- not in Carnegie universe,244,68.9,197,7,NULL,NULL,5629,85,NULL,NULL,NULL,NULL,NULL,NULL,84.6,95,NULL,NULL,15.8,44,NULL
458502,Bryant & Stratton College-Bayshore,Glendale,Wisconsin,4-year,Private for-profit,Not applicable- not in Carnegie universe,589,56.7,611,53,NULL,NULL,3710,15,NULL,NULL,NULL,NULL,NULL,NULL,84.3,94,NULL,NULL,9.3,19,NULL
458557,Daymar College-Online,Louisville,Kentucky,4-year,Private for-profit,Not applicable- not in Carnegie universe,368,73.6,372,25,NULL,NULL,4032,33,NULL,NULL,NULL,NULL,NULL,NULL,73.1,66,NULL,NULL,9.7,20,NULL
458733,Globe University-Madison East,Madison,Wisconsin,4-year,Private for-profit,Not applicable- not in Carnegie universe,266,74.1,274,13,NULL,NULL,4756,66,NULL,NULL,NULL,NULL,NULL,NULL,68.9,50,50,38,21.9,59,NULL
458742,Minnesota School of Business-Lakeville,Lakeville,Minnesota,4-year,Private for-profit,Not applicable- not in Carnegie universe,203,72.9,220,9,NULL,NULL,5468,83,NULL,NULL,NULL,NULL,NULL,NULL,55.2,20,63.6,65,29.2,74,NULL
458760,Globe University‰€“Madison West,Middleton,Wisconsin,4-year,Private for-profit,Not applicable- not in Carnegie universe,216,75,259,12,NULL,NULL,4658,62,NULL,NULL,NULL,NULL,NULL,NULL,64,37,0,0,22.9,61,NULL
458779,Globe University‰€“Wausau,Rothschild,Wisconsin,4-year,Private for-profit,Not applicable- not in Carnegie universe,194,70.6,245,11,NULL,NULL,5018,73,NULL,NULL,NULL,NULL,NULL,NULL,73.6,67,NULL,NULL,32.1,77,NULL
458919,Strayer University-Georgia,Atlanta,Georgia,4-year,Private for-profit,Not applicable- not in Carnegie universe,3262,12,3323,93,NULL,NULL,5696,86,NULL,NULL,0,0,0,0,77.4,79,42.9,27,14.6,40,8
458964,Strayer University-South Carolina,Greenville,South Carolina,4-year,Private for-profit,Not applicable- not in Carnegie universe,1221,13,1162,76,NULL,NULL,5993,89,NULL,NULL,0,0,0,0,70.6,56,16.7,0,12.2,31,2
458973,Strayer University-Texas,Austin,Texas,4-year,Private for-profit,Not applicable- not in Carnegie universe,959,14.4,758,62,NULL,NULL,6077,90,NULL,NULL,NULL,NULL,NULL,NULL,67.3,44,0,0,7.9,13,NULL
458991,Globe University-La Crosse,Onalaska,Wisconsin,4-year,Private for-profit,Not applicable- not in Carnegie universe,245,79.2,329,19,NULL,NULL,5342,81,NULL,NULL,NULL,NULL,NULL,NULL,68.9,50,66.7,68,11.4,28,NULL
459204,Unitek College,Fremont,California,4-year,Private for-profit,Not applicable- not in Carnegie universe,904,100,1119,75,NULL,NULL,4990,72,NULL,NULL,NULL,NULL,NULL,NULL,49.9,14,NULL,NULL,72.9,96,NULL
459356,SOLEX College,Wheeling,Illinois,2-year,Private for-profit,Not applicable- not in Carnegie universe,84,70.2,86,2,NULL,NULL,4754,65,NULL,NULL,71.9,88,71.9,76,10.2,0,84.6,91,2.2,0,89
459675,ITT Technical Institute-Aurora,Aurora,Colorado,4-year,Private for-profit,Not applicable- not in Carnegie universe,247,80.2,278,14,NULL,NULL,3914,27,NULL,NULL,NULL,NULL,NULL,NULL,62.8,34,NULL,NULL,8.7,16,NULL
459693,ITT Technical Institute-Culver City,Culver City,California,4-year,Private for-profit,Not applicable- not in Carnegie universe,319,76.8,352,22,NULL,NULL,5223,78,NULL,NULL,NULL,NULL,NULL,NULL,89,98,0,0,12.5,33,NULL
459709,ITT Technical Institute-Dearborn,Dearborn,Michigan,4-year,Private for-profit,Not applicable- not in Carnegie universe,438,70.5,423,31,NULL,NULL,4871,68,NULL,NULL,NULL,NULL,NULL,NULL,83,92,NULL,NULL,11.1,28,NULL
459718,ITT Technical Institute-Las Vegas,North Las Vegas,Nevada,4-year,Private for-profit,Not applicable- not in Carnegie universe,569,77,578,49,NULL,NULL,3815,21,NULL,NULL,NULL,NULL,NULL,NULL,71,57,NULL,NULL,10.3,24,NULL
459727,Touro University Worldwide,Los Alamitos,California,4-year,Private not-for-profit,Not applicable- not in Carnegie universe,161,64,74,1,NULL,NULL,4444,6,NULL,NULL,NULL,NULL,NULL,NULL,37.4,51,66.7,26,18.5,7,NULL
459815,Anamarc College,Santa Teresa,New Mexico,4-year,Private for-profit,Not applicable- not in Carnegie universe,96,100,86,1,NULL,NULL,2676,2,NULL,NULL,NULL,NULL,NULL,NULL,84.3,94,58.5,56,100,98,NULL
459842,Herzing University-Kenosha,Kenosha,Wisconsin,4-year,Private for-profit,Not applicable- not in Carnegie universe,428,54,436,33,NULL,NULL,4587,59,NULL,NULL,NULL,NULL,NULL,NULL,67.9,47,65.2,67,68.2,95,NULL
459994,Strayer University-Global Region,Washington,District of Columbia,4-year,Private for-profit,Not applicable- not in Carnegie universe,1506,5.6,1816,86,NULL,NULL,4480,55,NULL,NULL,0,0,0,0,62,33,0,0,4.1,3,7
460394,Moreno Valley College,Moreno Valley,California,2-year,Public,Not applicable- not in Carnegie universe,8420,23.5,4650,63,NULL,NULL,2075,3,277,27,9.1,48,18,41,24.3,11,65.2,81,24.8,25,361
460464,Norco College,Norco,California,2-year,Public,Not applicable- not in Carnegie universe,9648,23.5,4916,66,NULL,NULL,1775,1,265,26,8.5,46,24.5,65,19.6,5,71,92,26.8,31,588
460747,Tribeca Flashpoint Media Arts Academy,Chicago,Illinois,2-year,Private for-profit,Not applicable- not in Carnegie universe,386,100,634,63,NULL,NULL,3257,8,NULL,NULL,69.7,87,69.7,72,12.8,0,83.3,88,95,94,234
461032,Carolina College of Biblical Studies,Fayetteville,North Carolina,4-year,Private not-for-profit,Not applicable- not in Carnegie universe,113,39.8,67,0,NULL,NULL,5170,10,6054,21,NULL,NULL,NULL,NULL,49.5,75,75,49,0,0,NULL
461236,Georgia Christian University,Atlanta,Georgia,4-year,Private not-for-profit,Not applicable- not in Carnegie universe,156,99.4,144,4,NULL,NULL,1191,0,NULL,NULL,NULL,NULL,NULL,NULL,2.9,0,50,6,29.8,19,NULL
461315,Keweenaw Bay Ojibwa Community College,Baraga,Michigan,2-year,Public,Tribal Colleges,106,60.4,66,0,NULL,NULL,4710,74,NULL,NULL,0,0,0,0,74.4,98,33.3,1,28.6,37,4
461528,Grace College of Divinity,Fayetteville,North Carolina,4-year,Private not-for-profit,Not applicable- not in Carnegie universe,110,34.5,68,1,NULL,NULL,4860,8,NULL,NULL,0,0,0,0,26.3,26,33.3,1,10.7,3,12
462354,John Paul the Great Catholic University,Escondido,California,4-year,Private not-for-profit,Not applicable- not in Carnegie universe,140,92.1,143,4,1069,54,9395,26,165,1,51.5,64,51.5,43,28.3,30,74.4,47,44.4,39,33
466921,Chamberlain College of Nursing-Missouri,St. Louis,Missouri,4-year,Private for-profit,Not applicable- not in Carnegie universe,488,57,508,40,NULL,NULL,3291,6,NULL,NULL,37.5,82,37.5,76,53.1,17,77.8,81,29.6,74,8
474881,Minneapolis Media Institute,Edina,Minnesota,2-year,Private for-profit,Not applicable- not in Carnegie universe,147,70.1,189,13,NULL,NULL,3434,12,NULL,NULL,42.1,54,55.9,39,40.8,10,78.9,79,42.3,55,145
475291,Brown College-Brooklyn Center,Brooklyn Center,Minnesota,4-year,Private for-profit,Not applicable- not in Carnegie universe,144,25.7,189,6,NULL,NULL,5379,82,NULL,NULL,34.8,78,47.8,85,86.5,97,NULL,NULL,6.9,10,23
